1-ы Асенні завулак;1;1-й Осенний переулок;53.908472;27.563827
1-ы Асенні завулак;2;1-й Осенний переулок;53.908472;27.563827
1-ы Асенні завулак;11;1-й Осенний переулок;53.908472;27.563827
1-ы Асенні завулак;12;1-й Осенний переулок;53.908472;27.563827
1-ы Аэрафлоцкі завулак;5;1-й Аэрофлотский переулок;53.902500;27.578900
1-ы Аэрафлоцкі завулак;3;1-й Аэрофлотский переулок;53.902500;27.578900
1-ы Аэрафлоцкі завулак;9;1-й Аэрофлотский переулок;53.902500;27.578900
1-ы Аэрафлоцкі завулак;7;1-й Аэрофлотский переулок;53.902500;27.578900
1-ы Аэрафлоцкі завулак;17;1-й Аэрофлотский переулок;53.902500;27.578900
1-ы Аэрафлоцкі завулак;6;1-й Аэрофлотский переулок;53.902500;27.578900
1-ы Аэрафлоцкі завулак;19;1-й Аэрофлотский переулок;53.902500;27.578900
1-ы Аэрафлоцкі завулак;15;1-й Аэрофлотский переулок;53.902500;27.578900
1-ы Аэрафлоцкі завулак;4 к1;1-й Аэрофлотский переулок;53.902500;27.578900
1-ы Аэрафлоцкі завулак;4;1-й Аэрофлотский переулок;53.902500;27.578900
1-ы Аэрафлоцкі завулак;14;1-й Аэрофлотский переулок;53.902500;27.578900
1-ы Аэрафлоцкі завулак;27;1-й Аэрофлотский переулок;53.902500;27.578900
1-ы Аэрафлоцкі завулак;12;1-й Аэрофлотский переулок;53.902500;27.578900
1-ы Аэрафлоцкі завулак;10;1-й Аэрофлотский переулок;53.902500;27.578900
1-ы Аэрафлоцкі завулак;25;1-й Аэрофлотский переулок;53.902500;27.578900
1-ы Аэрафлоцкі завулак;8;1-й Аэрофлотский переулок;53.902500;27.578900
1-ы Брагінскі завулак;43;1-й Брагинский переулок;53.895000;27.555000
1-ы Брэсцкі завулак;1;1-й Брестский переулок;53.896500;27.548000
1-ы Брэсцкі завулак;12;1-й Брестский переулок;53.896500;27.548000
1-ы Брэсцкі завулак;16;1-й Брестский переулок;53.896500;27.548000
1-ы Брэсцкі завулак;13;1-й Брестский переулок;53.896500;27.548000
1-ы Брэсцкі завулак;18;1-й Брестский переулок;53.896500;27.548000
1-ы Брэсцкі завулак;15;1-й Брестский переулок;53.896500;27.548000
1-ы Брэсцкі завулак;5А;1-й Брестский переулок;53.896500;27.548000
1-ы Брэсцкі завулак;26;1-й Брестский переулок;53.896500;27.548000
1-ы Брэсцкі завулак;9;1-й Брестский переулок;53.896500;27.548000
1-ы Брэсцкі завулак;7;1-й Брестский переулок;53.896500;27.548000
1-ы Брэсцкі завулак;10;1-й Брестский переулок;53.896500;27.548000
1-ы Брэсцкі завулак;3;1-й Брестский переулок;53.896500;27.548000
1-ы Брэсцкі завулак;5;1-й Брестский переулок;53.896500;27.548000
1-ы Брэсцкі завулак;24;1-й Брестский переулок;53.896500;27.548000
1-ы Брэсцкі завулак;22;1-й Брестский переулок;53.896500;27.548000
1-ы Брэсцкі завулак;8;1-й Брестский переулок;53.896500;27.548000
1-ы Брэсцкі завулак;6;1-й Брестский переулок;53.896500;27.548000
1-ы Брэсцкі завулак;4;1-й Брестский переулок;53.896500;27.548000
1-ы Брэсцкі завулак;20;1-й Брестский переулок;53.896500;27.548000
1-ы Вішнёвы завулак;2;1-й Вишнёвый переулок;53.912000;27.582000
1-ы Вішнёвы завулак;8;2-й Вишнёвый переулок;53.912000;27.582000
1-ы Вішнёвы завулак;3;3-й Вишнёвый переулок;53.912000;27.582000
1-ы Вішнёвы завулак;4;4-й Вишнёвый переулок;53.912000;27.582000
1-ы Вішнёвы завулак;7;5-й Вишнёвый переулок;53.912000;27.582000
1-ы Возніцкі завулак;3;1-й Возницкий переулок;53.895500;27.560000
1-ы Возніцкі завулак;3 к1;1-й Возницкий переулок;53.895500;27.560000
1-ы Возніцкі завулак;3 к2;1-й Возницкий переулок;53.895500;27.560000
1-ы Возніцкі завулак;3 к5;1-й Возницкий переулок;53.895500;27.560000
1-ы Вязынскі завулак;3;1-й Вязынский переулок;53.890000;27.545000
1-ы Вязынскі завулак;6;1-й Вязынский переулок;53.890000;27.545000
1-ы Вязынскі завулак;4;1-й Вязынский переулок;53.890000;27.545000
1-ы Вязынскі завулак;8;1-й Вязынский переулок;53.890000;27.545000
1-ы Дзіцячы завулак;21;1-й Детский переулок;53.920000;27.590000
1-ы Дзіцячы завулак;1;1-й Детский переулок;53.920000;27.590000
1-ы Дзіцячы завулак;22;1-й Детский переулок;53.920000;27.590000
1-ы Дзіцячы завулак;2;1-й Детский переулок;53.920000;27.590000
1-ы Енісейскі завулак;11;1-й Енисейский переулок;53.925000;27.600000
1-ы Енісейскі завулак;12;1-й Енисейский переулок;53.925000;27.600000
1-ы Енісейскі завулак;19;1-й Енисейский переулок;53.925000;27.600000
1-ы Енісейскі завулак;20;1-й Енисейский переулок;53.925000;27.600000
1-ы Енісейскі завулак;1;1-й Енисейский переулок;53.925000;27.600000
1-ы Енісейскі завулак;10;1-й Енисейский переулок;53.925000;27.600000
1-ы Енісейскі завулак;2;1-й Енисейский переулок;53.925000;27.600000
1-ы Енісейскі завулак;9;1-й Енисейский переулок;53.925000;27.600000
1-ы завулак Акрэсціна;36;1-й переулок Окрестина;53.930000;27.610000
1-ы завулак Арцёма;2;1-й переулок Артёма;53.910000;27.575000
1-ы завулак Баграціёна;1;1-й переулок Багратиона;53.900000;27.565000
1-ы завулак Баграціёна;11;1-й переулок Багратиона;53.900000;27.565000
1-ы завулак Баграціёна;4;1-й переулок Багратиона;53.900000;27.565000
1-ы завулак Баграціёна;17;1-й переулок Багратиона;53.900000;27.565000
1-ы завулак Баграціёна;8;1-й переулок Багратиона;53.900000;27.565000
1-ы завулак Баграціёна;10;1-й переулок Багратиона;53.900000;27.565000
1-ы завулак Баграціёна;23;1-й переулок Багратиона;53.900000;27.565000
1-ы завулак Баграціёна;12;1-й переулок Багратиона;53.900000;27.565000
1-ы завулак Баграціёна;21;1-й переулок Багратиона;53.900000;27.565000
1-ы завулак Баграціёна;6;1-й переулок Багратиона;53.900000;27.565000
1-ы завулак Баграціёна;15;1-й переулок Багратиона;53.900000;27.565000
1-ы завулак Баграціёна;13;1-й переулок Багратиона;53.900000;27.565000
1-ы завулак Баграціёна;19;1-й переулок Багратиона;53.900000;27.565000
1-ы завулак Баграціёна;7;1-й переулок Багратиона;53.900000;27.565000
1-ы завулак Баграціёна;5;1-й переулок Багратиона;53.900000;27.565000
1-ы завулак Баграціёна;7А;1-й переулок Багратиона;53.900000;27.565000
1-ы завулак Баграціёна;3;1-й переулок Багратиона;53.900000;27.565000
1-ы завулак Васняцова;15;1-й переулок Васнецова;53.915000;27.585000
1-ы завулак Васняцова;16;1-й переулок Васнецова;53.915000;27.585000
1-ы завулак Васняцова;11;1-й переулок Васнецова;53.915000;27.585000
1-ы завулак Васняцова;9;1-й переулок Васнецова;53.915000;27.585000
1-ы завулак Васняцова;8;1-й переулок Васнецова;53.915000;27.585000
1-ы завулак Васняцова;6;1-й переулок Васнецова;53.915000;27.585000
1-ы завулак Васняцова;13;1-й переулок Васнецова;53.915000;27.585000
1-ы завулак Васняцова;2;1-й переулок Васнецова;53.915000;27.585000
1-ы завулак Васняцова;4;1-й переулок Васнецова;53.915000;27.585000
1-ы завулак Васняцова;3;1-й переулок Васнецова;53.915000;27.585000
1-ы завулак Васняцова;1;1-й переулок Васнецова;53.915000;27.585000
1-ы завулак Васняцова;12;1-й переулок Васнецова;53.915000;27.585000
1-ы завулак Васняцова;14;1-й переулок Васнецова;53.915000;27.585000
1-ы завулак Васняцова;10;1-й переулок Васнецова;53.915000;27.585000
1-ы завулак Васняцова;7;1-й переулок Васнецова;53.915000;27.585000
1-ы завулак Грэкава;1;1-й переулок Грекова;53.905000;27.570000
1-ы завулак Грэкава;2;2-й переулок Грекова;53.905000;27.570000
1-ы завулак Грэкава;13;3-й переулок Грекова;53.905000;27.570000
1-ы завулак Грэкава;14;4-й переулок Грекова;53.905000;27.570000
1-ы завулак Грэкава;3;5-й переулок Грекова;53.905000;27.570000
1-ы завулак Грэкава;11;6-й переулок Грекова;53.905000;27.570000
1-ы завулак Грэкава;5;7-й переулок Грекова;53.905000;27.570000
1-ы завулак Грэкава;7;8-й переулок Грекова;53.905000;27.570000
1-ы завулак Грэкава;9;9-й переулок Грекова;53.905000;27.570000
1-ы завулак Грэкава;12;10-й переулок Грекова;53.905000;27.570000
1-ы завулак Грэкава;8;11-й переулок Грекова;53.905000;27.570000
1-ы завулак Грэкава;4;12-й переулок Грекова;53.905000;27.570000
1-ы завулак Грэкава;10;13-й переулок Грекова;53.905000;27.570000
1-ы завулак Грэкава;6;14-й переулок Грекова;53.905000;27.570000
1-ы завулак Жукоўскага;8;1-й переулок Жуковского;53.888000;27.540000
1-ы завулак Жукоўскага;6;2-й переулок Жуковского;53.888000;27.540000
1-ы завулак Жукоўскага;2;3-й переулок Жуковского;53.888000;27.540000
1-ы завулак Жукоўскага;4;4-й переулок Жуковского;53.888000;27.540000
1-ы завулак Зубачова;1;1-й переулок Зубачева;53.8528892;27.5241487
1-ы завулак Зубачова;20;1-й переулок Зубачева;53.8528892;27.5241487
1-ы завулак Зубачова;19;1-й переулок Зубачева;53.8528892;27.5241487
1-ы завулак Зубачова;3;1-й переулок Зубачева;53.8528892;27.5241487
1-ы завулак Зубачова;9;1-й переулок Зубачева;53.8528892;27.5241487
1-ы завулак Зубачова;14;1-й переулок Зубачева;53.8528892;27.5241487
1-ы завулак Зубачова;13;1-й переулок Зубачева;53.8528892;27.5241487
1-ы завулак Зубачова;11;1-й переулок Зубачева;53.8528892;27.5241487
1-ы завулак Зубачова;6;1-й переулок Зубачева;53.8528892;27.5241487
1-ы завулак Зубачова;8;1-й переулок Зубачева;53.8528892;27.5241487
1-ы завулак Зубачова;10;1-й переулок Зубачева;53.8528892;27.5241487
1-ы завулак Зубачова;2;1-й переулок Зубачева;53.8528892;27.5241487
1-ы завулак Зубачова;4;1-й переулок Зубачева;53.8528892;27.5241487
1-ы завулак Зубачова;5;1-й переулок Зубачева;53.8528892;27.5241487
1-ы завулак Зубачова;7;1-й переулок Зубачева;53.8528892;27.5241487
1-ы завулак Зубачова;18;1-й переулок Зубачева;53.8528892;27.5241487
1-ы завулак Зубачова;17;1-й переулок Зубачева;53.8528892;27.5241487
1-ы завулак Зубачова;15;1-й переулок Зубачева;53.8528892;27.5241487
1-ы завулак Зубачова;16;1-й переулок Зубачева;53.8528892;27.5241487
1-ы завулак Зубачова;12;1-й переулок Зубачева;53.8528892;27.5241487
1-ы завулак Кальцова;1;1-й переулок Кальцова;53.950776;27.6013739
1-ы завулак Кальцова;5;1-й переулок Кальцова;53.950776;27.6013739
1-ы завулак Кальцова;27;1-й переулок Кальцова;53.950776;27.6013739
1-ы завулак Кальцова;29;1-й переулок Кальцова;53.950776;27.6013739
1-ы завулак Крыловіча;17;1-й переулок Крыловича;53.9411968;27.5889126
1-ы завулак Крыловіча;1;1-й переулок Крыловича;53.9411968;27.5889126
1-ы завулак Крыловіча;3;1-й переулок Крыловича;53.9411968;27.5889126
1-ы завулак Крыловіча;19;1-й переулок Крыловича;53.9411968;27.5889126
1-ы завулак Крыловіча;11;1-й переулок Крыловича;53.9411968;27.5889126
1-ы завулак Крыловіча;7;1-й переулок Крыловича;53.9411968;27.5889126
1-ы завулак Крыловіча;5;1-й переулок Крыловича;53.9411968;27.5889126
1-ы завулак Крыловіча;13;1-й переулок Крыловича;53.9411968;27.5889126
1-ы завулак Крыловіча;9;1-й переулок Крыловича;53.9411968;27.5889126
1-ы завулак Крыловіча;15;1-й переулок Крыловича;53.9411968;27.5889126
1-ы завулак Мажайскага;22;1-й переулок Можайского;53.9422495;27.5768704
1-ы завулак Мендзялеева;50/4;1-й переулок Менделеева;53.9054725;27.6153865
1-ы завулак Мендзялеева;50/2;1-й переулок Менделеева;53.9054725;27.6153865
1-ы завулак Мендзялеева;50;1-й переулок Менделеева;53.9054725;27.6153865
1-ы завулак Мендзялеева;50А;1-й переулок Менделеева;53.9054725;27.6153865
1-ы завулак Несцерава;19;1-й переулок Нестерова;53.8801603;27.6747508
1-ы завулак Несцерава;20;1-й переулок Нестерова;53.8801603;27.6747508
1-ы завулак Нікіціна;1;1-й переулок Никитина;53.949875;27.5871053
1-ы завулак Пірагова;8;1-й переулок Пирогова;53.846688;27.5534673
1-ы завулак Пірагова;2;1-й переулок Пирогова;53.846688;27.5534673
1-ы завулак Пірагова;6;1-й переулок Пирогова;53.846688;27.5534673
1-ы завулак Пірагова;10;1-й переулок Пирогова;53.846688;27.5534673
1-ы завулак Пірагова;12;1-й переулок Пирогова;53.846688;27.5534673
1-ы завулак Пірагова;7;1-й переулок Пирогова;53.846688;27.5534673
1-ы завулак Талаша;2;1-й переулок Талаша;53.8816578;27.5039728
1-ы завулак Фаміна;2;1-й переулок Фомина;53.8535362;27.5215648
1-ы завулак Фаміна;11;1-й переулок Фомина;53.8535362;27.5215648
1-ы завулак Фаміна;17;1-й переулок Фомина;53.8535362;27.5215648
1-ы завулак Фаміна;19;1-й переулок Фомина;53.8535362;27.5215648
1-ы завулак Фаміна;15;1-й переулок Фомина;53.8535362;27.5215648
1-ы завулак Фаміна;13;1-й переулок Фомина;53.8535362;27.5215648
1-ы завулак Фаміна;9;1-й переулок Фомина;53.8535362;27.5215648
1-ы завулак Фаміна;7;1-й переулок Фомина;53.8535362;27.5215648
1-ы завулак Фаміна;5;1-й переулок Фомина;53.8535362;27.5215648
1-ы завулак Фаміна;3;1-й переулок Фомина;53.8535362;27.5215648
1-ы завулак Фаміна;8;1-й переулок Фомина;53.8535362;27.5215648
1-ы завулак Фаміна;21;1-й переулок Фомина;53.8535362;27.5215648
1-ы завулак Францыска Скарыны;30;1-й переулок Франциска Скорины;53.9448412;27.5885985
1-ы завулак Халтурына;2;1-й переулок Халтурина;53.9425996;27.5718157
1-ы завулак Халтурына;5;1-й переулок Халтурина;53.9425996;27.5718157
1-ы завулак Халтурына;7;1-й переулок Халтурина;53.9425996;27.5718157
1-ы завулак Чарнышэўскага;35;1-й переулок Чернышевского;53.9360565;27.586522
1-ы Загарадны завулак;20;1-й Загородный переулок;53.9067315;27.520984
1-ы Зарэчны завулак;42;1-й Заречный переулок;53.843801;27.6386343
1-ы Земляробчы завулак;24;1-й Земледельческий переулок;53.9364589;27.5591105
1-ы Земляробчы завулак;23;1-й Земледельческий переулок;53.9364589;27.5591105
1-ы Земляробчы завулак;21;1-й Земледельческий переулок;53.9364589;27.5591105
1-ы Земляробчы завулак;22;1-й Земледельческий переулок;53.9364589;27.5591105
1-ы Земляробчы завулак;26;1-й Земледельческий переулок;53.9364589;27.5591105
1-ы Земляробчы завулак;27;1-й Земледельческий переулок;53.9364589;27.5591105
1-ы Земляробчы завулак;55;1-й Земледельческий переулок;53.9364589;27.5591105
1-ы Земляробчы завулак;57;1-й Земледельческий переулок;53.9364589;27.5591105
1-ы Земляробчы завулак;59;1-й Земледельческий переулок;53.9364589;27.5591105
1-ы Земляробчы завулак;60;1-й Земледельческий переулок;53.9364589;27.5591105
1-ы Земляробчы завулак;61;1-й Земледельческий переулок;53.9364589;27.5591105
1-ы Земляробчы завулак;62;1-й Земледельческий переулок;53.9364589;27.5591105
1-ы Земляробчы завулак;63;1-й Земледельческий переулок;53.9364589;27.5591105
1-ы Земляробчы завулак;64;1-й Земледельческий переулок;53.9364589;27.5591105
1-ы Земляробчы завулак;65;1-й Земледельческий переулок;53.9364589;27.5591105
1-ы Земляробчы завулак;66;1-й Земледельческий переулок;53.9364589;27.5591105
1-ы Земляробчы завулак;67;1-й Земледельческий переулок;53.9364589;27.5591105
1-ы Земляробчы завулак;68;1-й Земледельческий переулок;53.9364589;27.5591105
1-ы Земляробчы завулак;69;1-й Земледельческий переулок;53.9364589;27.5591105
1-ы Земляробчы завулак;70;1-й Земледельческий переулок;53.9364589;27.5591105
1-ы Земляробчы завулак;71;1-й Земледельческий переулок;53.9364589;27.5591105
1-ы Земляробчы завулак;72;1-й Земледельческий переулок;53.9364589;27.5591105
1-ы Земляробчы завулак;73;1-й Земледельческий переулок;53.9364589;27.5591105
1-ы Земляробчы завулак;74;1-й Земледельческий переулок;53.9364589;27.5591105
1-ы Земляробчы завулак;76;1-й Земледельческий переулок;53.9364589;27.5591105
1-ы Земляробчы завулак;39;1-й Земледельческий переулок;53.9364589;27.5591105
1-ы Земляробчы завулак;40;1-й Земледельческий переулок;53.9364589;27.5591105
1-ы Земляробчы завулак;53;1-й Земледельческий переулок;53.9364589;27.5591105
1-ы Земляробчы завулак;56;1-й Земледельческий переулок;53.9364589;27.5591105
1-ы Земляробчы завулак;28;1-й Земледельческий переулок;53.9364589;27.5591105
1-ы Земляробчы завулак;29;1-й Земледельческий переулок;53.9364589;27.5591105
1-ы Земляробчы завулак;37;1-й Земледельческий переулок;53.9364589;27.5591105
1-ы Земляробчы завулак;38;1-й Земледельческий переулок;53.9364589;27.5591105
1-ы Земляробчы завулак;2;1-й Земледельческий переулок;53.9364589;27.5591105
1-ы Земляробчы завулак;4;1-й Земледельческий переулок;53.9364589;27.5591105
1-ы Земляробчы завулак;10;1-й Земледельческий переулок;53.9364589;27.5591105
1-ы Зімовы завулак;17;1-й Зимний переулок;53.8784768;27.6763312
1-ы Зімовы завулак;16;1-й Зимний переулок;53.8784768;27.6763312
1-ы Зімовы завулак;2;1-й Зимний переулок;53.8784768;27.6763312
1-ы Ізмайлаўскі завулак;28;1-й Измайловский переулок;53.9454123;27.5905144
1-ы Ізмайлаўскі завулак;32;1-й Измайловский переулок;53.9454123;27.5905144
1-ы Ізмайлаўскі завулак;6;1-й Измайловский переулок;53.9454123;27.5905144
1-ы Ізмайлаўскі завулак;16;1-й Измайловский переулок;53.9454123;27.5905144
1-ы Ізмайлаўскі завулак;20;1-й Измайловский переулок;53.9454123;27.5905144
1-ы Ізмайлаўскі завулак;4;1-й Измайловский переулок;53.9454123;27.5905144
1-ы Ізмайлаўскі завулак;13;1-й Измайловский переулок;53.9454123;27.5905144
1-ы Ізмайлаўскі завулак;14;1-й Измайловский переулок;53.9454123;27.5905144
1-ы Ізмайлаўскі завулак;8;1-й Измайловский переулок;53.9454123;27.5905144
1-ы Ізмайлаўскі завулак;10;1-й Измайловский переулок;53.9454123;27.5905144
1-ы Ізмайлаўскі завулак;18;1-й Измайловский переулок;53.9454123;27.5905144
1-ы Ізмайлаўскі завулак;12;1-й Измайловский переулок;53.9454123;27.5905144
1-ы Ізмайлаўскі завулак;17;1-й Измайловский переулок;53.9454123;27.5905144
1-ы Ізмайлаўскі завулак;5;1-й Измайловский переулок;53.9454123;27.5905144
1-ы Ізмайлаўскі завулак;2;1-й Измайловский переулок;53.9454123;27.5905144
1-ы Кальцавы праезд;45;1-й Кольцевой проезд;53.8412433;27.637993
1-ы Кальцавы праезд;60;1-й Кольцевой проезд;53.8412433;27.637993
1-ы Летні завулак;1;1-й Летний переулок;53.8736983;27.6765192
1-ы Летні завулак;3;1-й Летний переулок;53.8736983;27.6765192
1-ы Летні завулак;5;1-й Летний переулок;53.8736983;27.6765192
1-ы Летні завулак;7;1-й Летний переулок;53.8736983;27.6765192
1-ы Летні завулак;9;1-й Летний переулок;53.8736983;27.6765192
1-ы Летні завулак;2;1-й Летний переулок;53.8736983;27.6765192
1-ы Млынавы завулак;18;1-й Мельнеческий переулок;53.8722615;27.5780864
1-ы Млынавы завулак;19;1-й Мельнеческий переулок;53.8722615;27.5780864
1-ы Млынавы завулак;17;1-й Мельнеческий переулок;53.8722615;27.5780864
1-ы Млынавы завулак;15А;1-й Мельнеческий переулок;53.8722615;27.5780864
1-ы Млынавы завулак;15;1-й Мельнеческий переулок;53.8722615;27.5780864
1-ы Млынавы завулак;11;1-й Мельнеческий переулок;53.8722615;27.5780864
1-ы Падшыпнікавы завулак;2;1-й подшипниковый переулок;53.8625156;27.6269493
1-ы Падшыпнікавы завулак;1;1-й подшипниковый переулок;53.8625156;27.6269493
1-ы Паўднёвы завулак;28;1-й Южный переулок;53.8579066;27.5195737
1-ы Паўднёвы завулак;26;1-й Южный переулок;53.8579066;27.5195737
1-ы Паўднёвы завулак;30;1-й Южный переулок;53.8579066;27.5195737
1-ы Паўднёвы завулак;21;1-й Южный переулок;53.8579066;27.5195737
1-ы Паўднёвы завулак;32;1-й Южный переулок;53.8579066;27.5195737
1-ы Пераходны завулак;1;1-й переходный переулок;53.8863175;27.6542385
1-ы Пераходны завулак;15;1-й переходный переулок;53.8863175;27.6542385
1-ы Пуцеправодны завулак;28;1-й Путепроводный переулок;53.9232649;27.5001546
1-ы Пуцеправодны завулак;30;1-й Путепроводный переулок;53.9232649;27.5001546
1-ы Пуцеправодны завулак;19;1-й Путепроводный переулок;53.9232649;27.5001546
1-ы Пуцеправодны завулак;15;1-й Путепроводный переулок;53.9232649;27.5001546
1-ы Пуцеправодны завулак;17;1-й Путепроводный переулок;53.9232649;27.5001546
1-ы Пуцеправодны завулак;21;1-й Путепроводный переулок;53.9232649;27.5001546
1-ы Пуцеправодны завулак;23;1-й Путепроводный переулок;53.9232649;27.5001546
1-ы Пуцеправодны завулак;27;1-й Путепроводный переулок;53.9232649;27.5001546
1-ы Пуцеправодны завулак;29;1-й Путепроводный переулок;53.9232649;27.5001546
1-ы Пуцеправодны завулак;25;1-й Путепроводный переулок;53.9232649;27.5001546
1-ы Пуцеправодны завулак;31;1-й Путепроводный переулок;53.9232649;27.5001546
1-ы Пуцеправодны завулак;2;1-й Путепроводный переулок;53.9232649;27.5001546
1-ы Пуцеправодны завулак;13;1-й Путепроводный переулок;53.9232649;27.5001546
1-ы Радыятарны завулак;109;1-й Радиаторный переулок;53.9228612;27.4965352
1-ы Радыятарны завулак;80;1-й Радиаторный переулок;53.9228612;27.4965352
1-ы Радыятарны завулак;88;1-й Радиаторный переулок;53.9228612;27.4965352
1-ы Радыятарны завулак;101;1-й Радиаторный переулок;53.9228612;27.4965352
1-ы Радыятарны завулак;99;1-й Радиаторный переулок;53.9228612;27.4965352
1-ы Радыятарны завулак;105;1-й Радиаторный переулок;53.9228612;27.4965352
1-ы Радыятарны завулак;78;1-й Радиаторный переулок;53.9228612;27.4965352
1-ы Радыятарны завулак;113;1-й Радиаторный переулок;53.9228612;27.4965352
1-ы Радыятарны завулак;84;1-й Радиаторный переулок;53.9228612;27.4965352
1-ы Радыятарны завулак;83;1-й Радиаторный переулок;53.9228612;27.4965352
1-ы Радыятарны завулак;103;1-й Радиаторный переулок;53.9228612;27.4965352
1-ы Радыятарны завулак;76;1-й Радиаторный переулок;53.9228612;27.4965352
1-ы Радыятарны завулак;20;1-й Радиаторный переулок;53.9228612;27.4965352
1-ы Радыятарны завулак;6;1-й Радиаторный переулок;53.9228612;27.4965352
1-ы Радыятарны завулак;4;1-й Радиаторный переулок;53.9228612;27.4965352
1-ы Радыятарны завулак;16;1-й Радиаторный переулок;53.9228612;27.4965352
1-ы Радыятарны завулак;24;1-й Радиаторный переулок;53.9228612;27.4965352
1-ы Радыятарны завулак;18;1-й Радиаторный переулок;53.9228612;27.4965352
1-ы Радыятарны завулак;22;1-й Радиаторный переулок;53.9228612;27.4965352
1-ы Радыятарны завулак;14;1-й Радиаторный переулок;53.9228612;27.4965352
1-ы Радыятарны завулак;43;1-й Радиаторный переулок;53.9228612;27.4965352
1-ы Радыятарны завулак;45;1-й Радиаторный переулок;53.9228612;27.4965352
1-ы Радыятарны завулак;59;1-й Радиаторный переулок;53.9228612;27.4965352
1-ы Радыятарны завулак;30;1-й Радиаторный переулок;53.9228612;27.4965352
1-ы Радыятарны завулак;73;1-й Радиаторный переулок;53.9228612;27.4965352
1-ы Радыятарны завулак;77;1-й Радиаторный переулок;53.9228612;27.4965352
1-ы Радыятарны завулак;89;1-й Радиаторный переулок;53.9228612;27.4965352
1-ы Радыятарны завулак;79;1-й Радиаторный переулок;53.9228612;27.4965352
1-ы Радыятарны завулак;87;1-й Радиаторный переулок;53.9228612;27.4965352
1-ы Радыятарны завулак;67;1-й Радиаторный переулок;53.9228612;27.4965352
1-ы Радыятарны завулак;75;1-й Радиаторный переулок;53.9228612;27.4965352
1-ы Радыятарны завулак;71;1-й Радиаторный переулок;53.9228612;27.4965352
1-ы Радыятарны завулак;65;1-й Радиаторный переулок;53.9228612;27.4965352
1-ы Радыятарны завулак;69;1-й Радиаторный переулок;53.9228612;27.4965352
1-ы Радыятарны завулак;66;1-й Радиаторный переулок;53.9228612;27.4965352
1-ы Радыятарны завулак;92;1-й Радиаторный переулок;53.9228612;27.4965352
1-ы Радыятарны завулак;68;1-й Радиаторный переулок;53.9228612;27.4965352
1-ы Радыятарны завулак;90;1-й Радиаторный переулок;53.9228612;27.4965352
1-ы Радыятарны завулак;74;1-й Радиаторный переулок;53.9228612;27.4965352
1-ы Радыятарны завулак;72;1-й Радиаторный переулок;53.9228612;27.4965352
1-ы Радыятарны завулак;70;1-й Радиаторный переулок;53.9228612;27.4965352
1-ы Радыятарны завулак;100;1-й Радиаторный переулок;53.9228612;27.4965352
1-ы Радыятарны завулак;86;1-й Радиаторный переулок;53.9228612;27.4965352
1-ы Радыятарны завулак;98;1-й Радиаторный переулок;53.9228612;27.4965352
1-ы Радыятарны завулак;106;1-й Радиаторный переулок;53.9228612;27.4965352
1-ы Радыятарны завулак;102;1-й Радиаторный переулок;53.9228612;27.4965352
1-ы Радыятарны завулак;111;1-й Радиаторный переулок;53.9228612;27.4965352
1-ы Радыятарны завулак;93;1-й Радиаторный переулок;53.9228612;27.4965352
1-ы Радыятарны завулак;107;1-й Радиаторный переулок;53.9228612;27.4965352
1-ы Радыятарны завулак;46045;1-й Радиаторный переулок;53.9228612;27.4965352
1-ы Рыжскі завулак;18;1-й Рижский переулок;53.8624558;27.5281129
1-ы Рыжскі завулак;22;1-й Рижский переулок;53.8624558;27.5281129
1-ы Рыжскі завулак;24;1-й Рижский переулок;53.8624558;27.5281129
1-ы Рыжскі завулак;26;1-й Рижский переулок;53.8624558;27.5281129
1-ы Рыжскі завулак;10;1-й Рижский переулок;53.8624558;27.5281129
1-ы Рыжскі завулак;8;1-й Рижский переулок;53.8624558;27.5281129
1-ы Рыжскі завулак;6;1-й Рижский переулок;53.8624558;27.5281129
1-ы Рыжскі завулак;4;1-й Рижский переулок;53.8624558;27.5281129
1-ы Рыжскі завулак;16;1-й Рижский переулок;53.8624558;27.5281129
1-ы Рыжскі завулак;20;1-й Рижский переулок;53.8624558;27.5281129
1-ы Свірскі завулак;1;1-й Свирский переулок;53.93853;27.5513466
1-ы Свірскі завулак;2;1-й Свирский переулок;53.93853;27.5513466
1-ы Сморгаўскі завулак;3;1-й Сморгавский переулок;53.937154;27.5528749
1-ы Сморгаўскі завулак;25;1-й Сморгавский переулок;53.937154;27.5528749
1-ы Сморгаўскі завулак;32;1-й Сморгавский переулок;53.937154;27.5528749
1-ы Сморгаўскі завулак;33;1-й Сморгавский переулок;53.937154;27.5528749
1-ы Сморгаўскі завулак;42;1-й Сморгавский переулок;53.937154;27.5528749
1-ы Сморгаўскі завулак;1;1-й Сморгавский переулок;53.937154;27.5528749
1-ы Сморгаўскі завулак;10;1-й Сморгавский переулок;53.937154;27.5528749
1-ы Сморгаўскі завулак;2;1-й Сморгавский переулок;53.937154;27.5528749
1-ы Сморгаўскі завулак;5;1-й Сморгавский переулок;53.937154;27.5528749
1-ы Сморгаўскі завулак;7;1-й Сморгавский переулок;53.937154;27.5528749
1-ы Сморгаўскі завулак;23;1-й Сморгавский переулок;53.937154;27.5528749
1-ы Сморгаўскі завулак;21;1-й Сморгавский переулок;53.937154;27.5528749
1-ы Сморгаўскі завулак;30;1-й Сморгавский переулок;53.937154;27.5528749
1-ы Сморгаўскі завулак;16;1-й Сморгавский переулок;53.937154;27.5528749
1-ы Тапаграфічны завулак;1;1-й Топографический переулок;53.9461179;27.607004
1-ы Тапаграфічны завулак;2;1-й Топографический переулок;53.9461179;27.607004
1-ы Трубны завулак;21;1-й Трубный переулок;53.8579929;27.5338898
1-ы Трубны завулак;18;1-й Трубный переулок;53.8579929;27.5338898
1-ы Трубны завулак;26;1-й Трубный переулок;53.8579929;27.5338898
1-ы Трубны завулак;14;1-й Трубный переулок;53.8579929;27.5338898
1-ы Трубны завулак;2;1-й Трубный переулок;53.8579929;27.5338898
1-ы Трубны завулак;10;1-й Трубный переулок;53.8579929;27.5338898
1-ы Трубны завулак;28;1-й Трубный переулок;53.8579929;27.5338898
1-ы Трубны завулак;4;1-й Трубный переулок;53.8579929;27.5338898
1-ы Трубны завулак;2А;1-й Трубный переулок;53.8579929;27.5338898
1-ы Трубны завулак;12;1-й Трубный переулок;53.8579929;27.5338898
1-ы Трубны завулак;16;1-й Трубный переулок;53.8579929;27.5338898
1-ы Трубны завулак;6;1-й Трубный переулок;53.8579929;27.5338898
1-ы Трубны завулак;8;1-й Трубный переулок;53.8579929;27.5338898
1-ы Трубны завулак;16А;1-й Трубный переулок;53.8579929;27.5338898
1-ы Трубны завулак;30;1-й Трубный переулок;53.8579929;27.5338898
1-ы Трубны завулак;24А;1-й Трубный переулок;53.8579929;27.5338898
1-ы Трубны завулак;13А;1-й Трубный переулок;53.8579929;27.5338898
1-ы Трубны завулак;27А;1-й Трубный переулок;53.8579929;27.5338898
1-ы Трубны завулак;33;1-й Трубный переулок;53.8579929;27.5338898
1-ы Трубны завулак;9;1-й Трубный переулок;53.8579929;27.5338898
1-ы Трубны завулак;11;1-й Трубный переулок;53.8579929;27.5338898
1-ы Трубны завулак;19;1-й Трубный переулок;53.8579929;27.5338898
1-ы Трубны завулак;15;1-й Трубный переулок;53.8579929;27.5338898
1-ы Трубны завулак;11А;1-й Трубный переулок;53.8579929;27.5338898
1-ы Трубны завулак;25;1-й Трубный переулок;53.8579929;27.5338898
1-ы Трубны завулак;17;1-й Трубный переулок;53.8579929;27.5338898
1-ы Трубны завулак;25А;1-й Трубный переулок;53.8579929;27.5338898
1-ы Трубны завулак;27;1-й Трубный переулок;53.8579929;27.5338898
1-ы Трубны завулак;1;1-й Трубный переулок;53.8579929;27.5338898
1-ы Трубны завулак;3;1-й Трубный переулок;53.8579929;27.5338898
1-ы Трубны завулак;23;1-й Трубный переулок;53.8579929;27.5338898
1-ы Трубны завулак;33А;1-й Трубный переулок;53.8579929;27.5338898
1-ы Трубны завулак;31А;1-й Трубный переулок;53.8579929;27.5338898
1-ы Трубны завулак;13;1-й Трубный переулок;53.8579929;27.5338898
1-ы Трубны завулак;15А;1-й Трубный переулок;53.8579929;27.5338898
1-ы Трубны завулак;5;1-й Трубный переулок;53.8579929;27.5338898
1-ы Тыражны завулак;7;1-й Тиражный переулок;53.9404008;27.5931735
1-ы Тыражны завулак;8;1-й Тиражный переулок;53.9404008;27.5931735
1-ы Тыражны завулак;6;1-й Тиражный переулок;53.9404008;27.5931735
1-ы Халмагорскі завулак;1;1-й Холмогорский переулок;53.8890702;27.6506282
1-ы Халмагорскі завулак;2;1-й Холмогорский переулок;53.8890702;27.6506282
1-ы Халмагорскі завулак;3;1-й Холмогорский переулок;53.8890702;27.6506282
1-ы Халмагорскі завулак;4;1-й Холмогорский переулок;53.8890702;27.6506282
1-ы Халмагорскі завулак;5;1-й Холмогорский переулок;53.8890702;27.6506282
1-ы Халмагорскі завулак;6;1-й Холмогорский переулок;53.8890702;27.6506282
1-ы Халмагорскі завулак;7;1-й Холмогорский переулок;53.8890702;27.6506282
1-ы Халмагорскі завулак;8;1-й Холмогорский переулок;53.8890702;27.6506282
1-ы Цвёрды завулак;1;1-й Твёрдый переулок;53.9070181;27.601024
1-ы Цвёрды завулак;2;2-й Твёрдый переулок;53.9070181;27.601024
1-ы Цвёрды завулак;15;3-й Твёрдый переулок;53.9070181;27.601024
1-ы Цвёрды завулак;11;4-й Твёрдый переулок;53.9070181;27.601024
1-ы Цвёрды завулак;7;5-й Твёрдый переулок;53.9070181;27.601024
1-ы Цвёрды завулак;46094;6-й Твёрдый переулок;53.9070181;27.601024
1-ы Цвёрды завулак;6;7-й Твёрдый переулок;53.9070181;27.601024
1-ы Цвёрды завулак;46087;8-й Твёрдый переулок;53.9070181;27.601024
1-ы Цвёрды завулак;46059;9-й Твёрдый переулок;53.9070181;27.601024
1-ы Цвёрды завулак;46028;10-й Твёрдый переулок;53.9070181;27.601024
1-ы Цвёрды завулак;15А;11-й Твёрдый переулок;53.9070181;27.601024
1-ы Школьны завулак;14;1-й Школьный переулок;52.9971427;27.9067106
1-ы Школьны завулак;10;1-й Школьный переулок;52.9971427;27.9067106
1-ы Юнацкі завулак;20;1-й Молодежный переулок;53.8638165;27.6239312
1-ы Юнацкі завулак;40;1-й Молодежный переулок;53.8638165;27.6239312
1-ы Юнацкі завулак;41;1-й Молодежный переулок;53.8638165;27.6239312
1-ы Юнацкі завулак;18;1-й Молодежный переулок;53.8638165;27.6239312
1-ы Юнацкі завулак;2;1-й Молодежный переулок;53.8638165;27.6239312
1-ы Юнацкі завулак;19;1-й Молодежный переулок;53.8638165;27.6239312
1-ы Юнацкі завулак;1;1-й Молодежный переулок;53.8638165;27.6239312
1-ы Юнацкі завулак;21;1-й Молодежный переулок;53.8638165;27.6239312
1-ы Юнацкі завулак;37;1-й Молодежный переулок;53.8638165;27.6239312
1-ы Юнацкі завулак;25;1-й Молодежный переулок;53.8638165;27.6239312
1-ы Юнацкі завулак;31;1-й Молодежный переулок;53.8638165;27.6239312
1-ы Юнацкі завулак;23;1-й Молодежный переулок;53.8638165;27.6239312
1-ы Юнацкі завулак;33;1-й Молодежный переулок;53.8638165;27.6239312
1-ы Юнацкі завулак;29;1-й Молодежный переулок;53.8638165;27.6239312
1-ы Юнацкі завулак;27;1-й Молодежный переулок;53.8638165;27.6239312
1-ы Юнацкі завулак;35;1-й Молодежный переулок;53.8638165;27.6239312
1-ы Юнацкі завулак;39;1-й Молодежный переулок;53.8638165;27.6239312
1-я Базісная вуліца;46;1-я Базисная улица;53.9430229;27.5931304
1-я Базісная вуліца;48;1-я Базисная улица;53.9430229;27.5931304
1-я Базісная вуліца;52;1-я Базисная улица;53.9430229;27.5931304
1-я Базісная вуліца;54;1-я Базисная улица;53.9430229;27.5931304
1-я Базісная вуліца;32;1-я Базисная улица;53.9430229;27.5931304
1-я Базісная вуліца;38;1-я Базисная улица;53.9430229;27.5931304
1-я Базісная вуліца;25;1-я Базисная улица;53.9430229;27.5931304
1-я Базісная вуліца;29;1-я Базисная улица;53.9430229;27.5931304
1-я Базісная вуліца;31;1-я Базисная улица;53.9430229;27.5931304
1-я Базісная вуліца;45;1-я Базисная улица;53.9430229;27.5931304
1-я Базісная вуліца;47;1-я Базисная улица;53.9430229;27.5931304
1-я Базісная вуліца;33;1-я Базисная улица;53.9430229;27.5931304
1-я Пасялковая вуліца;16;1-я Поселковая улица;53.9452332;27.5915772
1-я Пасялковая вуліца;33;1-я Поселковая улица;53.9452332;27.5915772
1-я Пасялковая вуліца;38;1-я Поселковая улица;53.9452332;27.5915772
1-я Пасялковая вуліца;39;1-я Поселковая улица;53.9452332;27.5915772
1-я Пасялковая вуліца;41;1-я Поселковая улица;53.9452332;27.5915772
1-я Пасялковая вуліца;44;1-я Поселковая улица;53.9452332;27.5915772
1-я Пасялковая вуліца;46;1-я Поселковая улица;53.9452332;27.5915772
1-я Пасялковая вуліца;74;1-я Поселковая улица;53.9452332;27.5915772
1-я Пасялковая вуліца;76;1-я Поселковая улица;53.9452332;27.5915772
1-я Пасялковая вуліца;104;1-я Поселковая улица;53.9452332;27.5915772
1-я Пасялковая вуліца;108;1-я Поселковая улица;53.9452332;27.5915772
1-я Пасялковая вуліца;55;1-я Поселковая улица;53.9452332;27.5915772
1-я Радыятарная вуліца;126;1-я Радиаторная улица;53.9236766;27.4849816
1-я Радыятарная вуліца;92;1-я Радиаторная улица;53.9236766;27.4849816
1-я Радыятарная вуліца;78;1-я Радиаторная улица;53.9236766;27.4849816
1-я Радыятарная вуліца;88;1-я Радиаторная улица;53.9236766;27.4849816
1-я Радыятарная вуліца;104;1-я Радиаторная улица;53.9236766;27.4849816
1-я Радыятарная вуліца;84;1-я Радиаторная улица;53.9236766;27.4849816
1-я Радыятарная вуліца;102;1-я Радиаторная улица;53.9236766;27.4849816
1-я Радыятарная вуліца;96;1-я Радиаторная улица;53.9236766;27.4849816
1-я Радыятарная вуліца;90;1-я Радиаторная улица;53.9236766;27.4849816
1-я Радыятарная вуліца;80;1-я Радиаторная улица;53.9236766;27.4849816
1-я Радыятарная вуліца;98;1-я Радиаторная улица;53.9236766;27.4849816
1-я Радыятарная вуліца;86;1-я Радиаторная улица;53.9236766;27.4849816
1-я Радыятарная вуліца;82;1-я Радиаторная улица;53.9236766;27.4849816
1-я Радыятарная вуліца;48;1-я Радиаторная улица;53.9236766;27.4849816
1-я Радыятарная вуліца;64;1-я Радиаторная улица;53.9236766;27.4849816
1-я Радыятарная вуліца;68;1-я Радиаторная улица;53.9236766;27.4849816
1-я Радыятарная вуліца;60;1-я Радиаторная улица;53.9236766;27.4849816
1-я Радыятарная вуліца;66;1-я Радиаторная улица;53.9236766;27.4849816
1-я Радыятарная вуліца;114;1-я Радиаторная улица;53.9236766;27.4849816
1-я Радыятарная вуліца;110;1-я Радиаторная улица;53.9236766;27.4849816
1-я Радыятарная вуліца;124;1-я Радиаторная улица;53.9236766;27.4849816
1-я Радыятарная вуліца;122;1-я Радиаторная улица;53.9236766;27.4849816
1-я Радыятарная вуліца;108;1-я Радиаторная улица;53.9236766;27.4849816
1-я Радыятарная вуліца;112;1-я Радиаторная улица;53.9236766;27.4849816
1-я Радыятарная вуліца;106;1-я Радиаторная улица;53.9236766;27.4849816
1-я Радыятарная вуліца;58;1-я Радиаторная улица;53.9236766;27.4849816
1-я Уманская вуліца;35;1-я Уманская улица;53.8794644;27.4931502
1-я Уманская вуліца;23;1-я Уманская улица;53.8794644;27.4931502
1-я Уманская вуліца;27;1-я Уманская улица;53.8794644;27.4931502
1-я Уманская вуліца;15;1-я Уманская улица;53.8794644;27.4931502
1-я Уманская вуліца;29;1-я Уманская улица;53.8794644;27.4931502
1-я Уманская вуліца;31;1-я Уманская улица;53.8794644;27.4931502
1-я Уманская вуліца;7;1-я Уманская улица;53.8794644;27.4931502
1-я Уманская вуліца;13;1-я Уманская улица;53.8794644;27.4931502
1-я Уманская вуліца;11;1-я Уманская улица;53.8794644;27.4931502
1-я Уманская вуліца;3;1-я Уманская улица;53.8794644;27.4931502
1-я Уманская вуліца;9;1-я Уманская улица;53.8794644;27.4931502
1-я Уманская вуліца;25;1-я Уманская улица;53.8794644;27.4931502
1-я Уманская вуліца;33;1-я Уманская улица;53.8794644;27.4931502
1-я Уманская вуліца;21;1-я Уманская улица;53.8794644;27.4931502
1-я Уманская вуліца;1;1-я Уманская улица;53.8794644;27.4931502
2-і Брагінскі завулак;16;2-й Брагинский переулок;53.9384818;27.5585255
2-і Брагінскі завулак;18;2-й Брагинский переулок;53.9384818;27.5585255
2-і Брагінскі завулак;23;2-й Брагинский переулок;53.9384818;27.5585255
2-і Брагінскі завулак;20;2-й Брагинский переулок;53.9384818;27.5585255
2-і Брагінскі завулак;54;2-й Брагинский переулок;53.9384818;27.5585255
2-і Брэсцкі завулак;11;2-й Брестский переулок;53.858754;27.5275667
2-і Брэсцкі завулак;1;2-й Брестский переулок;53.858754;27.5275667
2-і Брэсцкі завулак;49;2-й Брестский переулок;53.858754;27.5275667
2-і Брэсцкі завулак;45;2-й Брестский переулок;53.858754;27.5275667
2-і Брэсцкі завулак;43;2-й Брестский переулок;53.858754;27.5275667
2-і Брэсцкі завулак;51;2-й Брестский переулок;53.858754;27.5275667
2-і Брэсцкі завулак;36;2-й Брестский переулок;53.858754;27.5275667
2-і Брэсцкі завулак;38;2-й Брестский переулок;53.858754;27.5275667
2-і Брэсцкі завулак;53;2-й Брестский переулок;53.858754;27.5275667
2-і Брэсцкі завулак;34;2-й Брестский переулок;53.858754;27.5275667
2-і Брэсцкі завулак;42;2-й Брестский переулок;53.858754;27.5275667
2-і Брэсцкі завулак;47;2-й Брестский переулок;53.858754;27.5275667
2-і Брэсцкі завулак;15;2-й Брестский переулок;53.858754;27.5275667
2-і Брэсцкі завулак;31Б;2-й Брестский переулок;53.858754;27.5275667
2-і Брэсцкі завулак;39;2-й Брестский переулок;53.858754;27.5275667
2-і Брэсцкі завулак;41;2-й Брестский переулок;53.858754;27.5275667
2-і Брэсцкі завулак;8;2-й Брестский переулок;53.858754;27.5275667
2-і Брэсцкі завулак;21;2-й Брестский переулок;53.858754;27.5275667
2-і Брэсцкі завулак;31А;2-й Брестский переулок;53.858754;27.5275667
2-і Брэсцкі завулак;33;2-й Брестский переулок;53.858754;27.5275667
2-і Брэсцкі завулак;35А;2-й Брестский переулок;53.858754;27.5275667
2-і Брэсцкі завулак;35;2-й Брестский переулок;53.858754;27.5275667
2-і Брэсцкі завулак;37А;2-й Брестский переулок;53.858754;27.5275667
2-і Брэсцкі завулак;4;2-й Брестский переулок;53.858754;27.5275667
2-і Брэсцкі завулак;18;2-й Брестский переулок;53.858754;27.5275667
2-і Брэсцкі завулак;25;2-й Брестский переулок;53.858754;27.5275667
2-і Брэсцкі завулак;31;2-й Брестский переулок;53.858754;27.5275667
2-і Брэсцкі завулак;10;2-й Брестский переулок;53.858754;27.5275667
2-і Брэсцкі завулак;6;2-й Брестский переулок;53.858754;27.5275667
2-і Брэсцкі завулак;20;2-й Брестский переулок;53.858754;27.5275667
2-і Брэсцкі завулак;22;2-й Брестский переулок;53.858754;27.5275667
2-і Брэсцкі завулак;23;2-й Брестский переулок;53.858754;27.5275667
2-і Брэсцкі завулак;16;2-й Брестский переулок;53.858754;27.5275667
2-і Брэсцкі завулак;37;2-й Брестский переулок;53.858754;27.5275667
2-і Брэсцкі завулак;29;2-й Брестский переулок;53.858754;27.5275667
2-і Брэсцкі завулак;27;2-й Брестский переулок;53.858754;27.5275667
2-і Брэсцкі завулак;19;2-й Брестский переулок;53.858754;27.5275667
2-і Брэсцкі завулак;7;2-й Брестский переулок;53.858754;27.5275667
2-і Брэсцкі завулак;3;2-й Брестский переулок;53.858754;27.5275667
2-і Брэсцкі завулак;17;2-й Брестский переулок;53.858754;27.5275667
2-і Брэсцкі завулак;33А;2-й Брестский переулок;53.858754;27.5275667
2-і Брэсцкі завулак;5;2-й Брестский переулок;53.858754;27.5275667
2-і Брэсцкі завулак;9;2-й Брестский переулок;53.858754;27.5275667
2-і Веласіпедны завулак;32А;2-й Велосипедный переулок;53.8783154;27.5937612
2-і Веласіпедны завулак;4А;2-й Велосипедный переулок;53.8783154;27.5937612
2-і Веласіпедны завулак;30А;2-й Велосипедный переулок;53.8783154;27.5937612
2-і Веласіпедны завулак;30к5;2-й Велосипедный переулок;53.8783154;27.5937612
2-і Веласіпедны завулак;32;2-й Велосипедный переулок;53.8783154;27.5937612
2-і Веласіпедны завулак;34;2-й Велосипедный переулок;53.8783154;27.5937612
2-і Веласіпедны завулак;36;2-й Велосипедный переулок;53.8783154;27.5937612
2-і Веласіпедны завулак;30В;2-й Велосипедный переулок;53.8783154;27.5937612
2-і Вішнёвы завулак;4;2-й Вишнёвый переулок;53.9412497;27.4120358
2-і Вішнёвы завулак;8;2-й Вишнёвый переулок;53.9412497;27.4120358
2-і Вішнёвы завулак;7;2-й Вишнёвый переулок;53.9412497;27.4120358
2-і Вішнёвы завулак;1;2-й Вишнёвый переулок;53.9412497;27.4120358
2-і Вішнёвы завулак;5;2-й Вишнёвый переулок;53.9412497;27.4120358
2-і Вішнёвы завулак;10;2-й Вишнёвый переулок;53.9412497;27.4120358
2-і Даўгінаўскі завулак;1;2-й Долгиновский переулок;53.9384837;27.5473357
2-і Дзіцячы завулак;1;2-й Детский переулок;53.8633482;27.6293297
2-і Дзіцячы завулак;21;2-й Детский переулок;53.8633482;27.6293297
2-і Дзіцячы завулак;2;2-й Детский переулок;53.8633482;27.6293297
2-і Дзіцячы завулак;22;2-й Детский переулок;53.8633482;27.6293297
2-і Енісейскі завулак;118;2-й Енисейский переулок;53.8788199;27.6726505
2-і Енісейскі завулак;133;2-й Енисейский переулок;53.8788199;27.6726505
2-і Енісейскі завулак;57;2-й Енисейский переулок;53.8788199;27.6726505
2-і Енісейскі завулак;58;2-й Енисейский переулок;53.8788199;27.6726505
2-і Енісейскі завулак;71;2-й Енисейский переулок;53.8788199;27.6726505
2-і Енісейскі завулак;72;2-й Енисейский переулок;53.8788199;27.6726505
2-і Енісейскі завулак;38;2-й Енисейский переулок;53.8788199;27.6726505
2-і Енісейскі завулак;48;2-й Енисейский переулок;53.8788199;27.6726505
2-і Енісейскі завулак;50;2-й Енисейский переулок;53.8788199;27.6726505
2-і Енісейскі завулак;54;2-й Енисейский переулок;53.8788199;27.6726505
2-і Енісейскі завулак;56;2-й Енисейский переулок;53.8788199;27.6726505
2-і Енісейскі завулак;47;2-й Енисейский переулок;53.8788199;27.6726505
2-і Енісейскі завулак;49;2-й Енисейский переулок;53.8788199;27.6726505
2-і Енісейскі завулак;55;2-й Енисейский переулок;53.8788199;27.6726505
2-і Енісейскі завулак;35;2-й Енисейский переулок;53.8788199;27.6726505
2-і Енісейскі завулак;36;2-й Енисейский переулок;53.8788199;27.6726505
2-і Енісейскі завулак;25;2-й Енисейский переулок;53.8788199;27.6726505
2-і Енісейскі завулак;26;2-й Енисейский переулок;53.8788199;27.6726505
2-і Енісейскі завулак;11;2-й Енисейский переулок;53.8788199;27.6726505
2-і Енісейскі завулак;12;2-й Енисейский переулок;53.8788199;27.6726505
2-і Енісейскі завулак;74;2-й Енисейский переулок;53.8788199;27.6726505
2-і Енісейскі завулак;73;2-й Енисейский переулок;53.8788199;27.6726505
2-і Енісейскі завулак;63;2-й Енисейский переулок;53.8788199;27.6726505
2-і завулак Баграціёна;14;2-й переулок Багратиона;53.9060692;27.6245951
2-і завулак Баграціёна;12;2-й переулок Багратиона;53.9060692;27.6245951
2-і завулак Баграціёна;3;2-й переулок Багратиона;53.9060692;27.6245951
2-і завулак Баграціёна;8;2-й переулок Багратиона;53.9060692;27.6245951
2-і завулак Баграціёна;6;2-й переулок Багратиона;53.9060692;27.6245951
2-і завулак Баграціёна;2;2-й переулок Багратиона;53.9060692;27.6245951
2-і завулак Баграціёна;10;2-й переулок Багратиона;53.9060692;27.6245951
2-і завулак Баграціёна;4;2-й переулок Багратиона;53.9060692;27.6245951
2-і завулак Баграціёна;5;2-й переулок Багратиона;53.9060692;27.6245951
2-і завулак Баграціёна;7;2-й переулок Багратиона;53.9060692;27.6245951
2-і завулак Баграціёна;11;2-й переулок Багратиона;53.9060692;27.6245951
2-і завулак Баграціёна;9;2-й переулок Багратиона;53.9060692;27.6245951
2-і завулак Васняцова;16;2-й переулок Васнецова;53.8668293;27.6221307
2-і завулак Васняцова;15;2-й переулок Васнецова;53.8668293;27.6221307
2-і завулак Васняцова;7;2-й переулок Васнецова;53.8668293;27.6221307
2-і завулак Васняцова;10;2-й переулок Васнецова;53.8668293;27.6221307
2-і завулак Васняцова;4;2-й переулок Васнецова;53.8668293;27.6221307
2-і завулак Васняцова;6;2-й переулок Васнецова;53.8668293;27.6221307
2-і завулак Васняцова;14;2-й переулок Васнецова;53.8668293;27.6221307
2-і завулак Васняцова;3;2-й переулок Васнецова;53.8668293;27.6221307
2-і завулак Васняцова;11;2-й переулок Васнецова;53.8668293;27.6221307
2-і завулак Васняцова;8;2-й переулок Васнецова;53.8668293;27.6221307
2-і завулак Васняцова;2;2-й переулок Васнецова;53.8668293;27.6221307
2-і завулак Васняцова;9;2-й переулок Васнецова;53.8668293;27.6221307
2-і завулак Васняцова;5;2-й переулок Васнецова;53.8668293;27.6221307
2-і завулак Васняцова;12;2-й переулок Васнецова;53.8668293;27.6221307
2-і завулак Васняцова;13;2-й переулок Васнецова;53.8668293;27.6221307
2-і завулак Глаголева;8;2-й переулок Глаголева;53.8828773;27.5026794
2-і завулак Глаголева;18;2-й переулок Глаголева;53.8828773;27.5026794
2-і завулак Глаголева;12;2-й переулок Глаголева;53.8828773;27.5026794
2-і завулак Глаголева;10;2-й переулок Глаголева;53.8828773;27.5026794
2-і завулак Грэкава;14;2-й переулок Грекова;53.8653561;27.6249652
2-і завулак Грэкава;6;2-й переулок Грекова;53.8653561;27.6249652
2-і завулак Грэкава;8;2-й переулок Грекова;53.8653561;27.6249652
2-і завулак Грэкава;13;2-й переулок Грекова;53.8653561;27.6249652
2-і завулак Грэкава;9;2-й переулок Грекова;53.8653561;27.6249652
2-і завулак Грэкава;10;2-й переулок Грекова;53.8653561;27.6249652
2-і завулак Грэкава;11;2-й переулок Грекова;53.8653561;27.6249652
2-і завулак Грэкава;4;2-й переулок Грекова;53.8653561;27.6249652
2-і завулак Грэкава;12;2-й переулок Грекова;53.8653561;27.6249652
2-і завулак Грэкава;5;2-й переулок Грекова;53.8653561;27.6249652
2-і завулак Грэкава;7;2-й переулок Грекова;53.8653561;27.6249652
2-і завулак Грэкава;3;2-й переулок Грекова;53.8653561;27.6249652
2-і завулак Жукоўскага;10;2-й переулок Жуковского;53.8768182;27.5469551
2-і завулак Жукоўскага;14;2-й переулок Жуковского;53.8768182;27.5469551
2-і завулак Жукоўскага;9;2-й переулок Жуковского;53.8768182;27.5469551
2-і завулак Жукоўскага;7;2-й переулок Жуковского;53.8768182;27.5469551
2-і завулак Жукоўскага;12;2-й переулок Жуковского;53.8768182;27.5469551
2-і завулак Зубачова;2;2-й переулок Зубачёва;53.8526974;27.5250078
2-і завулак Зубачова;1;2-й переулок Зубачёва;53.8526974;27.5250078
2-і завулак Зубачова;20;2-й переулок Зубачёва;53.8526974;27.5250078
2-і завулак Зубачова;15;2-й переулок Зубачёва;53.8526974;27.5250078
2-і завулак Зубачова;17;2-й переулок Зубачёва;53.8526974;27.5250078
2-і завулак Зубачова;3;2-й переулок Зубачёва;53.8526974;27.5250078
2-і завулак Зубачова;5;2-й переулок Зубачёва;53.8526974;27.5250078
2-і завулак Зубачова;7;2-й переулок Зубачёва;53.8526974;27.5250078
2-і завулак Зубачова;9;2-й переулок Зубачёва;53.8526974;27.5250078
2-і завулак Зубачова;11;2-й переулок Зубачёва;53.8526974;27.5250078
2-і завулак Зубачова;13;2-й переулок Зубачёва;53.8526974;27.5250078
2-і завулак Зубачова;16;2-й переулок Зубачёва;53.8526974;27.5250078
2-і завулак Зубачова;18;2-й переулок Зубачёва;53.8526974;27.5250078
2-і завулак Зубачова;10;2-й переулок Зубачёва;53.8526974;27.5250078
2-і завулак Зубачова;12;2-й переулок Зубачёва;53.8526974;27.5250078
2-і завулак Зубачова;14;2-й переулок Зубачёва;53.8526974;27.5250078
2-і завулак Зубачова;8;2-й переулок Зубачёва;53.8526974;27.5250078
2-і завулак Зубачова;4;2-й переулок Зубачёва;53.8526974;27.5250078
2-і завулак Зубачова;6;2-й переулок Зубачёва;53.8526974;27.5250078
2-і завулак Кальцова;27;2-й переулок Кольцова;53.9506257;27.5968642
2-і завулак Крыловіча;5;2-й переулок Крыловича;53.9440553;27.5932382
2-і завулак Крыловіча;3;2-й переулок Крыловича;53.9440553;27.5932382
2-і завулак Крыловіча;16;2-й переулок Крыловича;53.9440553;27.5932382
2-і завулак Мажайскага;32;2-й переулок Можайского;53.9428184;27.5761453
2-і завулак Мажайскага;39;2-й переулок Можайского;53.9428184;27.5761453
2-і завулак Мажайскага;52;2-й переулок Можайского;53.9428184;27.5761453
2-і завулак Мажайскага;55;2-й переулок Можайского;53.9428184;27.5761453
2-і завулак Мажайскага;10;2-й переулок Можайского;53.9428184;27.5761453
2-і завулак Мажайскага;30;2-й переулок Можайского;53.9428184;27.5761453
2-і завулак Мажайскага;37;2-й переулок Можайского;53.9428184;27.5761453
2-і завулак Мажайскага;38;2-й переулок Можайского;53.9428184;27.5761453
2-і завулак Несцерава;2;2-й переулок Нестерова;53.8797759;27.6752158
2-і завулак Несцерава;48;2-й переулок Нестерова;53.8797759;27.6752158
2-і завулак Несцерава;31;2-й переулок Нестерова;53.8797759;27.6752158
2-і завулак Несцерава;1;2-й переулок Нестерова;53.8797759;27.6752158
2-і завулак Розы Люксембург;1;2-й переулок Розы Люксембург;53.8935559;27.5292463
2-і завулак Розы Люксембург;6;2-й переулок Розы Люксембург;53.8935559;27.5292463
2-і завулак Розы Люксембург;2;2-й переулок Розы Люксембург;53.8935559;27.5292463
2-і завулак Собінава;9;2-й переулок Собинова;53.9423517;27.5852388
2-і завулак Собінава;6;2-й переулок Собинова;53.9423517;27.5852388
2-і завулак Собінава;4;2-й переулок Собинова;53.9423517;27.5852388
2-і завулак Собінава;10;2-й переулок Собинова;53.9423517;27.5852388
2-і завулак Собінава;2;2-й переулок Собинова;53.9423517;27.5852388
2-і завулак Собінава;3;2-й переулок Собинова;53.9423517;27.5852388
2-і завулак Фаміна;10;2-й переулок Фомина;53.8533245;27.5224177
2-і завулак Фаміна;9;2-й переулок Фомина;53.8533245;27.5224177
2-і завулак Фаміна;19;2-й переулок Фомина;53.8533245;27.5224177
2-і завулак Фаміна;14;2-й переулок Фомина;53.8533245;27.5224177
2-і завулак Фаміна;16;2-й переулок Фомина;53.8533245;27.5224177
2-і завулак Фаміна;17;2-й переулок Фомина;53.8533245;27.5224177
2-і завулак Фаміна;21;2-й переулок Фомина;53.8533245;27.5224177
2-і завулак Фаміна;18;2-й переулок Фомина;53.8533245;27.5224177
2-і завулак Фаміна;20;2-й переулок Фомина;53.8533245;27.5224177
2-і завулак Фаміна;22;2-й переулок Фомина;53.8533245;27.5224177
2-і завулак Фаміна;24;2-й переулок Фомина;53.8533245;27.5224177
2-і завулак Фаміна;12;2-й переулок Фомина;53.8533245;27.5224177
2-і завулак Фаміна;11;2-й переулок Фомина;53.8533245;27.5224177
2-і завулак Фаміна;13;2-й переулок Фомина;53.8533245;27.5224177
2-і завулак Фаміна;15;2-й переулок Фомина;53.8533245;27.5224177
2-і завулак Фаміна;8;2-й переулок Фомина;53.8533245;27.5224177
2-і завулак Фаміна;2;2-й переулок Фомина;53.8533245;27.5224177
2-і завулак Фаміна;4;2-й переулок Фомина;53.8533245;27.5224177
2-і завулак Фаміна;6;2-й переулок Фомина;53.8533245;27.5224177
2-і завулак Фаміна;3;2-й переулок Фомина;53.8533245;27.5224177
2-і завулак Фаміна;5;2-й переулок Фомина;53.8533245;27.5224177
2-і завулак Фаміна;7;2-й переулок Фомина;53.8533245;27.5224177
2-і завулак Халтурына;21;2-й переулок Халтурина;53.9420051;27.5702964
2-і завулак Чалюскінцаў;1;Чалюскинцев 2-й переулок;53.8723533;27.6484913
2-і Зарэчны завулак;1;2-й Заречный переулок;53.8431598;27.6385762
2-і Зарэчны завулак;2;2-й Заречный переулок;53.8431598;27.6385762
2-і Зарэчны завулак;27;2-й Заречный переулок;53.8431598;27.6385762
2-і Зімовы завулак;17;2-й Зимний переулок;53.8793537;27.6778872
2-і Зімовы завулак;18;2-й Зимний переулок;53.8793537;27.6778872
2-і Зімовы завулак;19;2-й Зимний переулок;53.8793537;27.6778872
2-і Зімовы завулак;20;2-й Зимний переулок;53.8793537;27.6778872
2-і Зімовы завулак;15;2-й Зимний переулок;53.8793537;27.6778872
2-і Ізмайлаўскі завулак;13;2-й Измайловский переулок;53.9436576;27.5806798
2-і Летні завулак;10;2-й Летний переулок;53.8746317;27.6811695
2-і Летні завулак;11;2-й Летний переулок;53.8746317;27.6811695
2-і Летні завулак;12;2-й Летний переулок;53.8746317;27.6811695
2-і Летні завулак;9;2-й Летний переулок;53.8746317;27.6811695
2-і Летні завулак;1;2-й Летний переулок;53.8746317;27.6811695
2-і Летні завулак;2;2-й Летний переулок;53.8746317;27.6811695
2-і Летні завулак;3;2-й Летний переулок;53.8746317;27.6811695
2-і Летні завулак;4;2-й Летний переулок;53.8746317;27.6811695
2-і Малы завулак;6;2-й Малый переулок;53.8720384;27.5169876
2-і Малы завулак;4;2-й Малый переулок;53.8720384;27.5169876
2-і Малы завулак;8;2-й Малый переулок;53.8720384;27.5169876
2-і Малы завулак;18А;2-й Малый переулок;53.8720384;27.5169876
2-і Нахілены завулак;1;2-й наклонный переулок;53.885645;27.65409
2-і Нахілены завулак;13;2-й наклонный переулок;53.885645;27.65409
2-і Нахілены завулак;14;2-й наклонный переулок;53.885645;27.65409
2-і Нахілены завулак;16;2-й наклонный переулок;53.885645;27.65409
2-і Нахілены завулак;2;2-й наклонный переулок;53.885645;27.65409
2-і Падшыпнікавы завулак;22;2-й подшипниковый переулок;53.8622516;27.6262034
2-і Падшыпнікавы завулак;2;2-й подшипниковый переулок;53.8622516;27.6262034
2-і Падшыпнікавы завулак;21;2-й подшипниковый переулок;53.8622516;27.6262034
2-і Падшыпнікавы завулак;1;2-й подшипниковый переулок;53.8622516;27.6262034
2-і Паліграфічны завулак;1;2-й Полиграфический переулок;53.9479107;27.6084154
2-і Паліграфічны завулак;13;2-й Полиграфический переулок;53.9479107;27.6084154
2-і Паліграфічны завулак;2;2-й Полиграфический переулок;53.9479107;27.6084154
2-і Пераходны завулак;4;2-й переходный переулок;53.8876419;27.6535779
2-і Пераходны завулак;6;2-й переходный переулок;53.8876419;27.6535779
2-і Пуцеправодны завулак;14;2-й Путепроводный переулок;53.9237665;27.4994121
2-і Пуцеправодны завулак;1;2-й Путепроводный переулок;53.9237665;27.4994121
2-і Пуцеправодны завулак;11;2-й Путепроводный переулок;53.9237665;27.4994121
2-і Пуцеправодны завулак;3;2-й Путепроводный переулок;53.9237665;27.4994121
2-і Пуцеправодны завулак;9;2-й Путепроводный переулок;53.9237665;27.4994121
2-і Пуцеправодны завулак;8;2-й Путепроводный переулок;53.9237665;27.4994121
2-і Пуцеправодны завулак;15;2-й Путепроводный переулок;53.9237665;27.4994121
2-і Пуцеправодны завулак;5;2-й Путепроводный переулок;53.9237665;27.4994121
2-і Пуцеправодны завулак;13;2-й Путепроводный переулок;53.9237665;27.4994121
2-і Пуцеправодны завулак;16;2-й Путепроводный переулок;53.9237665;27.4994121
2-і Пуцеправодны завулак;10;2-й Путепроводный переулок;53.9237665;27.4994121
2-і Пуцеправодны завулак;4;2-й Путепроводный переулок;53.9237665;27.4994121
2-і Пуцеправодны завулак;17;2-й Путепроводный переулок;53.9237665;27.4994121
2-і Пуцеправодны завулак;19;2-й Путепроводный переулок;53.9237665;27.4994121
2-і Пуцеправодны завулак;6;2-й Путепроводный переулок;53.9237665;27.4994121
2-і Пуцеправодны завулак;12;2-й Путепроводный переулок;53.9237665;27.4994121
2-і Пуцеправодны завулак;18;2-й Путепроводный переулок;53.9237665;27.4994121
2-і Пуцеправодны завулак;7;2-й Путепроводный переулок;53.9237665;27.4994121
2-і Пуцеправодны завулак;20;2-й Путепроводный переулок;53.9237665;27.4994121
2-і Радыятарны завулак;2;2-й Радиаторный переулок;53.9253162;27.4817035
2-і Радыятарны завулак;24;2-й Радиаторный переулок;53.9253162;27.4817035
2-і Радыятарны завулак;20;2-й Радиаторный переулок;53.9253162;27.4817035
2-і Радыятарны завулак;3;2-й Радиаторный переулок;53.9253162;27.4817035
2-і Радыятарны завулак;6;2-й Радиаторный переулок;53.9253162;27.4817035
2-і Радыятарны завулак;4;2-й Радиаторный переулок;53.9253162;27.4817035
2-і Радыятарны завулак;8;2-й Радиаторный переулок;53.9253162;27.4817035
2-і Радыятарны завулак;19;2-й Радиаторный переулок;53.9253162;27.4817035
2-і Радыятарны завулак;13;2-й Радиаторный переулок;53.9253162;27.4817035
2-і Радыятарны завулак;32;2-й Радиаторный переулок;53.9253162;27.4817035
2-і Радыятарны завулак;9;2-й Радиаторный переулок;53.9253162;27.4817035
2-і Радыятарны завулак;31;2-й Радиаторный переулок;53.9253162;27.4817035
2-і Радыятарны завулак;14;2-й Радиаторный переулок;53.9253162;27.4817035
2-і Радыятарны завулак;23;2-й Радиаторный переулок;53.9253162;27.4817035
2-і Радыятарны завулак;15;2-й Радиаторный переулок;53.9253162;27.4817035
2-і Радыятарны завулак;16;2-й Радиаторный переулок;53.9253162;27.4817035
2-і Радыятарны завулак;26;2-й Радиаторный переулок;53.9253162;27.4817035
2-і Радыятарны завулак;7;2-й Радиаторный переулок;53.9253162;27.4817035
2-і Радыятарны завулак;11;2-й Радиаторный переулок;53.9253162;27.4817035
2-і Радыятарны завулак;29;2-й Радиаторный переулок;53.9253162;27.4817035
2-і Радыятарны завулак;35;2-й Радиаторный переулок;53.9253162;27.4817035
2-і Радыятарны завулак;28;2-й Радиаторный переулок;53.9253162;27.4817035
2-і Радыятарны завулак;21;2-й Радиаторный переулок;53.9253162;27.4817035
2-і Радыятарны завулак;12;2-й Радиаторный переулок;53.9253162;27.4817035
2-і Радыятарны завулак;18;2-й Радиаторный переулок;53.9253162;27.4817035
2-і Радыятарны завулак;5;2-й Радиаторный переулок;53.9253162;27.4817035
2-і Радыятарны завулак;30;2-й Радиаторный переулок;53.9253162;27.4817035
2-і Рыжскі завулак;4;2-й Рижский переулок;53.8602793;27.5283598
2-і Рыжскі завулак;4А;2-й Рижский переулок;53.8602793;27.5283598
2-і Рыжскі завулак;6;2-й Рижский переулок;53.8602793;27.5283598
2-і Рыжскі завулак;2;2-й Рижский переулок;53.8602793;27.5283598
2-і Рыжскі завулак;8;2-й Рижский переулок;53.8602793;27.5283598
2-і Рыжскі завулак;6А;2-й Рижский переулок;53.8602793;27.5283598
2-і Свірскі завулак;10;2-й Свирский переулок;53.9389823;27.5521155
2-і Свірскі завулак;12;2-й Свирский переулок;53.9389823;27.5521155
2-і Свірскі завулак;14;2-й Свирский переулок;53.9389823;27.5521155
2-і Свірскі завулак;16;2-й Свирский переулок;53.9389823;27.5521155
2-і Свірскі завулак;18;2-й Свирский переулок;53.9389823;27.5521155
2-і Свірскі завулак;19;2-й Свирский переулок;53.9389823;27.5521155
2-і Свірскі завулак;9;2-й Свирский переулок;53.9389823;27.5521155
2-і Свірскі завулак;1;2-й Свирский переулок;53.9389823;27.5521155
2-і Свірскі завулак;2;2-й Свирский переулок;53.9389823;27.5521155
2-і Сморгаўскі завулак;10;2-й Сморгавский переулок;53.9370098;27.553785
2-і Сморгаўскі завулак;11;2-й Сморгавский переулок;53.9370098;27.553785
2-і Сморгаўскі завулак;32;2-й Сморгавский переулок;53.9370098;27.553785
2-і Сморгаўскі завулак;43;2-й Сморгавский переулок;53.9370098;27.553785
2-і Тапаграфічны завулак;1;2-й Топографический переулок;53.9467225;27.6074305
2-і Трубны завулак;13;2-й Трубный переулок;53.8595484;27.5331119
2-і Трубны завулак;22;2-й Трубный переулок;53.8595484;27.5331119
2-і Трубны завулак;1Б;2-й Трубный переулок;53.8595484;27.5331119
2-і Трубны завулак;12А;2-й Трубный переулок;53.8595484;27.5331119
2-і Трубны завулак;21;2-й Трубный переулок;53.8595484;27.5331119
2-і Трубны завулак;6;2-й Трубный переулок;53.8595484;27.5331119
2-і Трубны завулак;5;2-й Трубный переулок;53.8595484;27.5331119
2-і Трубны завулак;3;2-й Трубный переулок;53.8595484;27.5331119
2-і Трубны завулак;8;2-й Трубный переулок;53.8595484;27.5331119
2-і Трубны завулак;12;2-й Трубный переулок;53.8595484;27.5331119
2-і Трубны завулак;1А;2-й Трубный переулок;53.8595484;27.5331119
2-і Трубны завулак;20;2-й Трубный переулок;53.8595484;27.5331119
2-і Трубны завулак;2;2-й Трубный переулок;53.8595484;27.5331119
2-і Трубны завулак;16;2-й Трубный переулок;53.8595484;27.5331119
2-і Трубны завулак;10А;2-й Трубный переулок;53.8595484;27.5331119
2-і Трубны завулак;25;2-й Трубный переулок;53.8595484;27.5331119
2-і Трубны завулак;4;2-й Трубный переулок;53.8595484;27.5331119
2-і Трубны завулак;18;2-й Трубный переулок;53.8595484;27.5331119
2-і Трубны завулак;1;2-й Трубный переулок;53.8595484;27.5331119
2-і Трубны завулак;13А;2-й Трубный переулок;53.8595484;27.5331119
2-і Трубны завулак;14;2-й Трубный переулок;53.8595484;27.5331119
2-і Трубны завулак;10;2-й Трубный переулок;53.8595484;27.5331119
2-і Трубны завулак;15;2-й Трубный переулок;53.8595484;27.5331119
2-і Трубны завулак;23;2-й Трубный переулок;53.8595484;27.5331119
2-і Тыражны завулак;1;2-й Тиражный переулок;53.9399575;27.5922718
2-і Тыражны завулак;2;2-й Тиражный переулок;53.9399575;27.5922718
2-і Халмагорскі завулак;1;2-й Холмогорский переулок;53.8878774;27.6518502
2-і Школьны завулак;8;2-й Школьный переулок;52.9969175;27.9086649
2-і Школьны завулак;2;2-й Школьный переулок;52.9969175;27.9086649
2-і Школьны завулак;1;2-й Школьный переулок;52.9969175;27.9086649
2-і Юнацкі завулак;14;2-й Молодежный переулок;53.8616507;27.6228498
2-і Юнацкі завулак;12;2-й Молодежный переулок;53.8616507;27.6228498
2-я вуліца Пржавальскага;19;2-я улица Пржавальского;53.8765817;27.6634417
2-я вуліца Шчорса;9;2-я улица Шчорса;53.8837115;27.5149407
2-я Землямерная вуліца;23;2-я Землемерная улица;53.8885566;27.5150296
2-я Землямерная вуліца;21;2-я Землемерная улица;53.8885566;27.5150296
2-я Пасялковая вуліца;15;2-я Деревенская улица;53.9435323;27.6005364
2-я Пасялковая вуліца;16;2-я Деревенская улица;53.9435323;27.6005364
2-я Пасялковая вуліца;26;2-я Деревенская улица;53.9435323;27.6005364
3-і Арлоўскі завулак;16А;3-й Орловский переулок;53.9334048;27.5562304
3-і Брэсцкі завулак;2;3-й Брестский переулок;53.8562323;27.5243621
3-і Брэсцкі завулак;26;3-й Брестский переулок;53.8562323;27.5243621
3-і Брэсцкі завулак;1;3-й Брестский переулок;53.8562323;27.5243621
3-і Брэсцкі завулак;17А к2;3-й Брестский переулок;53.8562323;27.5243621
3-і Брэсцкі завулак;17А к1;3-й Брестский переулок;53.8562323;27.5243621
3-і Брэсцкі завулак;17А;3-й Брестский переулок;53.8562323;27.5243621
3-і Брэсцкі завулак;15;3-й Брестский переулок;53.8562323;27.5243621
3-і Брэсцкі завулак;7;3-й Брестский переулок;53.8562323;27.5243621
3-і Брэсцкі завулак;20;3-й Брестский переулок;53.8562323;27.5243621
3-і Брэсцкі завулак;23;3-й Брестский переулок;53.8562323;27.5243621
3-і Брэсцкі завулак;5;3-й Брестский переулок;53.8562323;27.5243621
3-і Брэсцкі завулак;18;3-й Брестский переулок;53.8562323;27.5243621
3-і Брэсцкі завулак;19;3-й Брестский переулок;53.8562323;27.5243621
3-і Брэсцкі завулак;3;3-й Брестский переулок;53.8562323;27.5243621
3-і Брэсцкі завулак;31А;3-й Брестский переулок;53.8562323;27.5243621
3-і Брэсцкі завулак;4;3-й Брестский переулок;53.8562323;27.5243621
3-і Брэсцкі завулак;24;3-й Брестский переулок;53.8562323;27.5243621
3-і Брэсцкі завулак;10;3-й Брестский переулок;53.8562323;27.5243621
3-і Брэсцкі завулак;8;3-й Брестский переулок;53.8562323;27.5243621
3-і Брэсцкі завулак;29А;3-й Брестский переулок;53.8562323;27.5243621
3-і Брэсцкі завулак;31Б;3-й Брестский переулок;53.8562323;27.5243621
3-і Брэсцкі завулак;29;3-й Брестский переулок;53.8562323;27.5243621
3-і Брэсцкі завулак;22;3-й Брестский переулок;53.8562323;27.5243621
3-і Брэсцкі завулак;25;3-й Брестский переулок;53.8562323;27.5243621
3-і Брэсцкі завулак;6;3-й Брестский переулок;53.8562323;27.5243621
3-і Брэсцкі завулак;17;3-й Брестский переулок;53.8562323;27.5243621
3-і Брэсцкі завулак;9;3-й Брестский переулок;53.8562323;27.5243621
3-і Брэсцкі завулак;31;3-й Брестский переулок;53.8562323;27.5243621
3-і Брэсцкі завулак;21;3-й Брестский переулок;53.8562323;27.5243621
3-і Брэсцкі завулак;15А;3-й Брестский переулок;53.8562323;27.5243621
3-і Дзіцячы завулак;22;3-й Детский переулок;53.8630943;27.6285964
3-і Дзіцячы завулак;1;3-й Детский переулок;53.8630943;27.6285964
3-і Дзіцячы завулак;2;3-й Детский переулок;53.8630943;27.6285964
3-і Дзіцячы завулак;21;3-й Детский переулок;53.8630943;27.6285964
3-і завулак Глаголева;13;3-й переулок Глаголева;53.8831546;27.5006391
3-і завулак Глаголева;11;3-й переулок Глаголева;53.8831546;27.5006391
3-і завулак Глаголева;23;3-й переулок Глаголева;53.8831546;27.5006391
3-і завулак Глаголева;25;3-й переулок Глаголева;53.8831546;27.5006391
3-і завулак Глаголева;9;3-й переулок Глаголева;53.8831546;27.5006391
3-і завулак Глаголева;19;3-й переулок Глаголева;53.8831546;27.5006391
3-і завулак Глаголева;21;3-й переулок Глаголева;53.8831546;27.5006391
3-і завулак Зубачова;8;3-й переулок Зубачёва;53.8552219;27.5242891
3-і завулак Зубачова;16;3-й переулок Зубачёва;53.8552219;27.5242891
3-і завулак Зубачова;24;3-й переулок Зубачёва;53.8552219;27.5242891
3-і завулак Зубачова;12;3-й переулок Зубачёва;53.8552219;27.5242891
3-і завулак Зубачова;6;3-й переулок Зубачёва;53.8552219;27.5242891
3-і завулак Зубачова;14;3-й переулок Зубачёва;53.8552219;27.5242891
3-і завулак Зубачова;10;3-й переулок Зубачёва;53.8552219;27.5242891
3-і завулак Зубачова;20;3-й переулок Зубачёва;53.8552219;27.5242891
3-і завулак Зубачова;22А;3-й переулок Зубачёва;53.8552219;27.5242891
3-і завулак Зубачова;18;3-й переулок Зубачёва;53.8552219;27.5242891
3-і завулак Зубачова;22;3-й переулок Зубачёва;53.8552219;27.5242891
3-і завулак Зубачова;4;3-й переулок Зубачёва;53.8552219;27.5242891
3-і завулак Зубачова;2;3-й переулок Зубачёва;53.8552219;27.5242891
3-і завулак Зубачова;3;3-й переулок Зубачёва;53.8552219;27.5242891
3-і завулак Зубачова;7;3-й переулок Зубачёва;53.8552219;27.5242891
3-і завулак Зубачова;1;3-й переулок Зубачёва;53.8552219;27.5242891
3-і завулак Кальцова;59;3-й переулок Кольцова;53.9525849;27.5936356
3-і завулак Кальцова;60;3-й переулок Кольцова;53.9525849;27.5936356
3-і завулак Мажайскага;49;3-й переулок Можайского;53.9435058;27.5760282
3-і завулак Мажайскага;71;3-й переулок Можайского;53.9435058;27.5760282
3-і завулак Мажайскага;84;3-й переулок Можайского;53.9435058;27.5760282
3-і завулак Мажайскага;25;3-й переулок Можайского;53.9435058;27.5760282
3-і завулак Мажайскага;36;3-й переулок Можайского;53.9435058;27.5760282
3-і завулак Мажайскага;47;3-й переулок Можайского;53.9435058;27.5760282
3-і завулак Мажайскага;60;3-й переулок Можайского;53.9435058;27.5760282
3-і завулак Мажайскага;16;3-й переулок Можайского;53.9435058;27.5760282
3-і завулак Мажайскага;30А;3-й переулок Можайского;53.9435058;27.5760282
3-і завулак Мажайскага;9;3-й переулок Можайского;53.9435058;27.5760282
3-і завулак Мантажнікаў;92/1;3-й переулок Монтажников;53.8764719;27.413143
3-і завулак Мантажнікаў;3;3-й переулок Монтажников;53.8764719;27.413143
3-і завулак Мантажнікаў;3А;3-й переулок Монтажников;53.8764719;27.413143
3-і завулак Мантажнікаў;3Б;3-й переулок Монтажников;53.8764719;27.413143
3-і завулак Мантажнікаў;2;3-й переулок Монтажников;53.8764719;27.413143
3-і Загарадны завулак;4А;3-й Загородный переулок;53.8989957;27.517591
3-і Загарадны завулак;4в оф207;3-й Загородный переулок;53.8989957;27.517591
3-і Загарадны завулак;8;3-й Загородный переулок;53.8989957;27.517591
3-і Загарадны завулак;4В;3-й Загородный переулок;53.8989957;27.517591
3-і Загарадны завулак;4А оф12;3-й Загородный переулок;53.8989957;27.517591
3-і Зарэчны завулак;1;3-й Заречный переулок;53.8425303;27.6390587
3-і Зарэчны завулак;24А;3-й Заречный переулок;53.8425303;27.6390587
3-і Земляробчы завулак;2;3-й Земледельческий переулок;53.940517;27.5632713
3-і Парніковы завулак;13А;3-й Парниковый переулок;53.9181226;27.6444903
3-і Парніковы завулак;5;3-й Парниковый переулок;53.9181226;27.6444903
3-і Парніковы завулак;3;3-й Парниковый переулок;53.9181226;27.6444903
3-і Парніковы завулак;19А;3-й Парниковый переулок;53.9181226;27.6444903
3-і Парніковы завулак;13В;3-й Парниковый переулок;53.9181226;27.6444903
3-і Парніковы завулак;7;3-й Парниковый переулок;53.9181226;27.6444903
3-і Парніковы завулак;9;3-й Парниковый переулок;53.9181226;27.6444903
3-і Парніковы завулак;13Б;3-й Парниковый переулок;53.9181226;27.6444903
3-і Парніковы завулак;3А;3-й Парниковый переулок;53.9181226;27.6444903
3-і Парніковы завулак;15;3-й Парниковый переулок;53.9181226;27.6444903
3-і Парніковы завулак;13Г;3-й Парниковый переулок;53.9181226;27.6444903
3-і Парніковы завулак;17;3-й Парниковый переулок;53.9181226;27.6444903
3-і Парніковы завулак;11;3-й Парниковый переулок;53.9181226;27.6444903
3-і Парніковы завулак;13;3-й Парниковый переулок;53.9181226;27.6444903
3-і Парніковы завулак;9А;3-й Парниковый переулок;53.9181226;27.6444903
3-і Парніковы завулак;19;3-й Парниковый переулок;53.9181226;27.6444903
3-і Пасялковы завулак;1;3-й Поселковый переулок;53.9466636;27.595212
3-і Пасялковы завулак;21;3-й Поселковый переулок;53.9466636;27.595212
3-і Пуцеправодны завулак;6;3-й Путепроводный переулок;53.9238975;27.4982435
3-і Пуцеправодны завулак;5;3-й Путепроводный переулок;53.9238975;27.4982435
3-і Пуцеправодны завулак;15;3-й Путепроводный переулок;53.9238975;27.4982435
3-і Пуцеправодны завулак;14;3-й Путепроводный переулок;53.9238975;27.4982435
3-і Пуцеправодны завулак;8;3-й Путепроводный переулок;53.9238975;27.4982435
3-і Пуцеправодны завулак;22;3-й Путепроводный переулок;53.9238975;27.4982435
3-і Пуцеправодны завулак;17;3-й Путепроводный переулок;53.9238975;27.4982435
3-і Пуцеправодны завулак;13;3-й Путепроводный переулок;53.9238975;27.4982435
3-і Пуцеправодны завулак;9;3-й Путепроводный переулок;53.9238975;27.4982435
3-і Пуцеправодны завулак;16;3-й Путепроводный переулок;53.9238975;27.4982435
3-і Пуцеправодны завулак;18;3-й Путепроводный переулок;53.9238975;27.4982435
3-і Пуцеправодны завулак;7;3-й Путепроводный переулок;53.9238975;27.4982435
3-і Пуцеправодны завулак;24;3-й Путепроводный переулок;53.9238975;27.4982435
3-і Пуцеправодны завулак;26;3-й Путепроводный переулок;53.9238975;27.4982435
3-і Пуцеправодны завулак;11;3-й Путепроводный переулок;53.9238975;27.4982435
3-і Пуцеправодны завулак;20;3-й Путепроводный переулок;53.9238975;27.4982435
3-і Пуцеправодны завулак;21;3-й Путепроводный переулок;53.9238975;27.4982435
3-і Пуцеправодны завулак;19;3-й Путепроводный переулок;53.9238975;27.4982435
3-і Пуцеправодны завулак;10;3-й Путепроводный переулок;53.9238975;27.4982435
3-і Радыятарны завулак;15;3-й Радиаторный переулок;53.9256389;27.4851729
3-і Радыятарны завулак;3;3-й Радиаторный переулок;53.9256389;27.4851729
3-і Радыятарны завулак;11;3-й Радиаторный переулок;53.9256389;27.4851729
3-і Радыятарны завулак;7;3-й Радиаторный переулок;53.9256389;27.4851729
3-і Радыятарны завулак;13;3-й Радиаторный переулок;53.9256389;27.4851729
3-і Радыятарны завулак;5;3-й Радиаторный переулок;53.9256389;27.4851729
3-і Радыятарны завулак;21;3-й Радиаторный переулок;53.9256389;27.4851729
3-і Радыятарны завулак;19;3-й Радиаторный переулок;53.9256389;27.4851729
3-і Радыятарны завулак;39;3-й Радиаторный переулок;53.9256389;27.4851729
3-і Радыятарны завулак;33;3-й Радиаторный переулок;53.9256389;27.4851729
3-і Радыятарны завулак;31;3-й Радиаторный переулок;53.9256389;27.4851729
3-і Радыятарны завулак;25;3-й Радиаторный переулок;53.9256389;27.4851729
3-і Радыятарны завулак;37;3-й Радиаторный переулок;53.9256389;27.4851729
3-і Радыятарны завулак;29;3-й Радиаторный переулок;53.9256389;27.4851729
3-і Радыятарны завулак;27;3-й Радиаторный переулок;53.9256389;27.4851729
3-і Радыятарны завулак;23;3-й Радиаторный переулок;53.9256389;27.4851729
3-і Радыятарны завулак;35;3-й Радиаторный переулок;53.9256389;27.4851729
3-і Свірскі завулак;1;3-й Свирский переулок;53.9385122;27.5538518
3-і Свірскі завулак;10;3-й Свирский переулок;53.9385122;27.5538518
3-і Свірскі завулак;11;3-й Свирский переулок;53.9385122;27.5538518
3-і Свірскі завулак;2;3-й Свирский переулок;53.9385122;27.5538518
3-і Сморгаўскі завулак;15;3-й Сморгавский переулок;53.9367443;27.557265
3-і Трубны завулак;7;3-й Трубный переулок;;
3-і Трубны завулак;1;3-й Трубный переулок;;
3-і Трубны завулак;2;3-й Трубный переулок;;
3-і Трубны завулак;5;3-й Трубный переулок;;
3-і Трубны завулак;4;3-й Трубный переулок;;
3-і Чыгуначны завулак;8;3-й железнодорожный переулок;53.8831556;27.5244266
3-і Чыгуначны завулак;3;3-й железнодорожный переулок;53.8831556;27.5244266
3-і Чыгуначны завулак;16;3-й железнодорожный переулок;53.8831556;27.5244266
3-і Чыгуначны завулак;18;3-й железнодорожный переулок;53.8831556;27.5244266
3-і Чыгуначны завулак;33;3-й железнодорожный переулок;53.8831556;27.5244266
3-і Чыгуначны завулак;4;3-й железнодорожный переулок;53.8831556;27.5244266
3-і Школьны завулак;6;3-й Школьный переулок;53.9204523;27.3795305
3-і Школьны завулак;3;3-й Школьный переулок;53.9204523;27.3795305
3-і Школьны завулак;1;3-й Школьный переулок;53.9204523;27.3795305
3-я вуліца Шчорса;9;3-я улица Шорса;53.8828871;27.5128237
3-я вуліца Шчорса;2;3-я улица Шорса;53.8828871;27.5128237
3-я вуліца Шчорса;5;3-я улица Шорса;53.8828871;27.5128237
3-я вуліца Шчорса;9-205;3-я улица Шорса;53.8828871;27.5128237
4-ы Абухоўскі завулак;12;4-й Обуховский переулок;53.880533;27.5064824
4-ы Арлоўскі завулак;11;4-й Орловский переулок;53.9337123;27.5571832
4-ы Арлоўскі завулак;14;4-й Орловский переулок;53.9337123;27.5571832
4-ы Брэсцкі завулак;30А;4-й Брестский переулок;53.8559719;27.5288276
4-ы Брэсцкі завулак;5;4-й Брестский переулок;53.8559719;27.5288276
4-ы Брэсцкі завулак;9;4-й Брестский переулок;53.8559719;27.5288276
4-ы Брэсцкі завулак;4;4-й Брестский переулок;53.8559719;27.5288276
4-ы Брэсцкі завулак;7;4-й Брестский переулок;53.8559719;27.5288276
4-ы Брэсцкі завулак;17А;4-й Брестский переулок;53.8559719;27.5288276
4-ы Брэсцкі завулак;20Б;4-й Брестский переулок;53.8559719;27.5288276
4-ы Брэсцкі завулак;24А;4-й Брестский переулок;53.8559719;27.5288276
4-ы Брэсцкі завулак;20А;4-й Брестский переулок;53.8559719;27.5288276
4-ы Брэсцкі завулак;12;4-й Брестский переулок;53.8559719;27.5288276
4-ы Брэсцкі завулак;24;4-й Брестский переулок;53.8559719;27.5288276
4-ы Брэсцкі завулак;28;4-й Брестский переулок;53.8559719;27.5288276
4-ы Брэсцкі завулак;25;4-й Брестский переулок;53.8559719;27.5288276
4-ы Брэсцкі завулак;29;4-й Брестский переулок;53.8559719;27.5288276
4-ы Брэсцкі завулак;14;4-й Брестский переулок;53.8559719;27.5288276
4-ы Брэсцкі завулак;22;4-й Брестский переулок;53.8559719;27.5288276
4-ы Брэсцкі завулак;12А;4-й Брестский переулок;53.8559719;27.5288276
4-ы Брэсцкі завулак;21;4-й Брестский переулок;53.8559719;27.5288276
4-ы Брэсцкі завулак;16;4-й Брестский переулок;53.8559719;27.5288276
4-ы Брэсцкі завулак;19;4-й Брестский переулок;53.8559719;27.5288276
4-ы Брэсцкі завулак;17;4-й Брестский переулок;53.8559719;27.5288276
4-ы Брэсцкі завулак;18;4-й Брестский переулок;53.8559719;27.5288276
4-ы Брэсцкі завулак;20;4-й Брестский переулок;53.8559719;27.5288276
4-ы Брэсцкі завулак;3;4-й Брестский переулок;53.8559719;27.5288276
4-ы Брэсцкі завулак;6;4-й Брестский переулок;53.8559719;27.5288276
4-ы Брэсцкі завулак;26;4-й Брестский переулок;53.8559719;27.5288276
4-ы Брэсцкі завулак;10;4-й Брестский переулок;53.8559719;27.5288276
4-ы Брэсцкі завулак;20В;4-й Брестский переулок;53.8559719;27.5288276
4-ы Брэсцкі завулак;20Г;4-й Брестский переулок;53.8559719;27.5288276
4-ы завулак Кальцова;2;4-й переулок Кольцова;53.9524447;27.5887984
4-ы завулак Кальцова;59;4-й переулок Кольцова;53.9524447;27.5887984
4-ы завулак Кальцова;51;4-й переулок Кольцова;53.9524447;27.5887984
4-ы завулак Кальцова;3;4-й переулок Кольцова;53.9524447;27.5887984
4-ы завулак Кальцова;53;4-й переулок Кольцова;53.9524447;27.5887984
4-ы завулак Кальцова;10;4-й переулок Кольцова;53.9524447;27.5887984
4-ы завулак Кальцова;8Б;4-й переулок Кольцова;53.9524447;27.5887984
4-ы завулак Кальцова;8А;4-й переулок Кольцова;53.9524447;27.5887984
4-ы завулак Кальцова;8;4-й переулок Кольцова;53.9524447;27.5887984
4-ы завулак Мантажнікаў;6;4-й переулок Монтажников;53.8778044;27.4112307
4-ы завулак Мантажнікаў;5;4-й переулок Монтажников;53.8778044;27.4112307
4-ы завулак Мантажнікаў;9;4-й переулок Монтажников;53.8778044;27.4112307
4-ы завулак Міхалова;25;4-й переулок Михалово;53.8731605;27.4784363
4-ы завулак Міхалова;27;4-й переулок Михалово;53.8731605;27.4784363
4-ы Загарадны завулак;18;4-й Загородный переулок;53.9016976;27.5126097
4-ы Загарадны завулак;8А;4-й Загородный переулок;53.9016976;27.5126097
4-ы Загарадны завулак;9;4-й Загородный переулок;53.9016976;27.5126097
4-ы Загарадны завулак;21;4-й Загородный переулок;53.9016976;27.5126097
4-ы Загарадны завулак;51;4-й Загородный переулок;53.9016976;27.5126097
4-ы Загарадны завулак;47;4-й Загородный переулок;53.9016976;27.5126097
4-ы Загарадны завулак;19;4-й Загородный переулок;53.9016976;27.5126097
4-ы Загарадны завулак;15;4-й Загородный переулок;53.9016976;27.5126097
4-ы Загарадны завулак;41;4-й Загородный переулок;53.9016976;27.5126097
4-ы Загарадны завулак;45;4-й Загородный переулок;53.9016976;27.5126097
4-ы Загарадны завулак;7;4-й Загородный переулок;53.9016976;27.5126097
4-ы Загарадны завулак;47А;4-й Загородный переулок;53.9016976;27.5126097
4-ы Загарадны завулак;36;4-й Загородный переулок;53.9016976;27.5126097
4-ы Паліграфічны завулак;74;4-й Полиграфический переулок;53.9499023;27.597121
4-ы Пуцеправодны завулак;15;4-й Путепроводный переулок;53.9245411;27.4976975
4-ы Пуцеправодны завулак;6;4-й Путепроводный переулок;53.9245411;27.4976975
4-ы Пуцеправодны завулак;14;4-й Путепроводный переулок;53.9245411;27.4976975
4-ы Пуцеправодны завулак;19;4-й Путепроводный переулок;53.9245411;27.4976975
4-ы Пуцеправодны завулак;4;4-й Путепроводный переулок;53.9245411;27.4976975
4-ы Пуцеправодны завулак;12;4-й Путепроводный переулок;53.9245411;27.4976975
4-ы Пуцеправодны завулак;8;4-й Путепроводный переулок;53.9245411;27.4976975
4-ы Пуцеправодны завулак;18;4-й Путепроводный переулок;53.9245411;27.4976975
4-ы Пуцеправодны завулак;10;4-й Путепроводный переулок;53.9245411;27.4976975
4-ы Пуцеправодны завулак;16;4-й Путепроводный переулок;53.9245411;27.4976975
4-ы Пуцеправодны завулак;5;4-й Путепроводный переулок;53.9245411;27.4976975
4-ы Пуцеправодны завулак;11;4-й Путепроводный переулок;53.9245411;27.4976975
4-ы Пуцеправодны завулак;17;4-й Путепроводный переулок;53.9245411;27.4976975
4-ы Пуцеправодны завулак;2;4-й Путепроводный переулок;53.9245411;27.4976975
4-ы Пуцеправодны завулак;21;4-й Путепроводный переулок;53.9245411;27.4976975
4-ы Пуцеправодны завулак;7;4-й Путепроводный переулок;53.9245411;27.4976975
4-ы Пуцеправодны завулак;13;4-й Путепроводный переулок;53.9245411;27.4976975
4-ы Радыятарны завулак;8;4-й Радиаторный переулок;53.9240591;27.4957953
4-ы Радыятарны завулак;31;4-й Радиаторный переулок;53.9240591;27.4957953
4-ы Радыятарны завулак;34;4-й Радиаторный переулок;53.9240591;27.4957953
4-ы Радыятарны завулак;21;4-й Радиаторный переулок;53.9240591;27.4957953
4-ы Радыятарны завулак;23;4-й Радиаторный переулок;53.9240591;27.4957953
4-ы Радыятарны завулак;25;4-й Радиаторный переулок;53.9240591;27.4957953
4-ы Радыятарны завулак;4;4-й Радиаторный переулок;53.9240591;27.4957953
4-ы Радыятарны завулак;5;4-й Радиаторный переулок;53.9240591;27.4957953
4-ы Радыятарны завулак;15;4-й Радиаторный переулок;53.9240591;27.4957953
4-ы Радыятарны завулак;19;4-й Радиаторный переулок;53.9240591;27.4957953
4-ы Радыятарны завулак;3;4-й Радиаторный переулок;53.9240591;27.4957953
4-ы Радыятарны завулак;10;4-й Радиаторный переулок;53.9240591;27.4957953
4-ы Радыятарны завулак;9;4-й Радиаторный переулок;53.9240591;27.4957953
4-ы Радыятарны завулак;17;4-й Радиаторный переулок;53.9240591;27.4957953
4-ы Радыятарны завулак;7;4-й Радиаторный переулок;53.9240591;27.4957953
4-ы Радыятарны завулак;13;4-й Радиаторный переулок;53.9240591;27.4957953
4-ы Радыятарны завулак;26;4-й Радиаторный переулок;53.9240591;27.4957953
4-ы Радыятарны завулак;22;4-й Радиаторный переулок;53.9240591;27.4957953
4-ы Радыятарны завулак;30;4-й Радиаторный переулок;53.9240591;27.4957953
4-ы Радыятарны завулак;32;4-й Радиаторный переулок;53.9240591;27.4957953
4-ы Радыятарны завулак;27;4-й Радиаторный переулок;53.9240591;27.4957953
4-ы Радыятарны завулак;24;4-й Радиаторный переулок;53.9240591;27.4957953
4-ы Радыятарны завулак;18;4-й Радиаторный переулок;53.9240591;27.4957953
4-ы Радыятарны завулак;16;4-й Радиаторный переулок;53.9240591;27.4957953
4-ы Радыятарны завулак;12;4-й Радиаторный переулок;53.9240591;27.4957953
4-ы Свірскі завулак;13;4-й Свирский переулок;53.9392261;27.5547884
4-ы Свірскі завулак;15;4-й Свирский переулок;53.9392261;27.5547884
4-ы Свірскі завулак;17;4-й Свирский переулок;53.9392261;27.5547884
4-ы Свірскі завулак;1;4-й Свирский переулок;53.9392261;27.5547884
4-ы Свірскі завулак;10;4-й Свирский переулок;53.9392261;27.5547884
4-ы Свірскі завулак;11;4-й Свирский переулок;53.9392261;27.5547884
4-ы Свірскі завулак;2;4-й Свирский переулок;53.9392261;27.5547884
4-ы Сморгаўскі завулак;18;4-й Сморгавский переулок;53.9372959;27.5574651
4-ы Сморгаўскі завулак;21;4-й Сморгавский переулок;53.9372959;27.5574651
4-ы Чыгуначны завулак;5;4-й железнодорожный переулок;53.8822249;27.5233853
4-ы Чыгуначны завулак;2;4-й железнодорожный переулок;53.8822249;27.5233853
4-ы Школьны завулак;6;4-й Школьный переулок;53.9224639;27.3761007
5-ы Брэсцкі завулак;4;5-й Брестский переулок;53.8572724;27.5204201
5-ы Брэсцкі завулак;6;5-й Брестский переулок;53.8572724;27.5204201
5-ы Брэсцкі завулак;10;5-й Брестский переулок;53.8572724;27.5204201
5-ы Брэсцкі завулак;12;5-й Брестский переулок;53.8572724;27.5204201
5-ы Пуцеправодны завулак;18;5-й Путепроводный переулок;53.9248934;27.4968007
5-ы Пуцеправодны завулак;6;5-й Путепроводный переулок;53.9248934;27.4968007
5-ы Пуцеправодны завулак;3;5-й Путепроводный переулок;53.9248934;27.4968007
5-ы Пуцеправодны завулак;21;5-й Путепроводный переулок;53.9248934;27.4968007
5-ы Пуцеправодны завулак;14;5-й Путепроводный переулок;53.9248934;27.4968007
5-ы Пуцеправодны завулак;11;5-й Путепроводный переулок;53.9248934;27.4968007
5-ы Пуцеправодны завулак;12;5-й Путепроводный переулок;53.9248934;27.4968007
5-ы Пуцеправодны завулак;7;5-й Путепроводный переулок;53.9248934;27.4968007
5-ы Пуцеправодны завулак;16;5-й Путепроводный переулок;53.9248934;27.4968007
5-ы Пуцеправодны завулак;9;5-й Путепроводный переулок;53.9248934;27.4968007
5-ы Пуцеправодны завулак;17;5-й Путепроводный переулок;53.9248934;27.4968007
5-ы Пуцеправодны завулак;13;5-й Путепроводный переулок;53.9248934;27.4968007
5-ы Пуцеправодны завулак;10;5-й Путепроводный переулок;53.9248934;27.4968007
5-ы Пуцеправодны завулак;15;5-й Путепроводный переулок;53.9248934;27.4968007
5-ы Пуцеправодны завулак;25;5-й Путепроводный переулок;53.9248934;27.4968007
5-ы Пуцеправодны завулак;1;5-й Путепроводный переулок;53.9248934;27.4968007
5-ы Пуцеправодны завулак;5;5-й Путепроводный переулок;53.9248934;27.4968007
5-ы Радыятарны завулак;4;5-й Радиаторный переулок;53.924988;27.4939028
5-ы Радыятарны завулак;5;5-й Радиаторный переулок;53.924988;27.4939028
5-ы Радыятарны завулак;6;5-й Радиаторный переулок;53.924988;27.4939028
5-ы Радыятарны завулак;1;5-й Радиаторный переулок;53.924988;27.4939028
5-ы Радыятарны завулак;10;5-й Радиаторный переулок;53.924988;27.4939028
5-ы Сморгаўскі завулак;13;5-й Сморгавский переулок;53.935728;27.5601117
5-ы Сморгаўскі завулак;47;5-й Сморгавский переулок;53.935728;27.5601117
5-ы Сморгаўскі завулак;99;5-й Сморгавский переулок;53.935728;27.5601117
5-ы Сморгаўскі завулак;2;5-й Сморгавский переулок;53.935728;27.5601117
5-ы Сморгаўскі завулак;55;5-й Сморгавский переулок;53.935728;27.5601117
5-ы Чыгуначны завулак;6;5-й железнодорожный переулок;53.8819441;27.5226386
5-ы Чыгуначны завулак;3А;5-й железнодорожный переулок;53.8819441;27.5226386
5-ы Чыгуначны завулак;4;5-й железнодорожный переулок;53.8819441;27.5226386
6-ы Арлоўскі завулак;17;6-й Орловский переулок;53.9337223;27.5600411
6-ы Арлоўскі завулак;18;6-й Орловский переулок;53.9337223;27.5600411
6-ы Пуцеправодны завулак;3А;6-й Путепроводный переулок;53.9232772;27.4946939
6-ы Пуцеправодны завулак;19;6-й Путепроводный переулок;53.9232772;27.4946939
6-ы Пуцеправодны завулак;17;6-й Путепроводный переулок;53.9232772;27.4946939
6-ы Пуцеправодны завулак;13А;6-й Путепроводный переулок;53.9232772;27.4946939
6-ы Пуцеправодны завулак;9;6-й Путепроводный переулок;53.9232772;27.4946939
6-ы Пуцеправодны завулак;15;6-й Путепроводный переулок;53.9232772;27.4946939
7-ы Арлоўскі завулак;17;7-й Орловский переулок;53.9337189;27.5610086
7-ы Пуцеправодны завулак;12;6-й Путепроводный переулок;53.9251714;27.4922915
7-ы Пуцеправодны завулак;8;7-й Путепроводный переулок;53.9251714;27.4922915
7-ы Пуцеправодны завулак;2;7-й Путепроводный переулок;53.9251714;27.4922915
7-ы Чыгуначны завулак;8;7-й железнодорожный переулок;53.8793708;27.5164695
7-ы Чыгуначны завулак;9;7-й железнодорожный переулок;53.8793708;27.5164695
8-ы Арлоўскі завулак;1;8-й Орловский переулок;53.9328847;27.5596586
8-ы Арлоўскі завулак;3;8-й Орловский переулок;53.9328847;27.5596586
8-ы Арлоўскі завулак;5;8-й Орловский переулок;53.9328847;27.5596586
8-ы Арлоўскі завулак;10;8-й Орловский переулок;53.9328847;27.5596586
8-ы Арлоўскі завулак;11;8-й Орловский переулок;53.9328847;27.5596586
8-ы Арлоўскі завулак;7;8-й Орловский переулок;53.9328847;27.5596586
8-ы Арлоўскі завулак;9;8-й Орловский переулок;53.9328847;27.5596586
8-ы Пуцеправодны завулак;15;8-й Путепроводный переулок;53.9249122;27.4902582
8-ы Пуцеправодны завулак;13;8-й Путепроводный переулок;53.9249122;27.4902582
8-ы Пуцеправодны завулак;19;8-й Путепроводный переулок;53.9249122;27.4902582
8-ы Пуцеправодны завулак;17;8-й Путепроводный переулок;53.9249122;27.4902582
8-ы Пуцеправодны завулак;11;8-й Путепроводный переулок;53.9249122;27.4902582
8-ы Чыгуначны завулак;1;8-й железнодорожный переулок;53.8794275;27.5146868
Авангардная вуліца;38;Авангардная улица;53.9030417;27.6311037
Авангардная вуліца;20;Авангардная улица;53.9030417;27.6311037
Авангардная вуліца;40;Авангардная улица;53.9030417;27.6311037
Авангардная вуліца;35;Авангардная улица;53.9030417;27.6311037
Авангардная вуліца;36;Авангардная улица;53.9030417;27.6311037
Авангардная вуліца;29;Авангардная улица;53.9030417;27.6311037
Авангардная вуліца;27;Авангардная улица;53.9030417;27.6311037
Авангардная вуліца;23;Авангардная улица;53.9030417;27.6311037
Авангардная вуліца;19;Авангардная улица;53.9030417;27.6311037
Авангардная вуліца;33;Авангардная улица;53.9030417;27.6311037
Авангардная вуліца;34;Авангардная улица;53.9030417;27.6311037
Авангардны завулак;5;Авангардный переулок;53.9065042;27.6258973
Авангардны завулак;4;Авангардный переулок;53.9065042;27.6258973
Авангардны завулак;7;Авангардный переулок;53.9065042;27.6258973
Авангардны завулак;6;Авангардный переулок;53.9065042;27.6258973
Авангардны завулак;12;Авангардный переулок;53.9065042;27.6258973
Авангардны завулак;1;Авангардный переулок;53.9065042;27.6258973
Авангардны завулак;2;Авангардный переулок;53.9065042;27.6258973
Авангардны завулак;9;Авангардный переулок;53.9065042;27.6258973
Авангардны завулак;8;Авангардный переулок;53.9065042;27.6258973
Авангардны завулак;11;Авангардный переулок;53.9065042;27.6258973
Авангардны завулак;13;Авангардный переулок;53.9065042;27.6258973
Авангардны завулак;15;Авангардный переулок;53.9065042;27.6258973
Авангардны завулак;10;Авангардный переулок;53.9065042;27.6258973
Авангардны завулак;3;Авангардный переулок;53.9065042;27.6258973
Авіяцыйная вуліца;8;Авиационная улица;53.9514991;27.6724948
Авіяцыйная вуліца;14;Авиационная улица;53.9514991;27.6724948
Авіяцыйная вуліца;10;Авиационная улица;53.9514991;27.6724948
Авіяцыйная вуліца;12;Авиационная улица;53.9514991;27.6724948
Авіяцыйная вуліца;43;Авиационная улица;53.9514991;27.6724948
Авіяцыйная вуліца;19;Авиационная улица;53.9514991;27.6724948
Авіяцыйная вуліца;17;Авиационная улица;53.9514991;27.6724948
Авіяцыйная вуліца;1;Авиационная улица;53.9514991;27.6724948
Авіяцыйная вуліца;4;Авиационная улица;53.9514991;27.6724948
Авіяцыйная вуліца;3;Авиационная улица;53.9514991;27.6724948
Авіяцыйная вуліца;5;Авиационная улица;53.9514991;27.6724948
Авіяцыйная вуліца;7;Авиационная улица;53.9514991;27.6724948
Авіяцыйная вуліца;9;Авиационная улица;53.9514991;27.6724948
Авіяцыйная вуліца;11;Авиационная улица;53.9514991;27.6724948
Авіяцыйная вуліца;2;Авиационная улица;53.9514991;27.6724948
Авіяцыйная вуліца;16;Авиационная улица;53.9514991;27.6724948
Авіяцыйная вуліца;47;Авиационная улица;53.9514991;27.6724948
Адэская вуліца;40;Одесская улица;53.8729954;27.6575927
Адэская вуліца;42;Одесская улица;53.8729954;27.6575927
Адэская вуліца;28;Одесская улица;53.8729954;27.6575927
Адэская вуліца;24;Одесская улица;53.8729954;27.6575927
Адэская вуліца;51;Одесская улица;53.8729954;27.6575927
Адэская вуліца;11;Одесская улица;53.8729954;27.6575927
Адэская вуліца;22;Одесская улица;53.8729954;27.6575927
Адэская вуліца;20Б;Одесская улица;53.8729954;27.6575927
Адэская вуліца;20А;Одесская улица;53.8729954;27.6575927
Адэская вуліца;18;Одесская улица;53.8729954;27.6575927
Адэская вуліца;8;Одесская улица;53.8729954;27.6575927
Адэская вуліца;59;Одесская улица;53.8729954;27.6575927
Азёрная вуліца;19;Озёрная улица;53.9337767;27.5449832
Азёрная вуліца;4;Озёрная улица;53.9337767;27.5449832
Азёрная вуліца;15;Озёрная улица;53.9337767;27.5449832
Азёрная вуліца;13;Озёрная улица;53.9337767;27.5449832
Азёрная вуліца;11;Озёрная улица;53.9337767;27.5449832
Азёрная вуліца;9;Озёрная улица;53.9337767;27.5449832
Азоўская вуліца;2;Азовская улица;53.8806266;27.4976282
Азоўская вуліца;1;Азовская улица;53.8806266;27.4976282
Азоўская вуліца;7;Азовская улица;53.8806266;27.4976282
Азоўская вуліца;3;Азовская улица;53.8806266;27.4976282
Азоўская вуліца;9;Азовская улица;53.8806266;27.4976282
Азоўская вуліца;5;Азовская улица;53.8806266;27.4976282
Азоўская вуліца;4;Азовская улица;53.8806266;27.4976282
Азоўская вуліца;6;Азовская улица;53.8806266;27.4976282
Азоўская вуліца;10;Азовская улица;53.8806266;27.4976282
Акадэмічная вуліца;1;Академическая улица;53.9152017;27.6033353
Акадэмічная вуліца;13;Академическая улица;53.9152017;27.6033353
Акадэмічная вуліца;26;Академическая улица;53.9152017;27.6033353
Акадэмічная вуліца;27;Академическая улица;53.9152017;27.6033353
Акадэмічная вуліца;34;Академическая улица;53.9152017;27.6033353
Акадэмічная вуліца;10;Академическая улица;53.9152017;27.6033353
Акадэмічная вуліца;11Б;Академическая улица;53.9152017;27.6033353
Акадэмічная вуліца;46197;Академическая улица;53.9152017;27.6033353
Акадэмічная вуліца;21Б;Академическая улица;53.9152017;27.6033353
Акадэмічная вуліца;46258;Академическая улица;53.9152017;27.6033353
Акадэмічная вуліца;46354;Академическая улица;53.9152017;27.6033353
Акадэмічная вуліца;46227;Академическая улица;53.9152017;27.6033353
Акадэмічная вуліца;46350;Академическая улица;53.9152017;27.6033353
Акадэмічная вуліца;46077;Академическая улица;53.9152017;27.6033353
Акадэмічная вуліца;16;Академическая улица;53.9152017;27.6033353
Акадэмічная вуліца;46099;Академическая улица;53.9152017;27.6033353
Акадэмічная вуліца;12;Академическая улица;53.9152017;27.6033353
Акадэмічная вуліца;24;Академическая улица;53.9152017;27.6033353
Акадэмічная вуліца;22;Академическая улица;53.9152017;27.6033353
Акадэмічная вуліца;28;Академическая улица;53.9152017;27.6033353
Акадэмічная вуліца;32;Академическая улица;53.9152017;27.6033353
Акадэмічная вуліца;46052;Академическая улица;53.9152017;27.6033353
Акадэмічная вуліца;30;Академическая улица;53.9152017;27.6033353
Акадэмічная вуліца;8А;Академическая улица;53.9152017;27.6033353
Акадэмічная вуліца;6;Академическая улица;53.9152017;27.6033353
Акадэмічная вуліца;15 к1;Академическая улица;53.9152017;27.6033353
Акадэмічная вуліца;15 к2;Академическая улица;53.9152017;27.6033353
Акадэмічная вуліца;46081;Академическая улица;53.9152017;27.6033353
Акадэмічная вуліца;28А;Академическая улица;53.9152017;27.6033353
Акадэмічная вуліца;2 к2;Академическая улица;53.9152017;27.6033353
Акадэмічная вуліца;17;Академическая улица;53.9152017;27.6033353
Акадэмічная вуліца;24/13;Академическая улица;53.9152017;27.6033353
Акадэмічная вуліца;24/14;Академическая улица;53.9152017;27.6033353
Акадэмічная вуліца;46380;Академическая улица;53.9152017;27.6033353
Акадэмічная вуліца;46289;Академическая улица;53.9152017;27.6033353
Акадэмічная вуліца;46130;Академическая улица;53.9152017;27.6033353
Акадэмічная вуліца;46160;Академическая улица;53.9152017;27.6033353
Акадэмічная вуліца;46071;Академическая улица;53.9152017;27.6033353
Акадэмічная вуліца;18;Академическая улица;53.9152017;27.6033353
Алімпійскі завулак;2;Олимпийский переулок;53.9088409;27.3093366
Алтайская вуліца;1Г;Алтайская улица;53.8769053;27.668453
Алтайская вуліца;90 к1;Алтайская улица;53.8769053;27.668453
Алтайская вуліца;78 к3;Алтайская улица;53.8769053;27.668453
Алтайская вуліца;64 к5;Алтайская улица;53.8769053;27.668453
Алтайская вуліца;64 к4;Алтайская улица;53.8769053;27.668453
Алтайская вуліца;64 к3;Алтайская улица;53.8769053;27.668453
Алтайская вуліца;206;Алтайская улица;53.8769053;27.668453
Альшанская вуліца;3;Ольшанская улица;53.8648075;27.4272117
Амуратарская вуліца;7;Амуратарская улица;53.9098557;27.5289629
Амуратарская вуліца;4;Амуратарская улица;53.9098557;27.5289629
Амуратарская вуліца;4Б;Амуратарская улица;53.9098557;27.5289629
Амурская вуліца;8;Амурская улица;53.9388444;27.5880646
Амурская вуліца;10;Амурская улица;53.9388444;27.5880646
Амурская вуліца;2;Амурская улица;53.9388444;27.5880646
Амурская вуліца;3;Амурская улица;53.9388444;27.5880646
Амурская вуліца;4;Амурская улица;53.9388444;27.5880646
Амурская вуліца;7;Амурская улица;53.9388444;27.5880646
Амурская вуліца;5;Амурская улица;53.9388444;27.5880646
Амурская вуліца;9А;Амурская улица;53.9388444;27.5880646
Амурская вуліца;12;Амурская улица;53.9388444;27.5880646
Амурская вуліца;11;Амурская улица;53.9388444;27.5880646
Амурская вуліца;6;Амурская улица;53.9388444;27.5880646
Амурская вуліца;7А;Амурская улица;53.9388444;27.5880646
Амурскі завулак;4;Амурский переулок;53.939315;27.5884493
Амурскі завулак;3;Амурский переулок;53.939315;27.5884493
Амурскі завулак;7;Амурский переулок;53.939315;27.5884493
Амурскі завулак;9;Амурский переулок;53.939315;27.5884493
Ангарская вуліца;34;Ангарская улица;53.8837137;27.6752516
Ангарская вуліца;229;Ангарская улица;53.8837137;27.6752516
Ангарская вуліца;215;Ангарская улица;53.8837137;27.6752516
Ангарская вуліца;100;Ангарская улица;53.8837137;27.6752516
Ангарская вуліца;36;Ангарская улица;53.8837137;27.6752516
Ангарская вуліца;2 к3;Ангарская улица;53.8837137;27.6752516
Ангарская вуліца;46;Ангарская улица;53.8837137;27.6752516
Ангарская вуліца;92;Ангарская улица;53.8837137;27.6752516
Ангарская вуліца;42;Ангарская улица;53.8837137;27.6752516
Ангарская вуліца;48 к2;Ангарская улица;53.8837137;27.6752516
Ангарская вуліца;60А;Ангарская улица;53.8837137;27.6752516
Ангарская вуліца;74;Ангарская улица;53.8837137;27.6752516
Ангарская вуліца;88;Ангарская улица;53.8837137;27.6752516
Ангарская вуліца;38;Ангарская улица;53.8837137;27.6752516
Ангарская вуліца;48;Ангарская улица;53.8837137;27.6752516
Ангарская вуліца;66;Ангарская улица;53.8837137;27.6752516
Ангарская вуліца;68;Ангарская улица;53.8837137;27.6752516
Ангарская вуліца;70;Ангарская улица;53.8837137;27.6752516
Ангарская вуліца;72;Ангарская улица;53.8837137;27.6752516
Ангарская вуліца;82;Ангарская улица;53.8837137;27.6752516
Ангарская вуліца;84;Ангарская улица;53.8837137;27.6752516
Ангарская вуліца;76;Ангарская улица;53.8837137;27.6752516
Ангарская вуліца;86;Ангарская улица;53.8837137;27.6752516
Ангарская вуліца;78;Ангарская улица;53.8837137;27.6752516
Ангарская вуліца;80;Ангарская улица;53.8837137;27.6752516
Ангарская вуліца;60;Ангарская улица;53.8837137;27.6752516
Ангарская вуліца;50;Ангарская улица;53.8837137;27.6752516
Ангарская вуліца;52;Ангарская улица;53.8837137;27.6752516
Ангарская вуліца;54;Ангарская улица;53.8837137;27.6752516
Ангарская вуліца;58;Ангарская улица;53.8837137;27.6752516
Ангарская вуліца;187;Ангарская улица;53.8837137;27.6752516
Ангарская вуліца;183;Ангарская улица;53.8837137;27.6752516
Ангарская вуліца;6;Ангарская улица;53.8837137;27.6752516
Ангарская вуліца;62А;Ангарская улица;53.8837137;27.6752516
Ангарская вуліца;192;Ангарская улица;53.8837137;27.6752516
Ангарская вуліца;190;Ангарская улица;53.8837137;27.6752516
Ангарская вуліца;15Вк2;Ангарская улица;53.8837137;27.6752516
Ангарская вуліца;17В;Ангарская улица;53.8837137;27.6752516
Ангарская вуліца;17;Ангарская улица;53.8837137;27.6752516
Ангарская вуліца;19А;Ангарская улица;53.8837137;27.6752516
Ангарская вуліца;19Б;Ангарская улица;53.8837137;27.6752516
Ангарскі завулак;35;Ангарский переулок;53.8856584;27.670823
Ангарскі завулак;38;Ангарский переулок;53.8856584;27.670823
Ангарскі завулак;47;Ангарский переулок;53.8856584;27.670823
Ангарскі завулак;52;Ангарский переулок;53.8856584;27.670823
Ангарскі завулак;21;Ангарский переулок;53.8856584;27.670823
Ангарскі завулак;22;Ангарский переулок;53.8856584;27.670823
Ангарскі завулак;33;Ангарский переулок;53.8856584;27.670823
Ангарскі завулак;36;Ангарский переулок;53.8856584;27.670823
Ангарскі завулак;11;Ангарский переулок;53.8856584;27.670823
Ангарскі завулак;12;Ангарский переулок;53.8856584;27.670823
Ангарскі завулак;19;Ангарский переулок;53.8856584;27.670823
Ангарскі завулак;20;Ангарский переулок;53.8856584;27.670823
Ангарскі завулак;10;Ангарский переулок;53.8856584;27.670823
Ангарскі завулак;9;Ангарский переулок;53.8856584;27.670823
Ангарскі завулак;139;Ангарский переулок;53.8856584;27.670823
Ангарскі завулак;136;Ангарский переулок;53.8856584;27.670823
Ангарскі завулак;122;Ангарский переулок;53.8856584;27.670823
Ангарскі завулак;123;Ангарский переулок;53.8856584;27.670823
Ангарскі завулак;121;Ангарский переулок;53.8856584;27.670823
Ангарскі завулак;137;Ангарский переулок;53.8856584;27.670823
Ангарскі завулак;110;Ангарский переулок;53.8856584;27.670823
Андрэеўская вуліца;30;Андреевская улица;53.8942793;27.5865001
Андрэеўская вуліца;4А;Андреевская улица;53.8942793;27.5865001
Андрэеўская вуліца;11;Андреевская улица;53.8942793;27.5865001
Антонаўская вуліца;9;Антоновская улица;53.899589;27.5903973
Антонаўская вуліца;7;Антоновская улица;53.899589;27.5903973
Антонаўская вуліца;2;Антоновская улица;53.899589;27.5903973
Антонаўская вуліца;20;Антоновская улица;53.899589;27.5903973
Антонаўская вуліца;30А;Антоновская улица;53.899589;27.5903973
Антонаўская вуліца;28А;Антоновская улица;53.899589;27.5903973
Антонаўская вуліца;28;Антоновская улица;53.899589;27.5903973
Антонаўская вуліца;32;Антоновская улица;53.899589;27.5903973
Антонаўская вуліца;30;Антоновская улица;53.899589;27.5903973
Аранская вуліца;18;Аранская улица;53.8857421;27.5654458
Аранская вуліца;11-109;Аранская улица;53.8857421;27.5654458
Аранская вуліца;22А;Аранская улица;53.8857421;27.5654458
Аранская вуліца;13;Аранская улица;53.8857421;27.5654458
Арлоўская вуліца;49;Орловская улица;53.9304273;27.5367466
Арлоўская вуліца;61;Орловская улица;53.9304273;27.5367466
Арлоўская вуліца;15;Орловская улица;53.9304273;27.5367466
Арлоўская вуліца;13;Орловская улица;53.9304273;27.5367466
Арлоўская вуліца;25;Орловская улица;53.9304273;27.5367466
Арлоўская вуліца;55;Орловская улица;53.9304273;27.5367466
Арлоўская вуліца;17;Орловская улица;53.9304273;27.5367466
Арлоўская вуліца;38;Орловская улица;53.9304273;27.5367466
Арлоўская вуліца;40;Орловская улица;53.9304273;27.5367466
Арлоўская вуліца;40А;Орловская улица;53.9304273;27.5367466
Арлоўская вуліца;66;Орловская улица;53.9304273;27.5367466
Арлоўская вуліца;31;Орловская улица;53.9304273;27.5367466
Арлоўская вуліца;78;Орловская улица;53.9304273;27.5367466
Арлоўская вуліца;11;Орловская улица;53.9304273;27.5367466
Арлоўская вуліца;80;Орловская улица;53.9304273;27.5367466
Арлоўская вуліца;66 к2;Орловская улица;53.9304273;27.5367466
Арлоўская вуліца;88;Орловская улица;53.9304273;27.5367466
Арлоўская вуліца;76;Орловская улица;53.9304273;27.5367466
Арлоўская вуліца;76А;Орловская улица;53.9304273;27.5367466
Армейская вуліца;1Е;Армейская улица;53.5024002;28.1650354
Армейская вуліца;4;Армейская улица;53.5024002;28.1650354
Армейская вуліца;1Д;Армейская улица;53.5024002;28.1650354
Армейская вуліца;7;Армейская улица;53.5024002;28.1650354
Армейская вуліца;6;Армейская улица;53.5024002;28.1650354
Армейская вуліца;1;Армейская улица;53.5024002;28.1650354
Армейская вуліца;1А;Армейская улица;53.5024002;28.1650354
Армейская вуліца;3;Армейская улица;53.5024002;28.1650354
Армейская вуліца;2Г;Армейская улица;53.5024002;28.1650354
Армейская вуліца;5;Армейская улица;53.5024002;28.1650354
Армейская вуліца;2;Армейская улица;53.5024002;28.1650354
Аршанская вуліца;33;Аршанская улица;53.933475;27.5482032
Аршанская вуліца;50;Аршанская улица;53.933475;27.5482032
Аршанская вуліца;47;Аршанская улица;53.933475;27.5482032
Аршанская вуліца;19;Аршанская улица;53.933475;27.5482032
Аршанская вуліца;20;Аршанская улица;53.933475;27.5482032
Аршанская вуліца;18;Аршанская улица;53.933475;27.5482032
Аршанская вуліца;10;Аршанская улица;53.933475;27.5482032
Асвейская вуліца;9;Освейская улица;53.9667941;27.5777912
Асвейская вуліца;2;Освейская улица;53.9667941;27.5777912
Асвейская вуліца;7;Освейская улица;53.9667941;27.5777912
Асвейская вуліца;20;Освейская улица;53.9667941;27.5777912
Асвейская вуліца;19;Освейская улица;53.9667941;27.5777912
Асвейская вуліца;3;Освейская улица;53.9667941;27.5777912
Асвейская вуліца;17;Освейская улица;53.9667941;27.5777912
Асвейская вуліца;16;Освейская улица;53.9667941;27.5777912
Асвейская вуліца;5;Освейская улица;53.9667941;27.5777912
Асвейская вуліца;13;Освейская улица;53.9667941;27.5777912
Асвейская вуліца;10;Освейская улица;53.9667941;27.5777912
Асвейская вуліца;8;Освейская улица;53.9667941;27.5777912
Асвейская вуліца;6;Освейская улица;53.9667941;27.5777912
Асвейская вуліца;4;Освейская улица;53.9667941;27.5777912
Асвейская вуліца;12;Освейская улица;53.9667941;27.5777912
Асвейская вуліца;14;Освейская улица;53.9667941;27.5777912
Асвейская вуліца;18;Освейская улица;53.9667941;27.5777912
Асенняя вуліца;16;Осенняя улица;53.8762678;27.6750657
Асенняя вуліца;15;Осенняя улица;53.8762678;27.6750657
Асенняя вуліца;17;Осенняя улица;53.8762678;27.6750657
Асенняя вуліца;18;Осенняя улица;53.8762678;27.6750657
Асенняя вуліца;37;Осенняя улица;53.8762678;27.6750657
Асенняя вуліца;40;Осенняя улица;53.8762678;27.6750657
Асенняя вуліца;39;Осенняя улица;53.8762678;27.6750657
Асенняя вуліца;53;Осенняя улица;53.8762678;27.6750657
Асенняя вуліца;42;Осенняя улица;53.8762678;27.6750657
Асіповіцкая вуліца;7;Осиповичская улица;53.8496675;27.5398851
Асіповіцкая вуліца;16А;Осиповичская улица;53.8496675;27.5398851
Асіповіцкая вуліца;16;Осиповичская улица;53.8496675;27.5398851
Асіповіцкая вуліца;5;Осиповичская улица;53.8496675;27.5398851
Асіповіцкая вуліца;18;Осиповичская улица;53.8496675;27.5398851
Асіповіцкая вуліца;5А;Осиповичская улица;53.8496675;27.5398851
Атрадная вуліца;17;Отрадная улица;53.9498539;27.4074792
Аўрораўская вуліца;8;Авроровская улица;53.8617493;27.5661455
Аўрораўская вуліца;10;Авроровская улица;53.8617493;27.5661455
Аўтадораўская вуліца;3Е;Автодоровская улица;53.8741531;27.5204579
Аўтадораўская вуліца;8;Автодоровская улица;53.8741531;27.5204579
Аўтадораўская вуліца;6;Автодоровская улица;53.8741531;27.5204579
Аўтадораўская вуліца;10;Автодоровская улица;53.8741531;27.5204579
Аўтадораўскі завулак;3;Автодоровский переулок;;
Аўтадораўскі завулак;5;Автодоровский переулок;;
Аўтадораўскі завулак;1;Автодоровский переулок;;
Аўтадораўскі завулак;11;Автодоровский переулок;;
Аўтадораўскі завулак;9 к2;Автодоровский переулок;;
Аўтадораўскі завулак;11 к4;Автодоровский переулок;;
Аўтадораўскі завулак;8;Автодоровский переулок;;
Аўтадораўскі завулак;3А;Автодоровский переулок;;
Аўтадораўскі завулак;14;Автодоровский переулок;;
Аўтадораўскі завулак;10;Автодоровский переулок;;
Аўтадораўскі завулак;12;Автодоровский переулок;;
Аўтадораўскі завулак;6;Автодоровский переулок;;
Аўтазаводская вуліца;39;Автозаводская улица;53.8740424;27.6623495
Аўтазаводская вуліца;30;Автозаводская улица;53.8740424;27.6623495
Аўтазаводскі завулак;17;Автозаводской переулок;53.8744415;27.6611838
Аўтазаводскі завулак;30;Автозаводской переулок;53.8744415;27.6611838
Аўтазаводскі завулак;5;Автозаводской переулок;53.8744415;27.6611838
Ахоцкая вуліца;135;Охотская улица;53.8820629;27.6669219
Ахоцкая вуліца;102;Охотская улица;53.8820629;27.6669219
Ахоцкая вуліца;100;Охотская улица;53.8820629;27.6669219
Ахоцкая вуліца;86;Охотская улица;53.8820629;27.6669219
Ахоцкая вуліца;95;Охотская улица;53.8820629;27.6669219
Ахоцкая вуліца;84;Охотская улица;53.8820629;27.6669219
Ахоцкая вуліца;93;Охотская улица;53.8820629;27.6669219
Ахоцкая вуліца;20;Охотская улица;53.8820629;27.6669219
Ахоцкая вуліца;28;Охотская улица;53.8820629;27.6669219
Ахоцкая вуліца;29;Охотская улица;53.8820629;27.6669219
Ахоцкая вуліца;10;Охотская улица;53.8820629;27.6669219
Ахоцкая вуліца;15;Охотская улица;53.8820629;27.6669219
Ахоцкая вуліца;18;Охотская улица;53.8820629;27.6669219
Ахоцкая вуліца;27;Охотская улица;53.8820629;27.6669219
Ахоцкая вуліца;1;Охотская улица;53.8820629;27.6669219
Ахоцкая вуліца;13;Охотская улица;53.8820629;27.6669219
Ахоцкая вуліца;2;Охотская улица;53.8820629;27.6669219
Ахоцкая вуліца;8;Охотская улица;53.8820629;27.6669219
Ахоцкая вуліца;7;Охотская улица;53.8820629;27.6669219
Ахоцкая вуліца;145;Охотская улица;53.8820629;27.6669219
Ахоцкая вуліца;23;Охотская улица;53.8820629;27.6669219
Ахоцкая вуліца;25;Охотская улица;53.8820629;27.6669219
Ахоцкая вуліца;21;Охотская улица;53.8820629;27.6669219
Ахоцкая вуліца;19;Охотская улица;53.8820629;27.6669219
Ахоцкая вуліца;147;Охотская улица;53.8820629;27.6669219
Ахоцкі завулак;42;Охотский переулок;53.8697398;27.6731347
Ахоцкі завулак;44;Охотский переулок;53.8697398;27.6731347
Ахоцкі завулак;28;Охотский переулок;53.8697398;27.6731347
Ахоцкі завулак;30;Охотский переулок;53.8697398;27.6731347
Ахоцкі завулак;17;Охотский переулок;53.8697398;27.6731347
Ахоцкі завулак;46039;Охотский переулок;53.8697398;27.6731347
Ахоцкі завулак;15;Охотский переулок;53.8697398;27.6731347
Ахоцкі завулак;38;Охотский переулок;53.8697398;27.6731347
Ахоцкі завулак;34;Охотский переулок;53.8697398;27.6731347
Ахоцкі завулак;36;Охотский переулок;53.8697398;27.6731347
Ахоцкі завулак;14;Охотский переулок;53.8697398;27.6731347
Ахоцкі завулак;40;Охотский переулок;53.8697398;27.6731347
Аэрадромная вуліца;7;Аэродромная улица;53.8723793;27.5475375
Аэрадромная вуліца;125;Аэродромная улица;53.8723793;27.5475375
Аэрадромная вуліца;1;Аэродромная улица;53.8723793;27.5475375
Аэрадромная вуліца;3;Аэродромная улица;53.8723793;27.5475375
Аэрадромная вуліца;11А;Аэродромная улица;53.8723793;27.5475375
Аэрадромная вуліца;32;Аэродромная улица;53.8723793;27.5475375
Аэрадромная вуліца;38;Аэродромная улица;53.8723793;27.5475375
Аэрадромная вуліца;18;Аэродромная улица;53.8723793;27.5475375
Аэрадромная вуліца;3А;Аэродромная улица;53.8723793;27.5475375
Аэрадромная вуліца;11;Аэродромная улица;53.8723793;27.5475375
Аэрадромная вуліца;9;Аэродромная улица;53.8723793;27.5475375
Аэрадромная вуліца;5;Аэродромная улица;53.8723793;27.5475375
Аэрадромная вуліца;27;Аэродромная улица;53.8723793;27.5475375
Аэрадромная вуліца;31;Аэродромная улица;53.8723793;27.5475375
Аэрадромная вуліца;33А;Аэродромная улица;53.8723793;27.5475375
Аэрадромная вуліца;29;Аэродромная улица;53.8723793;27.5475375
Аэрадромная вуліца;53;Аэродромная улица;53.8723793;27.5475375
Аэрадромная вуліца;32А;Аэродромная улица;53.8723793;27.5475375
Аэрадромны завулак;17;Аэродромный переулок;53.8738316;27.551314
Аэрадромны завулак;18;Аэродромный переулок;53.8738316;27.551314
Аэрадромны завулак;16;Аэродромный переулок;53.8738316;27.551314
Аэрадромны завулак;15;Аэродромный переулок;53.8738316;27.551314
Аэрадромны завулак;1;Аэродромный переулок;53.8738316;27.551314
Аэрафлоцкая вуліца;18;Аэрофлотская улица;53.8620821;27.5317623
Аэрафлоцкая вуліца;20;Аэрофлотская улица;53.8620821;27.5317623
Аэрафлоцкая вуліца;19;Аэрофлотская улица;53.8620821;27.5317623
Аэрафлоцкая вуліца;16;Аэрофлотская улица;53.8620821;27.5317623
Аэрафлоцкая вуліца;22;Аэрофлотская улица;53.8620821;27.5317623
Аэрафлоцкая вуліца;26;Аэрофлотская улица;53.8620821;27.5317623
Аэрафлоцкая вуліца;37;Аэрофлотская улица;53.8620821;27.5317623
Аэрафлоцкая вуліца;31;Аэрофлотская улица;53.8620821;27.5317623
Бабруйская вуліца;2А;Бобруйская улица;53.8906785;27.5543384
Бабруйская вуліца;23;Бобруйская улица;53.8906785;27.5543384
Бабруйская вуліца;9;Бобруйская улица;53.8906785;27.5543384
Бабруйская вуліца;6;Бобруйская улица;53.8906785;27.5543384
Бабруйская вуліца;19;Бобруйская улица;53.8906785;27.5543384
Бабруйская вуліца;21;Бобруйская улица;53.8906785;27.5543384
Бабруйская вуліца;17;Бобруйская улица;53.8906785;27.5543384
Бабруйская вуліца;5;Бобруйская улица;53.8906785;27.5543384
Бабруйская вуліца;15;Бобруйская улица;53.8906785;27.5543384
Бабруйская вуліца;4;Бобруйская улица;53.8906785;27.5543384
Бабруйская вуліца;11;Бобруйская улица;53.8906785;27.5543384
Бабруйская вуліца;7;Бобруйская улица;53.8906785;27.5543384
Бабруйская вуліца;3;Бобруйская улица;53.8906785;27.5543384
Бабруйская вуліца;13;Бобруйская улица;53.8906785;27.5543384
Базісны завулак;1;Базисный переулок;53.9428295;27.5960854
Базісны завулак;5;Базисный переулок;53.9428295;27.5960854
Базісны завулак;3;Базисный переулок;53.9428295;27.5960854
Байкальская вуліца;50;Байкальская улица;53.8616211;27.6767271
Байкальская вуліца;19;Байкальская улица;53.8616211;27.6767271
Байкальская вуліца;21;Байкальская улица;53.8616211;27.6767271
Байкальская вуліца;52;Байкальская улица;53.8616211;27.6767271
Байкальская вуліца;58;Байкальская улица;53.8616211;27.6767271
Байкальская вуліца;53;Байкальская улица;53.8616211;27.6767271
Байкальская вуліца;35;Байкальская улица;53.8616211;27.6767271
Байкальская вуліца;37;Байкальская улица;53.8616211;27.6767271
Байкальская вуліца;45;Байкальская улица;53.8616211;27.6767271
Байкальская вуліца;33;Байкальская улица;53.8616211;27.6767271
Байкальская вуліца;43;Байкальская улица;53.8616211;27.6767271
Байкальская вуліца;70 к1;Байкальская улица;53.8616211;27.6767271
Байкальская вуліца;70 к2;Байкальская улица;53.8616211;27.6767271
Бакінская вуліца;13;Бакинская улица;53.8804258;27.5608106
Бакінская вуліца;8;Бакинская улица;53.8804258;27.5608106
Бакінская вуліца;18 к2;Бакинская улица;53.8804258;27.5608106
Бакінская вуліца;18 к1;Бакинская улица;53.8804258;27.5608106
Бакінская вуліца;10;Бакинская улица;53.8804258;27.5608106
Бакінская вуліца;12;Бакинская улица;53.8804258;27.5608106
Бакінская вуліца;20;Бакинская улица;53.8804258;27.5608106
Бакінская вуліца;16;Бакинская улица;53.8804258;27.5608106
Бакінская вуліца;1А;Бакинская улица;53.8804258;27.5608106
Бакінская вуліца;7А;Бакинская улица;53.8804258;27.5608106
Бакінская вуліца;9;Бакинская улица;53.8804258;27.5608106
Бакінская вуліца;5;Бакинская улица;53.8804258;27.5608106
Бакінская вуліца;1;Бакинская улица;53.8804258;27.5608106
Бакінская вуліца;3;Бакинская улица;53.8804258;27.5608106
Бакінская вуліца;7;Бакинская улица;53.8804258;27.5608106
Бакінская вуліца;11;Бакинская улица;53.8804258;27.5608106
Бакінская вуліца;6;Бакинская улица;53.8804258;27.5608106
Бакінская вуліца;14;Бакинская улица;53.8804258;27.5608106
Балотная вуліца;15;Болотная улица;53.9185516;27.6762297
Балотная вуліца;17;Болотная улица;53.9185516;27.6762297
Балтыйская вуліца;19;Балтийская улица;53.8606034;27.561948
Балтыйская вуліца;8;Балтийская улица;53.8606034;27.561948
Балтыйская вуліца;12;Балтийская улица;53.8606034;27.561948
Банцараўская вуліца;19;Банцеровская улица;53.9678501;27.5086644
Банцараўская вуліца;17;Банцеровская улица;53.9678501;27.5086644
Банцараўская вуліца;15;Банцеровская улица;53.9678501;27.5086644
Банцараўская вуліца;13;Банцеровская улица;53.9678501;27.5086644
Банцараўская вуліца;11;Банцеровская улица;53.9678501;27.5086644
Банцараўская вуліца;9;Банцеровская улица;53.9678501;27.5086644
Банцараўская вуліца;7;Банцеровская улица;53.9678501;27.5086644
Банцараўская вуліца;5;Банцеровская улица;53.9678501;27.5086644
Банцараўская вуліца;3;Банцеровская улица;53.9678501;27.5086644
Банцараўская вуліца;1;Банцеровская улица;53.9678501;27.5086644
Баравая вуліца;3;Баровая улица;53.6942198;27.1023273
Баравая вуліца;4;Баровая улица;53.6942198;27.1023273
Баравая вуліца;2;Баровая улица;53.6942198;27.1023273
Баравая вуліца;5;Баровая улица;53.6942198;27.1023273
Баравая вуліца;9;Баровая улица;53.6942198;27.1023273
Баравая вуліца;6;Баровая улица;53.6942198;27.1023273
Баравая вуліца;1;Баровая улица;53.6942198;27.1023273
Баравецкі завулак;1;Боровецкий переулок;53.96982;27.5810519
Барадзінская вуліца;35;Бородинская улица;53.8595381;27.5686187
Барадзінская вуліца;31;Бородинская улица;53.8595381;27.5686187
Барадзінская вуліца;4;Бородинская улица;53.8595381;27.5686187
Барадзінская вуліца;2Б;Бородинская улица;53.8595381;27.5686187
Барадзінская вуліца;2А;Бородинская улица;53.8595381;27.5686187
Барадзінская вуліца;15;Бородинская улица;53.8595381;27.5686187
Барадзінская вуліца;2Г;Бородинская улица;53.8595381;27.5686187
Барвяная вуліца;7;улица Барвяна;53.8855235;27.6692264
Батанічная вуліца;1;Ботаническая улица;53.9099592;27.6087456
Батанічная вуліца;27;Ботаническая улица;53.9099592;27.6087456
Батанічная вуліца;46319;Ботаническая улица;53.9099592;27.6087456
Батанічная вуліца;46046;Ботаническая улица;53.9099592;27.6087456
Батанічная вуліца;16;Ботаническая улица;53.9099592;27.6087456
Батанічная вуліца;46238;Ботаническая улица;53.9099592;27.6087456
Батанічная вуліца;46087;Ботаническая улица;53.9099592;27.6087456
Батанічная вуліца;46299;Ботаническая улица;53.9099592;27.6087456
Батанічная вуліца;46097;Ботаническая улица;53.9099592;27.6087456
Батанічная вуліца;46118;Ботаническая улица;53.9099592;27.6087456
Батанічная вуліца;46146;Ботаническая улица;53.9099592;27.6087456
Батанічная вуліца;46069;Ботаническая улица;53.9099592;27.6087456
Батанічная вуліца;46330;Ботаническая улица;53.9099592;27.6087456
Батанічная вуліца;46177;Ботаническая улица;53.9099592;27.6087456
Батанічная вуліца;10;Ботаническая улица;53.9099592;27.6087456
Батанічная вуліца;46028;Ботаническая улица;53.9099592;27.6087456
Батанічная вуліца;13;Ботаническая улица;53.9099592;27.6087456
Батанічная вуліца;4А;Ботаническая улица;53.9099592;27.6087456
Батанічная вуліца;46026;Ботаническая улица;53.9099592;27.6087456
Батанічная вуліца;6;Ботаническая улица;53.9099592;27.6087456
Батанічная вуліца;15;Ботаническая улица;53.9099592;27.6087456
Батанічная вуліца;11;Ботаническая улица;53.9099592;27.6087456
Батанічная вуліца;4;Ботаническая улица;53.9099592;27.6087456
Батанічная вуліца;46057;Ботаническая улица;53.9099592;27.6087456
Батанічная вуліца;46085;Ботаническая улица;53.9099592;27.6087456
Батанічная вуліца;46116;Ботаническая улица;53.9099592;27.6087456
Батанічная вуліца;41730;Ботаническая улица;53.9099592;27.6087456
Батанічная вуліца;25;Ботаническая улица;53.9099592;27.6087456
Батанічная вуліца;21;Ботаническая улица;53.9099592;27.6087456
Батанічная вуліца;19;Ботаническая улица;53.9099592;27.6087456
Батанічная вуліца;23;Ботаническая улица;53.9099592;27.6087456
Батанічная вуліца;17;Ботаническая улица;53.9099592;27.6087456
Батанічная вуліца;46059;Ботаническая улица;53.9099592;27.6087456
Батанічная вуліца;7;Ботаническая улица;53.9099592;27.6087456
Батанічная вуліца;33;Ботаническая улица;53.9099592;27.6087456
Батанічная вуліца;29;Ботаническая улица;53.9099592;27.6087456
Батанічная вуліца;35;Ботаническая улица;53.9099592;27.6087456
Батанічная вуліца;12;Ботаническая улица;53.9099592;27.6087456
Батанічная вуліца;8;Ботаническая улица;53.9099592;27.6087456
Батанічная вуліца;3;Ботаническая улица;53.9099592;27.6087456
Батанічная вуліца;14;Ботаническая улица;53.9099592;27.6087456
Батанічная вуліца;41365;Ботаническая улица;53.9099592;27.6087456
Батанічная вуліца;42095;Ботаническая улица;53.9099592;27.6087456
Батанічная вуліца;46207;Ботаническая улица;53.9099592;27.6087456
Батанічная вуліца;5;Ботаническая улица;53.9099592;27.6087456
Батанічная вуліца;6Б;Ботаническая улица;53.9099592;27.6087456
Батанічная вуліца;4А/2;Ботаническая улица;53.9099592;27.6087456
Батанічная вуліца;4А/3;Ботаническая улица;53.9099592;27.6087456
Батанічная вуліца;6А;Ботаническая улица;53.9099592;27.6087456
Беламорская вуліца;9;Беломорская улица;53.9202309;27.5841697
Беламорская вуліца;1;Беломорская улица;53.9202309;27.5841697
Беларуская вуліца;41;Белорусская улица;53.8888842;27.564118
Беларуская вуліца;17;Белорусская улица;53.8888842;27.564118
Беларуская вуліца;2;Белорусская улица;53.8888842;27.564118
Беларуская вуліца;14;Белорусская улица;53.8888842;27.564118
Беларуская вуліца;18;Белорусская улица;53.8888842;27.564118
Беларуская вуліца;19;Белорусская улица;53.8888842;27.564118
Беларуская вуліца;8;Белорусская улица;53.8888842;27.564118
Беларуская вуліца;12;Белорусская улица;53.8888842;27.564118
Беларуская вуліца;39Б;Белорусская улица;53.8888842;27.564118
Беларуская вуліца;65;Белорусская улица;53.8888842;27.564118
Беларуская вуліца;44;Белорусская улица;53.8888842;27.564118
Беларуская вуліца;38;Белорусская улица;53.8888842;27.564118
Беларуская вуліца;43;Белорусская улица;53.8888842;27.564118
Беларуская вуліца;33;Белорусская улица;53.8888842;27.564118
Беларуская вуліца;39;Белорусская улица;53.8888842;27.564118
Беларуская вуліца;37;Белорусская улица;53.8888842;27.564118
Беларуская вуліца;31;Белорусская улица;53.8888842;27.564118
Беларуская вуліца;23;Белорусская улица;53.8888842;27.564118
Беларуская вуліца;29;Белорусская улица;53.8888842;27.564118
Беларуская вуліца;35;Белорусская улица;53.8888842;27.564118
Беларуская вуліца;21;Белорусская улица;53.8888842;27.564118
Беларуская вуліца;11;Белорусская улица;53.8888842;27.564118
Беларуская вуліца;13;Белорусская улица;53.8888842;27.564118
Беларуская вуліца;27;Белорусская улица;53.8888842;27.564118
Беларуская вуліца;7;Белорусская улица;53.8888842;27.564118
Беларускі завулак;12;Белорусская аллея;53.7064946;28.4448965
Беларускі завулак;20;Белорусская аллея;53.7064946;28.4448965
Беларускі завулак;10;Белорусская аллея;53.7064946;28.4448965
Беларускі завулак;4;Белорусская аллея;53.7064946;28.4448965
Берасцянская вуліца;2;Берестянская улица;53.9121105;27.5887005
Берасцянская вуліца;7;Берестянская улица;53.9121105;27.5887005
Берасцянская вуліца;6;Берестянская улица;53.9121105;27.5887005
Берасцянская вуліца;10;Берестянская улица;53.9121105;27.5887005
Берасцянская вуліца;8;Берестянская улица;53.9121105;27.5887005
Берасцянская вуліца;1;Берестянская улица;53.9121105;27.5887005
Берасцянская вуліца;4;Берестянская улица;53.9121105;27.5887005
Берасцянская вуліца;20;Берестянская улица;53.9121105;27.5887005
Берасцянская вуліца;12;Берестянская улица;53.9121105;27.5887005
Берасцянская вуліца;9;Берестянская улица;53.9121105;27.5887005
Бетонны праезд;1;Бетонный проезд;53.8969937;27.5047573
Бетонны праезд;5А;Бетонный проезд;53.8969937;27.5047573
Бетонны праезд;9;Бетонный проезд;53.8969937;27.5047573
Бетонны праезд;3;Бетонный проезд;53.8969937;27.5047573
Бетонны праезд;2;Бетонный проезд;53.8969937;27.5047573
Блакітная вуліца;10;Голубая улица;53.7532778;27.3206325
Блакітная вуліца;7;Лазурная улица;53.7532778;27.3206325
Блакітная вуліца;5;Лазурная улица;53.7532778;27.3206325
Блакітная вуліца;1;Лазурная улица;53.7532778;27.3206325
Блакітная вуліца;9;Лазурная улица;53.7532778;27.3206325
Блакітная вуліца;11;Лазурная улица;53.7532778;27.3206325
Блакітная вуліца;12;Лазурная улица;53.7532778;27.3206325
Брагінская вуліца;7;Брагинская улица;53.9391029;27.5541274
Брагінская вуліца;4;Брагинская улица;53.9391029;27.5541274
Брагінская вуліца;26;Брагинская улица;53.9391029;27.5541274
Брагінская вуліца;28;Брагинская улица;53.9391029;27.5541274
Брагінская вуліца;57;Брагинская улица;53.9391029;27.5541274
Бранявы завулак;15;Броневой переулок;53.905354;27.5802784
Бранявы завулак;11;Броневой переулок;53.905354;27.5802784
Бранявы завулак;6;Броневой переулок;53.905354;27.5802784
Бранявы завулак;8;Броневой переулок;53.905354;27.5802784
Бранявы завулак;14;Броневой переулок;53.905354;27.5802784
Брацкая вуліца;6;Братская улица;53.8637204;27.5466261
Брацкая вуліца;6А;Братская улица;53.8637204;27.5466261
Брацкая вуліца;12;Братская улица;53.8637204;27.5466261
Брацкая вуліца;1;Братская улица;53.8637204;27.5466261
Брацкая вуліца;16;Братская улица;53.8637204;27.5466261
Брацкая вуліца;14;Братская улица;53.8637204;27.5466261
Брацкая вуліца;18;Братская улица;53.8637204;27.5466261
Брацкая вуліца;9;Братская улица;53.8637204;27.5466261
Брацкая вуліца;2;Братская улица;53.8637204;27.5466261
Брацкая вуліца;4;Братская улица;53.8637204;27.5466261
Брацкая вуліца;8;Братская улица;53.8637204;27.5466261
Брацкая вуліца;10;Братская улица;53.8637204;27.5466261
Брацкая вуліца;4А;Братская улица;53.8637204;27.5466261
Брацкі завулак;1;Братский переулок;53.8825558;27.6729137
Брацкі завулак;2;Братский переулок;53.8825558;27.6729137
Брацкі завулак;21;Братский переулок;53.8825558;27.6729137
Брацкі завулак;22;Братский переулок;53.8825558;27.6729137
Брылеўская вуліца;14;Брилевская улица;53.8766216;27.5318008
Брылеўская вуліца;46;Брилевская улица;53.8766216;27.5318008
Брылеўская вуліца;28;Брилевская улица;53.8766216;27.5318008
Брылеўская вуліца;21;Брилевская улица;53.8766216;27.5318008
Брылеўская вуліца;3;Брилевская улица;53.8766216;27.5318008
Брылеўская вуліца;1;Брилевская улица;53.8766216;27.5318008
Брылеўская вуліца;17;Брилевская улица;53.8766216;27.5318008
Брылеўская вуліца;2;Брилевская улица;53.8766216;27.5318008
Брылеўская вуліца;44Б;Брилевская улица;53.8766216;27.5318008
Брылеўская вуліца;14А;Брилевская улица;53.8766216;27.5318008
Брылеўская вуліца;18;Брилевская улица;53.8766216;27.5318008
Брылеўская вуліца;15;Брилевская улица;53.8766216;27.5318008
Брылеўская вуліца;8 к3;Брилевская улица;53.8766216;27.5318008
Брылеўская вуліца;8 к1;Брилевская улица;53.8766216;27.5318008
Брылеўская вуліца;8 к2;Брилевская улица;53.8766216;27.5318008
Брылеўская вуліца;12;Брилевская улица;53.8766216;27.5318008
Брылеўская вуліца;4;Брилевская улица;53.8766216;27.5318008
Брылеўская вуліца;7;Брилевская улица;53.8766216;27.5318008
Брылеўская вуліца;10;Брилевская улица;53.8766216;27.5318008
Брылеўская вуліца;6;Брилевская улица;53.8766216;27.5318008
Брылеўская вуліца;9;Брилевская улица;53.8766216;27.5318008
Брылеўская вуліца;24;Брилевская улица;53.8766216;27.5318008
Брылеўская вуліца;16;Брилевская улица;53.8766216;27.5318008
Брылеўская вуліца;23;Брилевская улица;53.8766216;27.5318008
Брылеўская вуліца;11;Брилевская улица;53.8766216;27.5318008
Брылеўская вуліца;19;Брилевская улица;53.8766216;27.5318008
Брылеўская вуліца;13;Брилевская улица;53.8766216;27.5318008
Брылеўская вуліца;27;Брилевская улица;53.8766216;27.5318008
Брылеўская вуліца;29;Брилевская улица;53.8766216;27.5318008
Брылеўская вуліца;25;Брилевская улица;53.8766216;27.5318008
Брылеўскі тупік;16к3;Брилевский тупик;53.868917;27.5215388
Брэст-Літоўская вуліца;9А;Брест-Литовская улица;53.8835543;27.535519
Брэст-Літоўская вуліца;12;Брест-Литовская улица;53.8835543;27.535519
Брэст-Літоўская вуліца;17;Брест-Литовская улица;53.8835543;27.535519
Брэст-Літоўская вуліца;19;Брест-Литовская улица;53.8835543;27.535519
Брэст-Літоўская вуліца;13;Брест-Литовская улица;53.8835543;27.535519
Брэст-Літоўская вуліца;5;Брест-Литовская улица;53.8835543;27.535519
Брэст-Літоўская вуліца;5А;Брест-Литовская улица;53.8835543;27.535519
Брэст-Літоўская вуліца;5Б к2;Брест-Литовская улица;53.8835543;27.535519
Брэст-Літоўская вуліца;7 к1;Брест-Литовская улица;53.8835543;27.535519
Брэст-Літоўская вуліца;7;Брест-Литовская улица;53.8835543;27.535519
Брэст-Літоўская вуліца;9;Брест-Литовская улица;53.8835543;27.535519
Брэсцкая вуліца;56 к1;Брестская улица;53.8601025;27.5243971
Брэсцкая вуліца;42;Брестская улица;53.8601025;27.5243971
Брэсцкая вуліца;2;Брестская улица;53.8601025;27.5243971
Брэсцкая вуліца;42А;Брестская улица;53.8601025;27.5243971
Брэсцкая вуліца;34;Брестская улица;53.8601025;27.5243971
Брэсцкая вуліца;40;Брестская улица;53.8601025;27.5243971
Брэсцкая вуліца;75;Брестская улица;53.8601025;27.5243971
Брэсцкая вуліца;77 К1;Брестская улица;53.8601025;27.5243971
Брэсцкая вуліца;66 к1;Брестская улица;53.8601025;27.5243971
Брэсцкая вуліца;64;Брестская улица;53.8601025;27.5243971
Брэсцкая вуліца;66;Брестская улица;53.8601025;27.5243971
Брэсцкая вуліца;5;Брестская улица;53.8601025;27.5243971
Брэсцкая вуліца;7;Брестская улица;53.8601025;27.5243971
Брэсцкая вуліца;9;Брестская улица;53.8601025;27.5243971
Брэсцкая вуліца;3;Брестская улица;53.8601025;27.5243971
Брэсцкая вуліца;60;Брестская улица;53.8601025;27.5243971
Брэсцкая вуліца;68 к1;Брестская улица;53.8601025;27.5243971
Брэсцкая вуліца;62;Брестская улица;53.8601025;27.5243971
Брэсцкая вуліца;79 к2;Брестская улица;53.8601025;27.5243971
Брэсцкая вуліца;77;Брестская улица;53.8601025;27.5243971
Брэсцкая вуліца;77А;Брестская улица;53.8601025;27.5243971
Брэсцкая вуліца;68 к2;Брестская улица;53.8601025;27.5243971
Брэсцкая вуліца;68 к3;Брестская улица;53.8601025;27.5243971
Брэсцкая вуліца;90;Брестская улица;53.8601025;27.5243971
Брэсцкая вуліца;72;Брестская улица;53.8601025;27.5243971
Брэсцкая вуліца;74;Брестская улица;53.8601025;27.5243971
Брэсцкая вуліца;76;Брестская улица;53.8601025;27.5243971
Брэсцкая вуліца;58 к2;Брестская улица;53.8601025;27.5243971
Брэсцкая вуліца;56 к2;Брестская улица;53.8601025;27.5243971
Брэсцкая вуліца;70 к1;Брестская улица;53.8601025;27.5243971
Брэсцкая вуліца;78;Брестская улица;53.8601025;27.5243971
Брэсцкая вуліца;80;Брестская улица;53.8601025;27.5243971
Брэсцкая вуліца;82;Брестская улица;53.8601025;27.5243971
Брэсцкая вуліца;86;Брестская улица;53.8601025;27.5243971
Брэсцкая вуліца;84;Брестская улица;53.8601025;27.5243971
Брэсцкая вуліца;70 к4;Брестская улица;53.8601025;27.5243971
Брэсцкая вуліца;70 к2;Брестская улица;53.8601025;27.5243971
Брэсцкая вуліца;68А;Брестская улица;53.8601025;27.5243971
Брэсцкая вуліца;55;Брестская улица;53.8601025;27.5243971
Брэсцкая вуліца;42Б;Брестская улица;53.8601025;27.5243971
Брэсцкая вуліца;69;Брестская улица;53.8601025;27.5243971
Брэсцкая вуліца;57;Брестская улица;53.8601025;27.5243971
Брэсцкая вуліца;59;Брестская улица;53.8601025;27.5243971
Брэсцкая вуліца;61;Брестская улица;53.8601025;27.5243971
Брэсцкая вуліца;81;Брестская улица;53.8601025;27.5243971
Брэсцкая вуліца;63;Брестская улица;53.8601025;27.5243971
Брэсцкая вуліца;71;Брестская улица;53.8601025;27.5243971
Брэсцкая вуліца;73;Брестская улица;53.8601025;27.5243971
Брэсцкая вуліца;65;Брестская улица;53.8601025;27.5243971
Брэсцкая вуліца;67;Брестская улица;53.8601025;27.5243971
Брэсцкая вуліца;39;Брестская улица;53.8601025;27.5243971
Брэсцкая вуліца;47;Брестская улица;53.8601025;27.5243971
Брэсцкая вуліца;35;Брестская улица;53.8601025;27.5243971
Брэсцкая вуліца;27;Брестская улица;53.8601025;27.5243971
Брэсцкая вуліца;51;Брестская улица;53.8601025;27.5243971
Брэсцкая вуліца;49;Брестская улица;53.8601025;27.5243971
Брэсцкая вуліца;23;Брестская улица;53.8601025;27.5243971
Брэсцкая вуліца;33;Брестская улица;53.8601025;27.5243971
Брэсцкая вуліца;31;Брестская улица;53.8601025;27.5243971
Брэсцкая вуліца;12А;Брестская улица;53.8601025;27.5243971
Брэсцкая вуліца;14;Брестская улица;53.8601025;27.5243971
Брэсцкая вуліца;53;Брестская улица;53.8601025;27.5243971
Брэсцкая вуліца;16;Брестская улица;53.8601025;27.5243971
Брэсцкая вуліца;10;Брестская улица;53.8601025;27.5243971
Брэсцкая вуліца;25;Брестская улица;53.8601025;27.5243971
Брэсцкая вуліца;41;Брестская улица;53.8601025;27.5243971
Брэсцкая вуліца;37;Брестская улица;53.8601025;27.5243971
Брэсцкая вуліца;45;Брестская улица;53.8601025;27.5243971
Брэсцкая вуліца;12;Брестская улица;53.8601025;27.5243971
Брэсцкая вуліца;43;Брестская улица;53.8601025;27.5243971
Брэсцкая вуліца;13;Брестская улица;53.8601025;27.5243971
Брэсцкая вуліца;29;Брестская улица;53.8601025;27.5243971
Брэсцкая вуліца;50;Брестская улица;53.8601025;27.5243971
Брэсцкая вуліца;1;Брестская улица;53.8601025;27.5243971
Брэсцкая вуліца;52;Брестская улица;53.8601025;27.5243971
Брэсцкая вуліца;83;Брестская улица;53.8601025;27.5243971
Будслаўская вуліца;2;Будславская улица;53.9606329;27.5649052
Будслаўская вуліца;46104;Будславская улица;53.9606329;27.5649052
Будслаўская вуліца;25;Будславская улица;53.9606329;27.5649052
Будслаўская вуліца;31;Будславская улица;53.9606329;27.5649052
Будслаўская вуліца;19 к3;Будславская улица;53.9606329;27.5649052
Будслаўская вуліца;6;Будславская улица;53.9606329;27.5649052
Будслаўская вуліца;7А;Будславская улица;53.9606329;27.5649052
Будслаўскі завулак;6;Будславский переулок;53.9591121;27.538931
бульвар Мулявіна;2;Бульвар Мулявина;53.9140583;27.5846182
бульвар Мулявіна;1;Бульвар Мулявина;53.9140583;27.5846182
бульвар Мулявіна;6;Бульвар Мулявина;53.9140583;27.5846182
бульвар Мулявіна;10;Бульвар Мулявина;53.9140583;27.5846182
бульвар Трактарабудаўнікоў;3;Бульвар Тракторостроителей;53.8890659;27.6145959
бульвар Трактарабудаўнікоў;5;Бульвар Тракторостроителей;53.8890659;27.6145959
бульвар Трактарабудаўнікоў;2;Бульвар Тракторостроителей;53.8890659;27.6145959
бульвар Трактарабудаўнікоў;1;Бульвар Тракторостроителей;53.8890659;27.6145959
бульвар Шаўчэнкі;17;Бульвар Шевченко;53.927543;27.5560959
бульвар Шаўчэнкі;4;Бульвар Шевченко;53.927543;27.5560959
бульвар Шаўчэнкі;11;Бульвар Шевченко;53.927543;27.5560959
бульвар Шаўчэнкі;2;Бульвар Шевченко;53.927543;27.5560959
бульвар Шаўчэнкі;9;Бульвар Шевченко;53.927543;27.5560959
бульвар Шаўчэнкі;3;Бульвар Шевченко;53.927543;27.5560959
бульвар Шаўчэнкі;24;Бульвар Шевченко;53.927543;27.5560959
бульвар Шаўчэнкі;1;Бульвар Шевченко;53.927543;27.5560959
Бурштынавая вуліца;3;Янтарная улица;53.9667469;27.513427
Бурштынавая вуліца;3А;Янтарная улица;53.9667469;27.513427
Бурштынавая вуліца;1;Янтарная улица;53.9667469;27.513427
Бурштынавы завулак;6;Янтарный переулок;53.9661938;27.5116325
Быхаўская вуліца;37;Быховская улица;53.8759864;27.5477161
Быхаўская вуліца;48;Быховская улица;53.8759864;27.5477161
Быхаўская вуліца;36;Быховская улица;53.8759864;27.5477161
Быхаўская вуліца;38;Быховская улица;53.8759864;27.5477161
Быхаўская вуліца;51;Быховская улица;53.8759864;27.5477161
Быхаўская вуліца;53;Быховская улица;53.8759864;27.5477161
Быхаўская вуліца;42;Быховская улица;53.8759864;27.5477161
Быхаўская вуліца;40;Быховская улица;53.8759864;27.5477161
Быхаўская вуліца;47;Быховская улица;53.8759864;27.5477161
Быхаўская вуліца;49;Быховская улица;53.8759864;27.5477161
Быхаўская вуліца;40А;Быховская улица;53.8759864;27.5477161
Бягомльская вуліца;23;Бегомльская улица;53.9611182;27.530385
Бялградская вуліца;6;Белградская улица;53.8711044;27.5427179
Бялградская вуліца;5;Белградская улица;53.8711044;27.5427179
Вайсковы завулак;4;Войсковый переулок;53.907038;27.5797723
Вайсковы завулак;6;Войсковый переулок;53.907038;27.5797723
Вайсковы завулак;9;Войсковый переулок;53.907038;27.5797723
Вайсковы завулак;8;Войсковый переулок;53.907038;27.5797723
Вайсковы завулак;1;Войсковый переулок;53.907038;27.5797723
Вайсковы завулак;16;Войсковый переулок;53.907038;27.5797723
Вайсковы завулак;12;Войсковый переулок;53.907038;27.5797723
Вайсковы завулак;13;Войсковый переулок;53.907038;27.5797723
Вайсковы завулак;11;Войсковый переулок;53.907038;27.5797723
Вакзальная вуліца;9а;Вокзальная улица;53.8890389;27.5499284
Вакзальная вуліца;13 к2;Вокзальная улица;53.8890389;27.5499284
Вакзальная вуліца;13;Вокзальная улица;53.8890389;27.5499284
Вакзальная вуліца;22;Вокзальная улица;53.8890389;27.5499284
Вакзальная вуліца;21;Вокзальная улица;53.8890389;27.5499284
Вакзальная вуліца;18;Вокзальная улица;53.8890389;27.5499284
Вакзальная вуліца;16;Вокзальная улица;53.8890389;27.5499284
Вакзальная вуліца;24;Вокзальная улица;53.8890389;27.5499284
Вакзальная вуліца;19;Вокзальная улица;53.8890389;27.5499284
Вакзальная вуліца;23;Вокзальная улица;53.8890389;27.5499284
Вакзальная вуліца;25;Вокзальная улица;53.8890389;27.5499284
Вакзальная вуліца;13 к1;Вокзальная улица;53.8890389;27.5499284
Вакзальная вуліца;26;Вокзальная улица;53.8890389;27.5499284
Вакзальная вуліца;29;Вокзальная улица;53.8890389;27.5499284
Вакзальная вуліца;20;Вокзальная улица;53.8890389;27.5499284
Валачаеўская вуліца;32;Волочаевская улица;53.9369655;27.5927593
Валачаеўская вуліца;30;Волочаевская улица;53.9369655;27.5927593
Валгаградская вуліца;3;Волгоградская улица;53.9279064;27.6260367
Валгаградская вуліца;1 к1;Волгоградская улица;53.9279064;27.6260367
Валгаградская вуліца;11;Волгоградская улица;53.9279064;27.6260367
Валгаградская вуліца;2А;Волгоградская улица;53.9279064;27.6260367
Валгаградская вуліца;12;Волгоградская улица;53.9279064;27.6260367
Валгаградская вуліца;2;Волгоградская улица;53.9279064;27.6260367
Валгаградская вуліца;1 к3;Волгоградская улица;53.9279064;27.6260367
Валгаградская вуліца;4А;Волгоградская улица;53.9279064;27.6260367
Валгаградская вуліца;4;Волгоградская улица;53.9279064;27.6260367
Валгаградская вуліца;13;Волгоградская улица;53.9279064;27.6260367
Валгаградская вуліца;35/1;Волгоградская улица;53.9279064;27.6260367
Валгаградская вуліца;69;Волгоградская улица;53.9279064;27.6260367
Валгаградская вуліца;21А;Волгоградская улица;53.9279064;27.6260367
Валгаградская вуліца;4a;Волгоградская улица;53.9279064;27.6260367
Валгаградская вуліца;46040;Волгоградская улица;53.9279064;27.6260367
Валгаградская вуліца;3А/3;Волгоградская улица;53.9279064;27.6260367
Валгаградская вуліца;27Б;Волгоградская улица;53.9279064;27.6260367
Валгаградская вуліца;1 к4;Волгоградская улица;53.9279064;27.6260367
Валгаградская вуліца;27А;Волгоградская улица;53.9279064;27.6260367
Валгаградская вуліца;86;Волгоградская улица;53.9279064;27.6260367
Валгаградская вуліца;25А;Волгоградская улица;53.9279064;27.6260367
Валгаградская вуліца;1А;Волгоградская улица;53.9279064;27.6260367
Валгаградская вуліца;68;Волгоградская улица;53.9279064;27.6260367
Валгаградская вуліца;24;Волгоградская улица;53.9279064;27.6260367
Варапаеўская вуліца;16;Варапаевская улица;53.9542039;27.592068
Васільковая вуліца;9;Васильковая улица;53.9385055;27.7243478
Васільковая вуліца;7;Васильковая улица;53.9385055;27.7243478
Васільковая вуліца;3;Васильковая улица;53.9385055;27.7243478
Васільковая вуліца;30;Васильковая улица;53.9385055;27.7243478
Васільковая вуліца;14;Васильковая улица;53.9385055;27.7243478
Васільковая вуліца;20;Васильковая улица;53.9385055;27.7243478
Васільковая вуліца;26;Васильковая улица;53.9385055;27.7243478
Васільковая вуліца;6;Васильковая улица;53.9385055;27.7243478
Васільковая вуліца;18;Васильковая улица;53.9385055;27.7243478
Васільковая вуліца;22;Васильковая улица;53.9385055;27.7243478
Васільковая вуліца;28;Васильковая улица;53.9385055;27.7243478
Васільковая вуліца;11;Васильковая улица;53.9385055;27.7243478
Васільковая вуліца;5;Васильковая улица;53.9385055;27.7243478
Васільковая вуліца;12;Васильковая улица;53.9385055;27.7243478
Васільковая вуліца;16;Васильковая улица;53.9385055;27.7243478
Васільковая вуліца;34;Васильковая улица;53.9385055;27.7243478
Васільковая вуліца;32;Васильковая улица;53.9385055;27.7243478
Велазаводская вуліца;7;Велозаводская улица;53.8840256;27.5969504
Веласіпедны завулак;5;Велосипедный переулок;53.8814724;27.5847629
Веласіпедны завулак;6;Велосипедный переулок;53.8814724;27.5847629
Веласіпедны завулак;46087;Велосипедный переулок;53.8814724;27.5847629
Верасовая вуліца;47;Вересковая улица;53.9628464;27.5978378
Верхні завулак;2;Верхний переулок;53.9366624;27.5847809
Верхняя вуліца;1;Верхняя улица;53.9361312;27.5883705
Верхняя вуліца;19;Верхняя улица;53.9361312;27.5883705
Верхняя вуліца;65;Верхняя улица;53.9361312;27.5883705
Верхняя Лугавая вуліца;43А;Верхняя Луговая улица;53.9727019;27.6693541
Верхняя Лугавая вуліца;19;Верхняя Луговая улица;53.9727019;27.6693541
Верхняя Лугавая вуліца;43;Верхняя Луговая улица;53.9727019;27.6693541
Верхняя Лугавая вуліца;42;Верхняя Луговая улица;53.9727019;27.6693541
Верхняя Лугавая вуліца;1Б;Верхняя Луговая улица;53.9727019;27.6693541
Верхняя Лугавая вуліца;8;Верхняя Луговая улица;53.9727019;27.6693541
Верхняя Лугавая вуліца;17;Верхняя Луговая улица;53.9727019;27.6693541
Верхняя Лугавая вуліца;47;Верхняя Луговая улица;53.9727019;27.6693541
Верхняя Лугавая вуліца;41;Верхняя Луговая улица;53.9727019;27.6693541
Верхняя Лугавая вуліца;16;Верхняя Луговая улица;53.9727019;27.6693541
Верхняя Лугавая вуліца;20;Верхняя Луговая улица;53.9727019;27.6693541
Верхняя Лугавая вуліца;1В;Верхняя Луговая улица;53.9727019;27.6693541
Верхняя Лугавая вуліца;1А;Верхняя Луговая улица;53.9727019;27.6693541
Верхняя Лугавая вуліца;15;Верхняя Луговая улица;53.9727019;27.6693541
Верхняя Лугавая вуліца;46Б;Верхняя Луговая улица;53.9727019;27.6693541
Верхняя Лугавая вуліца;21;Верхняя Луговая улица;53.9727019;27.6693541
Верхняя Лугавая вуліца;14;Верхняя Луговая улица;53.9727019;27.6693541
Верхняя Лугавая вуліца;45;Верхняя Луговая улица;53.9727019;27.6693541
Верхняя Лугавая вуліца;1;Верхняя Луговая улица;53.9727019;27.6693541
Верхняя Лугавая вуліца;3;Верхняя Луговая улица;53.9727019;27.6693541
Верхняя Лугавая вуліца;1Г;Верхняя Луговая улица;53.9727019;27.6693541
Верхняя Лугавая вуліца;46А;Верхняя Луговая улица;53.9727019;27.6693541
Верхняя Лугавая вуліца;2;Верхняя Луговая улица;53.9727019;27.6693541
Верхняя Лугавая вуліца;7;Верхняя Луговая улица;53.9727019;27.6693541
Вірская вуліца;42;Вирская улица;53.8678786;27.5252347
Вірская вуліца;23;Вирская улица;53.8678786;27.5252347
Вірская вуліца;33;Вирская улица;53.8678786;27.5252347
Вірская вуліца;31;Вирская улица;53.8678786;27.5252347
Вірская вуліца;29;Вирская улица;53.8678786;27.5252347
Вірская вуліца;19;Вирская улица;53.8678786;27.5252347
Вірская вуліца;47;Вирская улица;53.8678786;27.5252347
Вірская вуліца;45;Вирская улица;53.8678786;27.5252347
Вірская вуліца;43;Вирская улица;53.8678786;27.5252347
Вірская вуліца;19А;Вирская улица;53.8678786;27.5252347
Вірская вуліца;21А;Вирская улица;53.8678786;27.5252347
Вірская вуліца;25;Вирская улица;53.8678786;27.5252347
Вірская вуліца;29А;Вирская улица;53.8678786;27.5252347
Вірская вуліца;24;Вирская улица;53.8678786;27.5252347
Вірская вуліца;44;Вирская улица;53.8678786;27.5252347
Віцебская вуліца;10;Витебская улица;53.904251;27.5484494
Віцебская вуліца;21А;Витебская улица;53.904251;27.5484494
Віцебская вуліца;21;Витебская улица;53.904251;27.5484494
Віцебская вуліца;19;Витебская улица;53.904251;27.5484494
Вішнёвая вуліца;19;Вишнёвая улица;53.2386548;26.6540476
Вішнёвая вуліца;15;Вишнёвая улица;53.2386548;26.6540476
Вішнёвая вуліца;11;Вишнёвая улица;53.2386548;26.6540476
Вішнёвая вуліца;7;Вишнёвая улица;53.2386548;26.6540476
Вішнёвая вуліца;3;Вишнёвая улица;53.2386548;26.6540476
Вішнёвая вуліца;24;Вишнёвая улица;53.2386548;26.6540476
Вішнёвая вуліца;9;Вишнёвая улица;53.2386548;26.6540476
Вішнёвая вуліца;1;Вишнёвая улица;53.2386548;26.6540476
Вішнёвая вуліца;2;Вишнёвая улица;53.2386548;26.6540476
Возніцкая вуліца;1;Возницкая улица;53.8916112;27.5289682
Волжская вуліца;1;Волжская улица;53.8721855;27.6534689
Волжская вуліца;11;Волжская улица;53.8721855;27.6534689
Волжская вуліца;13;Волжская улица;53.8721855;27.6534689
Волжская вуліца;14;Волжская улица;53.8721855;27.6534689
Волжская вуліца;16;Волжская улица;53.8721855;27.6534689
Волжская вуліца;38;Волжская улица;53.8721855;27.6534689
вуліца 2-я Шостая Лінія;46064;2-я улица Шестая Линия;53.9252659;27.5871551
вуліца 2-я Шостая Лінія;46184;2-я улица Шестая Линия;53.9252659;27.5871551
вуліца 3 Верасня;14;Улица 3 сентября;53.903275;27.5154796
вуліца 70 год Кастрычніка;3;улица 70 лет Октября;53.4723982;27.2292475
вуліца 70 год Кастрычніка;7;улица 70 лет Октября;53.4723982;27.2292475
вуліца 70 год Кастрычніка;5;улица 70 лет Октября;53.4723982;27.2292475
вуліца 70 год Кастрычніка;14;улица 70 лет Октября;53.4723982;27.2292475
вуліца 70 год Кастрычніка;18;улица 70 лет Октября;53.4723982;27.2292475
вуліца 70 год Кастрычніка;20;улица 70 лет Октября;53.4723982;27.2292475
вуліца 70 год Кастрычніка;22;улица 70 лет Октября;53.4723982;27.2292475
вуліца 70 год Кастрычніка;1;улица 70 лет Октября;53.4723982;27.2292475
вуліца 70 год Кастрычніка;4;улица 70 лет Октября;53.4723982;27.2292475
вуліца 70 год Кастрычніка;2;улица 70 лет Октября;53.4723982;27.2292475
вуліца 70 год Кастрычніка;6;улица 70 лет Октября;53.4723982;27.2292475
вуліца 70 год Кастрычніка;8;улица 70 лет Октября;53.4723982;27.2292475
вуліца 70 год Кастрычніка;10;улица 70 лет Октября;53.4723982;27.2292475
вуліца 70 год Кастрычніка;26;улица 70 лет Октября;53.4723982;27.2292475
вуліца А. Карымава;26;улица А. Каримова;53.8185861;27.3902393
вуліца А. Карымава;49;улица А. Каримова;53.8185861;27.3902393
вуліца А. Карымава;47;улица А. Каримова;53.8185861;27.3902393
вуліца А. Карымава;24;улица А. Каримова;53.8185861;27.3902393
вуліца А. Карымава;45;улица А. Каримова;53.8185861;27.3902393
вуліца А. Карымава;43;улица А. Каримова;53.8185861;27.3902393
вуліца А. Карымава;41А;улица А. Каримова;53.8185861;27.3902393
вуліца А. Карымава;20;улица А. Каримова;53.8185861;27.3902393
вуліца А. Карымава;41;улица А. Каримова;53.8185861;27.3902393
вуліца А. Карымава;37;улица А. Каримова;53.8185861;27.3902393
вуліца А. Карымава;35;улица А. Каримова;53.8185861;27.3902393
вуліца Авакяна;19;улица Авакяна;53.8772855;27.5431731
вуліца Авакяна;21;улица Авакяна;53.8772855;27.5431731
вуліца Авакяна;33;улица Авакяна;53.8772855;27.5431731
вуліца Авакяна;69;улица Авакяна;53.8772855;27.5431731
вуліца Авакяна;59;улица Авакяна;53.8772855;27.5431731
вуліца Авакяна;39;улица Авакяна;53.8772855;27.5431731
вуліца Авакяна;63;улица Авакяна;53.8772855;27.5431731
вуліца Авакяна;35;улица Авакяна;53.8772855;27.5431731
вуліца Авакяна;37;улица Авакяна;53.8772855;27.5431731
вуліца Авакяна;43;улица Авакяна;53.8772855;27.5431731
вуліца Авакяна;61;улица Авакяна;53.8772855;27.5431731
вуліца Авакяна;22;улица Авакяна;53.8772855;27.5431731
вуліца Авакяна;16;улица Авакяна;53.8772855;27.5431731
вуліца Авакяна;67;улица Авакяна;53.8772855;27.5431731
вуліца Авакяна;57;улица Авакяна;53.8772855;27.5431731
вуліца Авакяна;65;улица Авакяна;53.8772855;27.5431731
вуліца Авакяна;45;улица Авакяна;53.8772855;27.5431731
вуліца Авакяна;41;улица Авакяна;53.8772855;27.5431731
вуліца Агарова;7;улица Огарёва;53.8701324;27.6612981
вуліца Агарова;9;улица Огарёва;53.8701324;27.6612981
вуліца Агінскага;6;улица Огинского;53.9276858;27.6713341
вуліца Агінскага;29;улица Огинского;53.9276858;27.6713341
вуліца Агінскага;20;улица Огинского;53.9276858;27.6713341
вуліца Агінскага;17;улица Огинского;53.9276858;27.6713341
вуліца Агінскага;16;улица Огинского;53.9276858;27.6713341
вуліца Агінскага;15;улица Огинского;53.9276858;27.6713341
вуліца Агінскага;11;улица Огинского;53.9276858;27.6713341
вуліца Агінскага;14;улица Огинского;53.9276858;27.6713341
вуліца Агінскага;12;улица Огинского;53.9276858;27.6713341
вуліца Агінскага;10;улица Огинского;53.9276858;27.6713341
вуліца Агінскага;8;улица Огинского;53.9276858;27.6713341
вуліца Агінскага;5;улица Огинского;53.9276858;27.6713341
вуліца Агінскага;3;улица Огинского;53.9276858;27.6713341
вуліца Агінскага;7;улица Огинского;53.9276858;27.6713341
вуліца Агінскага;9;улица Огинского;53.9276858;27.6713341
вуліца Агінскага;22;улица Огинского;53.9276858;27.6713341
вуліца Агінскага;4;улица Огинского;53.9276858;27.6713341
вуліца Агінскага;23;улица Огинского;53.9276858;27.6713341
вуліца Агінскага;25;улица Огинского;53.9276858;27.6713341
вуліца Агінскага;21;улица Огинского;53.9276858;27.6713341
вуліца Агінскага;27;улица Огинского;53.9276858;27.6713341
вуліца Агінскага;19;улица Огинского;53.9276858;27.6713341
вуліца Агінскага;2;улица Огинского;53.9276858;27.6713341
вуліца Агінскага;13;улица Огинского;53.9276858;27.6713341
вуліца Адама Шэмеша;21;улица Адама Шемеша;53.9227448;27.6467342
вуліца Адзінцова;113;улица Одинцова;53.89907;27.4614724
вуліца Адзінцова;20;улица Одинцова;53.89907;27.4614724
вуліца Адзінцова;22В;улица Одинцова;53.89907;27.4614724
вуліца Адзінцова;22 к1;улица Одинцова;53.89907;27.4614724
вуліца Адзінцова;10;улица Одинцова;53.89907;27.4614724
вуліца Адзінцова;30;улица Одинцова;53.89907;27.4614724
вуліца Адзінцова;7;улица Одинцова;53.89907;27.4614724
вуліца Адзінцова;69;улица Одинцова;53.89907;27.4614724
вуліца Адзінцова;47;улица Одинцова;53.89907;27.4614724
вуліца Адзінцова;65;улица Одинцова;53.89907;27.4614724
вуліца Адзінцова;9;улица Одинцова;53.89907;27.4614724
вуліца Адзінцова;51;улица Одинцова;53.89907;27.4614724
вуліца Адзінцова;69А;улица Одинцова;53.89907;27.4614724
вуліца Адзінцова;75;улица Одинцова;53.89907;27.4614724
вуліца Адзінцова;38;улица Одинцова;53.89907;27.4614724
вуліца Адзінцова;81;улица Одинцова;53.89907;27.4614724
вуліца Адзінцова;85;улица Одинцова;53.89907;27.4614724
вуліца Адзінцова;37;улица Одинцова;53.89907;27.4614724
вуліца Адзінцова;23 к1;улица Одинцова;53.89907;27.4614724
вуліца Адзінцова;57;улица Одинцова;53.89907;27.4614724
вуліца Адзінцова;41;улица Одинцова;53.89907;27.4614724
вуліца Адзінцова;33;улица Одинцова;53.89907;27.4614724
вуліца Адзінцова;71 к3;улица Одинцова;53.89907;27.4614724
вуліца Адзінцова;71 к4;улица Одинцова;53.89907;27.4614724
вуліца Адзінцова;77 к2;улица Одинцова;53.89907;27.4614724
вуліца Адзінцова;77 к3;улица Одинцова;53.89907;27.4614724
вуліца Адзінцова;77 к1;улица Одинцова;53.89907;27.4614724
вуліца Адзінцова;71 к2;улица Одинцова;53.89907;27.4614724
вуліца Адзінцова;36 к1;улица Одинцова;53.89907;27.4614724
вуліца Адзінцова;59;улица Одинцова;53.89907;27.4614724
вуліца Адзінцова;53;улица Одинцова;53.89907;27.4614724
вуліца Адзінцова;49;улица Одинцова;53.89907;27.4614724
вуліца Адзінцова;79 к2;улица Одинцова;53.89907;27.4614724
вуліца Адзінцова;87;улица Одинцова;53.89907;27.4614724
вуліца Адзінцова;61;улица Одинцова;53.89907;27.4614724
вуліца Адзінцова;55;улица Одинцова;53.89907;27.4614724
вуліца Адзінцова;109;улица Одинцова;53.89907;27.4614724
вуліца Адзінцова;99;улица Одинцова;53.89907;27.4614724
вуліца Адзінцова;48;улица Одинцова;53.89907;27.4614724
вуліца Адзінцова;44;улица Одинцова;53.89907;27.4614724
вуліца Адзінцова;97;улица Одинцова;53.89907;27.4614724
вуліца Адзінцова;107;улица Одинцова;53.89907;27.4614724
вуліца Адзінцова;105;улица Одинцова;53.89907;27.4614724
вуліца Адзінцова;89;улица Одинцова;53.89907;27.4614724
вуліца Адоеўскага;58/3;улица Одоевского;53.903456;27.502079
вуліца Адоеўскага;37;улица Одоевского;53.903456;27.502079
вуліца Адоеўскага;35;улица Одоевского;53.903456;27.502079
вуліца Адоеўскага;28;улица Одоевского;53.903456;27.502079
вуліца Адоеўскага;95;улица Одоевского;53.903456;27.502079
вуліца Адоеўскага;115А;улица Одоевского;53.903456;27.502079
вуліца Адоеўскага;129 каб401;улица Одоевского;53.903456;27.502079
вуліца Адоеўскага;6А;улица Одоевского;53.903456;27.502079
вуліца Адоеўскага;101А;улица Одоевского;53.903456;27.502079
вуліца Адоеўскага;101А-440;улица Одоевского;53.903456;27.502079
вуліца Адоеўскага;103А;улица Одоевского;53.903456;27.502079
вуліца Адоеўскага;12;улица Одоевского;53.903456;27.502079
вуліца Адоеўскага;48А;улица Одоевского;53.903456;27.502079
вуліца Адоеўскага;34;улица Одоевского;53.903456;27.502079
вуліца Адоеўскага;115В;улица Одоевского;53.903456;27.502079
вуліца Адоеўскага;115Б;улица Одоевского;53.903456;27.502079
вуліца Азгура;5;улица Азгура;53.9003791;27.5807609
вуліца Азгура;3;улица Азгура;53.9003791;27.5807609
вуліца Айвазоўскага;41;улица Айвазовского;53.8640324;27.6230116
вуліца Айвазоўскага;40;улица Айвазовского;53.8640324;27.6230116
вуліца Айвазоўскага;38;улица Айвазовского;53.8640324;27.6230116
вуліца Айвазоўскага;31;улица Айвазовского;53.8640324;27.6230116
вуліца Айвазоўскага;29;улица Айвазовского;53.8640324;27.6230116
вуліца Айвазоўскага;1;улица Айвазовского;53.8640324;27.6230116
вуліца Айвазоўскага;2;улица Айвазовского;53.8640324;27.6230116
вуліца Айвазоўскага;23;улица Айвазовского;53.8640324;27.6230116
вуліца Айвазоўскага;5;улица Айвазовского;53.8640324;27.6230116
вуліца Айвазоўскага;19;улица Айвазовского;53.8640324;27.6230116
вуліца Айвазоўскага;7;улица Айвазовского;53.8640324;27.6230116
вуліца Айвазоўскага;3;улица Айвазовского;53.8640324;27.6230116
вуліца Айвазоўскага;10;улица Айвазовского;53.8640324;27.6230116
вуліца Айвазоўскага;11;улица Айвазовского;53.8640324;27.6230116
вуліца Айвазоўскага;13;улица Айвазовского;53.8640324;27.6230116
вуліца Айвазоўскага;9;улица Айвазовского;53.8640324;27.6230116
вуліца Айвазоўскага;25;улица Айвазовского;53.8640324;27.6230116
вуліца Айвазоўскага;15;улица Айвазовского;53.8640324;27.6230116
вуліца Айвазоўскага;21;улица Айвазовского;53.8640324;27.6230116
вуліца Айвазоўскага;17;улица Айвазовского;53.8640324;27.6230116
вуліца Айвазоўскага;8;улица Айвазовского;53.8640324;27.6230116
вуліца Айвазоўскага;12;улица Айвазовского;53.8640324;27.6230116
вуліца Айвазоўскага;6;улица Айвазовского;53.8640324;27.6230116
вуліца Айвазоўскага;27;улица Айвазовского;53.8640324;27.6230116
вуліца Айвазоўскага;14;улица Айвазовского;53.8640324;27.6230116
вуліца Айвазоўскага;71;улица Айвазовского;53.8640324;27.6230116
вуліца акадэміка Высоцкага;9;Улица Академика Высоцкого;53.9316915;27.6738542
вуліца Акадэміка Вышалескага;16;улица Академика Вышелесского;53.9058627;27.4186496
вуліца Акадэміка Вышалескага;11;улица Академика Вышелесского;53.9058627;27.4186496
вуліца Акадэміка Жэбрака;28;улица Академика Жебрака;53.9011854;27.4182145
вуліца Акадэміка Жэбрака;31;улица Академика Жебрака;53.9011854;27.4182145
вуліца Акадэміка Жэбрака;23;улица Академика Жебрака;53.9011854;27.4182145
вуліца Акадэміка Жэбрака;24;улица Академика Жебрака;53.9011854;27.4182145
вуліца Акадэміка Жэбрака;35;улица Академика Жебрака;53.9011854;27.4182145
вуліца Акадэміка Карскага;3;Улица Академика Карского;53.8773125;27.4455199
вуліца Акадэміка Карскага;27;Улица Академика Карского;53.8773125;27.4455199
вуліца Акадэміка Карскага;25;Улица Академика Карского;53.8773125;27.4455199
вуліца Акадэміка Карскага;23;Улица Академика Карского;53.8773125;27.4455199
вуліца Акадэміка Карскага;48;Улица Академика Карского;53.8773125;27.4455199
вуліца Акадэміка Карскага;44;Улица Академика Карского;53.8773125;27.4455199
вуліца Акадэміка Карскага;35;Улица Академика Карского;53.8773125;27.4455199
вуліца Акадэміка Карскага;35 к2;Улица Академика Карского;53.8773125;27.4455199
вуліца Акадэміка Карскага;33 к1;Улица Академика Карского;53.8773125;27.4455199
вуліца Акадэміка Карскага;35 к1;Улица Академика Карского;53.8773125;27.4455199
вуліца Акадэміка Купрэвіча;7;улица Академика Купревича;53.9274979;27.6899724
вуліца Акадэміка Купрэвіча;3;улица Академика Купревича;53.9274979;27.6899724
вуліца Акадэміка Купрэвіча;46143;улица Академика Купревича;53.9274979;27.6899724
вуліца Акадэміка Купрэвіча;10;улица Академика Купревича;53.9274979;27.6899724
вуліца Акадэміка Купрэвіча;1 к3;улица Академика Купревича;53.9274979;27.6899724
вуліца Акадэміка Купрэвіча;18;улица Академика Купревича;53.9274979;27.6899724
вуліца Акадэміка Купрэвіча;1 к4;улица Академика Купревича;53.9274979;27.6899724
вуліца Акадэміка Купрэвіча;14;улица Академика Купревича;53.9274979;27.6899724
вуліца Акадэміка Купрэвіча;1 к1;улица Академика Купревича;53.9274979;27.6899724
вуліца Акадэміка Фёдарава;1;улица Академика Фёдорова;53.8850874;27.4273785
вуліца Акадэміка Фёдарава;13 к2;улица Академика Фёдорова;53.8850874;27.4273785
вуліца Акрэсціна;16;улица Окрестина;53.879947;27.5019395
вуліца Аладавых;7;улица Аладовых;53.9205021;27.4561794
вуліца Аладавых;11А;улица Аладовых;53.9205021;27.4561794
вуліца Аладавых;11В;улица Аладовых;53.9205021;27.4561794
вуліца Аладавых;11Б;улица Аладовых;53.9205021;27.4561794
вуліца Алаізы Пашкевіч;1;улица Алоизы Пашкевич;53.9107222;27.5632917
вуліца Алаізы Пашкевіч;11;улица Алоизы Пашкевич;53.9107222;27.5632917
вуліца Алаізы Пашкевіч;9;улица Алоизы Пашкевич;53.9107222;27.5632917
вуліца Алаізы Пашкевіч;7;улица Алоизы Пашкевич;53.9107222;27.5632917
вуліца Алега Кашавога;10;улица Олега Кошевого;53.8876029;27.6108896
вуліца Алега Кашавога;8;улица Олега Кошевого;53.8876029;27.6108896
вуліца Алега Кашавога;28;улица Олега Кошевого;53.8876029;27.6108896
вуліца Алега Кашавога;24;улица Олега Кошевого;53.8876029;27.6108896
вуліца Алега Кашавога;18;улица Олега Кошевого;53.8876029;27.6108896
вуліца Алега Кашавога;35;улица Олега Кошевого;53.8876029;27.6108896
вуліца Алега Кашавога;9;улица Олега Кошевого;53.8876029;27.6108896
вуліца Алега Кашавога;7А;улица Олега Кошевого;53.8876029;27.6108896
вуліца Алега Кашавога;7;улица Олега Кошевого;53.8876029;27.6108896
вуліца Алега Кашавога;6;улица Олега Кошевого;53.8876029;27.6108896
вуліца Алега Кашавога;1;улица Олега Кошевого;53.8876029;27.6108896
вуліца Алега Кашавога;27А;улица Олега Кошевого;53.8876029;27.6108896
вуліца Алега Кашавога;2;улица Олега Кошевого;53.8876029;27.6108896
вуліца Алега Кашавога;5;улица Олега Кошевого;53.8876029;27.6108896
вуліца Алега Кашавога;2А;улица Олега Кошевого;53.8876029;27.6108896
вуліца Алега Кашавога;20;улица Олега Кошевого;53.8876029;27.6108896
вуліца Алеся Бачылы;9;улица Алеся Бачило;53.8417664;27.7004269
вуліца Алеся Бачылы;36;улица Алеся Бачило;53.8417664;27.7004269
вуліца Алеся Бачылы;13;улица Алеся Бачило;53.8417664;27.7004269
вуліца Алеся Бачылы;34;улица Алеся Бачило;53.8417664;27.7004269
вуліца Алеся Бачылы;28;улица Алеся Бачило;53.8417664;27.7004269
вуліца Алеся Бачылы;30;улица Алеся Бачило;53.8417664;27.7004269
вуліца Алеся Бачылы;19;улица Алеся Бачило;53.8417664;27.7004269
вуліца Алеся Бачылы;21;улица Алеся Бачило;53.8417664;27.7004269
вуліца Алеся Бачылы;32;улица Алеся Бачило;53.8417664;27.7004269
вуліца Алеся Гаруна;20;улица Алеся Гаруна;53.9202565;27.4450202
вуліца Алеся Гаруна;25;улица Алеся Гаруна;53.9202565;27.4450202
вуліца Алеся Гаруна;23;улица Алеся Гаруна;53.9202565;27.4450202
вуліца Алеся Гаруна;8;улица Алеся Гаруна;53.9202565;27.4450202
вуліца Алеся Гаруна;12;улица Алеся Гаруна;53.9202565;27.4450202
вуліца Алеся Гаруна;16;улица Алеся Гаруна;53.9202565;27.4450202
вуліца Алеся Гаруна;18;улица Алеся Гаруна;53.9202565;27.4450202
вуліца Алеся Гаруна;26;улица Алеся Гаруна;53.9202565;27.4450202
вуліца Алеся Гаруна;28;улица Алеся Гаруна;53.9202565;27.4450202
вуліца Алеся Гаруна;30;улица Алеся Гаруна;53.9202565;27.4450202
вуліца Алеся Гаруна;1;улица Алеся Гаруна;53.9202565;27.4450202
вуліца Алеся Гаруна;6;улица Алеся Гаруна;53.9202565;27.4450202
вуліца Алеся Гаруна;22;улица Алеся Гаруна;53.9202565;27.4450202
вуліца Алеся Гаруна;13;улица Алеся Гаруна;53.9202565;27.4450202
вуліца Алеся Гаруна;24;улица Алеся Гаруна;53.9202565;27.4450202
вуліца Алеся Гаруна;32;улица Алеся Гаруна;53.9202565;27.4450202
вуліца Алеся Гаруна;10;улица Алеся Гаруна;53.9202565;27.4450202
вуліца Алеся Гаруна;5;улица Алеся Гаруна;53.9202565;27.4450202
вуліца Алешава;2;улица Олешева;53.9472449;27.5980551
вуліца Алешава;131;улица Олешева;53.9472449;27.5980551
вуліца Алешава;133;улица Олешева;53.9472449;27.5980551
вуліца Алешава;21;улица Олешева;53.9472449;27.5980551
вуліца Алешава;27;улица Олешева;53.9472449;27.5980551
вуліца Алешава;39;улица Олешева;53.9472449;27.5980551
вуліца Алешава;1;улица Олешева;53.9472449;27.5980551
вуліца Алешава;14;улица Олешева;53.9472449;27.5980551
вуліца Алешава;24;улица Олешева;53.9472449;27.5980551
вуліца Алешава;3;улица Олешева;53.9472449;27.5980551
вуліца Алешава;137А;улица Олешева;53.9472449;27.5980551
вуліца Алешава;22;улица Олешева;53.9472449;27.5980551
вуліца Алешава;18;улица Олешева;53.9472449;27.5980551
вуліца Алешава;18А;улица Олешева;53.9472449;27.5980551
вуліца Алешава;5;улица Олешева;53.9472449;27.5980551
вуліца Алешава;139;улица Олешева;53.9472449;27.5980551
вуліца Алібегава;46035;улица Алибегова;53.8719082;27.4821426
вуліца Алібегава;28;улица Алибегова;53.8719082;27.4821426
вуліца Алібегава;12Б;улица Алибегова;53.8719082;27.4821426
вуліца Алібегава;26;улица Алибегова;53.8719082;27.4821426
вуліца Алібегава;24;улица Алибегова;53.8719082;27.4821426
вуліца Алібегава;12;улица Алибегова;53.8719082;27.4821426
вуліца Алібегава;25;улица Алибегова;53.8719082;27.4821426
вуліца Алібегава;44;улица Алибегова;53.8719082;27.4821426
вуліца Алібегава;19;улица Алибегова;53.8719082;27.4821426
вуліца Алібегава;3;улица Алибегова;53.8719082;27.4821426
вуліца Алібегава;23;улица Алибегова;53.8719082;27.4821426
вуліца Алібегава;21;улица Алибегова;53.8719082;27.4821426
вуліца Алібегава;27 к2;улица Алибегова;53.8719082;27.4821426
вуліца Алібегава;27 к1;улица Алибегова;53.8719082;27.4821426
вуліца Алібегава;5А;улица Алибегова;53.8719082;27.4821426
вуліца Алібегава;22;улица Алибегова;53.8719082;27.4821426
вуліца Алібегава;34;улица Алибегова;53.8719082;27.4821426
вуліца Алібегава;38;улица Алибегова;53.8719082;27.4821426
вуліца Алібегава;32;улица Алибегова;53.8719082;27.4821426
вуліца Алібегава;32А;улица Алибегова;53.8719082;27.4821426
вуліца Альшэўскага;24;улица Ольшевского;53.9241259;27.4782171
вуліца Альшэўскага;3 к1;улица Ольшевского;53.9241259;27.4782171
вуліца Альшэўскага;10;улица Ольшевского;53.9241259;27.4782171
вуліца Альшэўскага;4;улица Ольшевского;53.9241259;27.4782171
вуліца Альшэўскага;1Б;улица Ольшевского;53.9241259;27.4782171
вуліца Альшэўскага;46101;улица Ольшевского;53.9241259;27.4782171
вуліца Альшэўскага;1 к2;улица Ольшевского;53.9241259;27.4782171
вуліца Альшэўскага;1А;улица Ольшевского;53.9241259;27.4782171
вуліца Альшэўскага;1 к1;улица Ольшевского;53.9241259;27.4782171
вуліца Альшэўскага;78;улица Ольшевского;53.9241259;27.4782171
вуліца Альшэўскага;46346;улица Ольшевского;53.9241259;27.4782171
вуліца Альшэўскага;16Г;улица Ольшевского;53.9241259;27.4782171
вуліца Альшэўскага;1 к3;улица Ольшевского;53.9241259;27.4782171
вуліца Альшэўскага;1 к4;улица Ольшевского;53.9241259;27.4782171
вуліца Альшэўскага;20;улица Ольшевского;53.9241259;27.4782171
вуліца Альшэўскага;45;улица Ольшевского;53.9241259;27.4782171
вуліца Альшэўскага;61;улица Ольшевского;53.9241259;27.4782171
вуліца Альшэўскага;46162;улица Ольшевского;53.9241259;27.4782171
вуліца Альшэўскага;73;улица Ольшевского;53.9241259;27.4782171
вуліца Альшэўскага;18А;улица Ольшевского;53.9241259;27.4782171
вуліца Альшэўскага;20А;улица Ольшевского;53.9241259;27.4782171
вуліца Альшэўскага;18;улица Ольшевского;53.9241259;27.4782171
вуліца Альшэўскага;16;улица Ольшевского;53.9241259;27.4782171
вуліца Альшэўскага;12;улица Ольшевского;53.9241259;27.4782171
вуліца Альшэўскага;46136;улица Ольшевского;53.9241259;27.4782171
вуліца Альшэўскага;76А;улица Ольшевского;53.9241259;27.4782171
вуліца Альшэўскага;29 к1;улица Ольшевского;53.9241259;27.4782171
вуліца Альшэўскага;27 к2;улица Ольшевского;53.9241259;27.4782171
вуліца Альшэўскага;25;улица Ольшевского;53.9241259;27.4782171
вуліца Альшэўскага;23;улица Ольшевского;53.9241259;27.4782171
вуліца Альшэўскага;27 к1;улица Ольшевского;53.9241259;27.4782171
вуліца Альшэўскага;31 к2;улица Ольшевского;53.9241259;27.4782171
вуліца Альшэўскага;29 к2;улица Ольшевского;53.9241259;27.4782171
вуліца Альшэўскага;31 к1;улица Ольшевского;53.9241259;27.4782171
вуліца Альшэўскага;33 к1;улица Ольшевского;53.9241259;27.4782171
вуліца Альшэўскага;33 к2;улица Ольшевского;53.9241259;27.4782171
вуліца Альшэўскага;15;улица Ольшевского;53.9241259;27.4782171
вуліца Альшэўскага;19;улица Ольшевского;53.9241259;27.4782171
вуліца Альшэўскага;21;улица Ольшевского;53.9241259;27.4782171
вуліца Альшэўскага;17;улица Ольшевского;53.9241259;27.4782171
вуліца Альшэўскага;13 к2;улица Ольшевского;53.9241259;27.4782171
вуліца Альшэўскага;11;улица Ольшевского;53.9241259;27.4782171
вуліца Альшэўскага;9 к1;улица Ольшевского;53.9241259;27.4782171
вуліца Альшэўскага;5 к1;улица Ольшевского;53.9241259;27.4782171
вуліца Альшэўскага;9 к2;улица Ольшевского;53.9241259;27.4782171
вуліца Альшэўскага;5 к2;улица Ольшевского;53.9241259;27.4782171
вуліца Альшэўскага;3 к2;улица Ольшевского;53.9241259;27.4782171
вуліца Альшэўскага;7 к2;улица Ольшевского;53.9241259;27.4782171
вуліца Альшэўскага;7 к1;улица Ольшевского;53.9241259;27.4782171
вуліца Альшэўскага;74;улица Ольшевского;53.9241259;27.4782171
вуліца Альшэўскага;76;улица Ольшевского;53.9241259;27.4782171
вуліца Альшэўскага;77;улица Ольшевского;53.9241259;27.4782171
вуліца Альшэўскага;75;улица Ольшевского;53.9241259;27.4782171
вуліца Альшэўскага;23А;улица Ольшевского;53.9241259;27.4782171
вуліца Альшэўскага;46042;улица Ольшевского;53.9241259;27.4782171
вуліца Альшэўскага;73Б;улица Ольшевского;53.9241259;27.4782171
вуліца Альшэўскага;13;улица Ольшевского;53.9241259;27.4782171
вуліца Альшэўскага;16А;улица Ольшевского;53.9241259;27.4782171
вуліца Альшэўскага;16Б;улица Ольшевского;53.9241259;27.4782171
вуліца Альшэўскага;57;улица Ольшевского;53.9241259;27.4782171
вуліца Аляксандра Воінава;32;улица Александра Воинова;53.9652635;27.5581982
вуліца Аляксандра Воінава;36;улица Александра Воинова;53.9652635;27.5581982
вуліца Аляксандра Воінава;34;улица Александра Воинова;53.9652635;27.5581982
вуліца Амеліі Эрхарт;3;улица Амелии Эрхарт;53.9628417;27.6678625
вуліца Амеліі Эрхарт;4;улица Амелии Эрхарт;53.9628417;27.6678625
вуліца Анаева;29;улица Аннаева;53.9055425;27.6318573
вуліца Анаева;24;улица Аннаева;53.9055425;27.6318573
вуліца Анаева;31;улица Аннаева;53.9055425;27.6318573
вуліца Анаева;41;улица Аннаева;53.9055425;27.6318573
вуліца Анаева;28А;улица Аннаева;53.9055425;27.6318573
вуліца Анаева;47;улица Аннаева;53.9055425;27.6318573
вуліца Анаева;84/7;улица Аннаева;53.9055425;27.6318573
вуліца Анаева;19А;улица Аннаева;53.9055425;27.6318573
вуліца Анаева;25;улица Аннаева;53.9055425;27.6318573
вуліца Анаева;15;улица Аннаева;53.9055425;27.6318573
вуліца Анаева;17;улица Аннаева;53.9055425;27.6318573
вуліца Анаева;30;улица Аннаева;53.9055425;27.6318573
вуліца Анаева;21;улица Аннаева;53.9055425;27.6318573
вуліца Анаева;23;улица Аннаева;53.9055425;27.6318573
вуліца Анаева;26;улица Аннаева;53.9055425;27.6318573
вуліца Анаева;34;улица Аннаева;53.9055425;27.6318573
вуліца Анаева;19;улица Аннаева;53.9055425;27.6318573
вуліца Анаева;18;улица Аннаева;53.9055425;27.6318573
вуліца Анаева;22;улица Аннаева;53.9055425;27.6318573
вуліца Анаева;13;улица Аннаева;53.9055425;27.6318573
вуліца Анаева;12;улица Аннаева;53.9055425;27.6318573
вуліца Анаева;9А;улица Аннаева;53.9055425;27.6318573
вуліца Анаева;4;улица Аннаева;53.9055425;27.6318573
вуліца Анаева;3;улица Аннаева;53.9055425;27.6318573
вуліца Анаева;6;улица Аннаева;53.9055425;27.6318573
вуліца Анаева;11;улица Аннаева;53.9055425;27.6318573
вуліца Анаева;10;улица Аннаева;53.9055425;27.6318573
вуліца Анаева;20;улица Аннаева;53.9055425;27.6318573
вуліца Анаева;1;улица Аннаева;53.9055425;27.6318573
вуліца Анаева;2;улица Аннаева;53.9055425;27.6318573
вуліца Анаева;14;улица Аннаева;53.9055425;27.6318573
вуліца Анаева;9;улица Аннаева;53.9055425;27.6318573
вуліца Анаева;8;улица Аннаева;53.9055425;27.6318573
вуліца Анаева;32;улица Аннаева;53.9055425;27.6318573
вуліца Анаева;16;улица Аннаева;53.9055425;27.6318573
вуліца Анаева;84;улица Аннаева;53.9055425;27.6318573
вуліца Анаева;5;улица Аннаева;53.9055425;27.6318573
вуліца Анаева;46029;улица Аннаева;53.9055425;27.6318573
вуліца Арджанікідзэ;32;улица Орджоникидзе;53.8707355;27.654903
вуліца Арджанікідзэ;36;улица Орджоникидзе;53.8707355;27.654903
вуліца Арджанікідзэ;38;улица Орджоникидзе;53.8707355;27.654903
вуліца Арджанікідзэ;40;улица Орджоникидзе;53.8707355;27.654903
вуліца Арджанікідзэ;41;улица Орджоникидзе;53.8707355;27.654903
вуліца Арджанікідзэ;43;улица Орджоникидзе;53.8707355;27.654903
вуліца Арджанікідзэ;35;улица Орджоникидзе;53.8707355;27.654903
вуліца Арджанікідзэ;30;улица Орджоникидзе;53.8707355;27.654903
вуліца Арджанікідзэ;16;улица Орджоникидзе;53.8707355;27.654903
вуліца Арджанікідзэ;1;улица Орджоникидзе;53.8707355;27.654903
вуліца Арджанікідзэ;6;улица Орджоникидзе;53.8707355;27.654903
вуліца Арджанікідзэ;37;улица Орджоникидзе;53.8707355;27.654903
вуліца Артылерыстаў;13;улица Артиллеристов;53.883001;27.5569584
вуліца Артылерыстаў;11;улица Артиллеристов;53.883001;27.5569584
вуліца Артылерыстаў;9А;улица Артиллеристов;53.883001;27.5569584
вуліца Артылерыстаў;11А;улица Артиллеристов;53.883001;27.5569584
вуліца Артылерыстаў;15;улица Артиллеристов;53.883001;27.5569584
вуліца Артылерыстаў;1;улица Артиллеристов;53.883001;27.5569584
вуліца Артылерыстаў;5;улица Артиллеристов;53.883001;27.5569584
вуліца Артылерыстаў;8;улица Артиллеристов;53.883001;27.5569584
вуліца Артылерыстаў;12;улица Артиллеристов;53.883001;27.5569584
вуліца Артылерыстаў;26;улица Артиллеристов;53.883001;27.5569584
вуліца Артылерыстаў;17;улица Артиллеристов;53.883001;27.5569584
вуліца Артылерыстаў;23;улица Артиллеристов;53.883001;27.5569584
вуліца Артылерыстаў;19;улица Артиллеристов;53.883001;27.5569584
вуліца Артылерыстаў;28;улица Артиллеристов;53.883001;27.5569584
вуліца Архітэктара Заборскага;3;Улица Архитектора Заборского;53.91068;27.5581222
вуліца Архітэктара Заборскага;1;Улица Архитектора Заборского;53.91068;27.5581222
вуліца Арцёма;11;улица Артёма;53.8867963;27.675882
вуліца Арцёма;3;улица Артёма;53.8867963;27.675882
вуліца Арцёма;5;улица Артёма;53.8867963;27.675882
вуліца Арцёма;7;улица Артёма;53.8867963;27.675882
вуліца Арцёма;9;улица Артёма;53.8867963;27.675882
вуліца Арцёма;32;улица Артёма;53.8867963;27.675882
вуліца Арцёма;36;улица Артёма;53.8867963;27.675882
вуліца Арцёма;2;улица Артёма;53.8867963;27.675882
вуліца Арцёма Мікаяна;1;улица Артёма Микаяна;53.9547594;27.6648849
вуліца Арцёма Мікаяна;1А;улица Артёма Микаяна;53.9547594;27.6648849
вуліца Асаналіева;40 к1;улица Асаналиева;53.8471489;27.5435175
вуліца Асаналіева;6А;улица Асаналиева;53.8471489;27.5435175
вуліца Асаналіева;76;улица Асаналиева;53.8471489;27.5435175
вуліца Асаналіева;12;улица Асаналиева;53.8471489;27.5435175
вуліца Асаналіева;1;улица Асаналиева;53.8471489;27.5435175
вуліца Асаналіева;18;улица Асаналиева;53.8471489;27.5435175
вуліца Асаналіева;42А;улица Асаналиева;53.8471489;27.5435175
вуліца Асаналіева;34А;улица Асаналиева;53.8471489;27.5435175
вуліца Асаналіева;56;улица Асаналиева;53.8471489;27.5435175
вуліца Асаналіева;29А;улица Асаналиева;53.8471489;27.5435175
вуліца Асаналіева;27А;улица Асаналиева;53.8471489;27.5435175
вуліца Асаналіева;84/2;улица Асаналиева;53.8471489;27.5435175
вуліца Асаналіева;27 к2;улица Асаналиева;53.8471489;27.5435175
вуліца Асаналіева;84;улица Асаналиева;53.8471489;27.5435175
вуліца Асаналіева;29;улица Асаналиева;53.8471489;27.5435175
вуліца Асаналіева;31;улица Асаналиева;53.8471489;27.5435175
вуліца Асаналіева;8;улица Асаналиева;53.8471489;27.5435175
вуліца Асаналіева;10;улица Асаналиева;53.8471489;27.5435175
вуліца Асаналіева;24;улица Асаналиева;53.8471489;27.5435175
вуліца Асаналіева;22 к3;улица Асаналиева;53.8471489;27.5435175
вуліца Асаналіева;22 к2;улица Асаналиева;53.8471489;27.5435175
вуліца Асаналіева;6 к2;улица Асаналиева;53.8471489;27.5435175
вуліца Асаналіева;22 к1;улица Асаналиева;53.8471489;27.5435175
вуліца Асаналіева;20 к2;улица Асаналиева;53.8471489;27.5435175
вуліца Асаналіева;20 к1;улица Асаналиева;53.8471489;27.5435175
вуліца Асаналіева;6 к1;улица Асаналиева;53.8471489;27.5435175
вуліца Асаналіева;7;улица Асаналиева;53.8471489;27.5435175
вуліца Асаналіева;5;улица Асаналиева;53.8471489;27.5435175
вуліца Асаналіева;28;улица Асаналиева;53.8471489;27.5435175
вуліца Асаналіева;26;улица Асаналиева;53.8471489;27.5435175
вуліца Асаналіева;30;улица Асаналиева;53.8471489;27.5435175
вуліца Асаналіева;32;улица Асаналиева;53.8471489;27.5435175
вуліца Асаналіева;38 к1;улица Асаналиева;53.8471489;27.5435175
вуліца Асаналіева;46;улица Асаналиева;53.8471489;27.5435175
вуліца Асаналіева;50;улица Асаналиева;53.8471489;27.5435175
вуліца Асаналіева;48;улица Асаналиева;53.8471489;27.5435175
вуліца Асаналіева;52;улица Асаналиева;53.8471489;27.5435175
вуліца Асаналіева;60;улица Асаналиева;53.8471489;27.5435175
вуліца Асаналіева;64;улица Асаналиева;53.8471489;27.5435175
вуліца Асаналіева;66;улица Асаналиева;53.8471489;27.5435175
вуліца Асаналіева;62;улица Асаналиева;53.8471489;27.5435175
вуліца Асаналіева;36 к1;улица Асаналиева;53.8471489;27.5435175
вуліца Асаналіева;36 к2;улица Асаналиева;53.8471489;27.5435175
вуліца Асаналіева;9;улица Асаналиева;53.8471489;27.5435175
вуліца Асаналіева;11 к1;улица Асаналиева;53.8471489;27.5435175
вуліца Асаналіева;11 к3;улица Асаналиева;53.8471489;27.5435175
вуліца Асаналіева;11 к2;улица Асаналиева;53.8471489;27.5435175
вуліца Асаналіева;13 к3;улица Асаналиева;53.8471489;27.5435175
вуліца Асаналіева;13 к2;улица Асаналиева;53.8471489;27.5435175
вуліца Асаналіева;13 к1;улица Асаналиева;53.8471489;27.5435175
вуліца Асаналіева;15;улица Асаналиева;53.8471489;27.5435175
вуліца Асаналіева;16;улица Асаналиева;53.8471489;27.5435175
вуліца Асаналіева;14;улица Асаналиева;53.8471489;27.5435175
вуліца Асаналіева;42;улица Асаналиева;53.8471489;27.5435175
вуліца Асаналіева;25;улица Асаналиева;53.8471489;27.5435175
вуліца Асаналіева;44;улица Асаналиева;53.8471489;27.5435175
вуліца Асаналіева;27 к3;улица Асаналиева;53.8471489;27.5435175
вуліца Асіпенкі;2;улица Осипенко;53.9261084;27.5532557
вуліца Асіпенкі;10;улица Осипенко;53.9261084;27.5532557
вуліца Асіпенкі;12;улица Осипенко;53.9261084;27.5532557
вуліца Асіпенкі;26;улица Осипенко;53.9261084;27.5532557
вуліца Асіпенкі;21А;улица Осипенко;53.9261084;27.5532557
вуліца Асіпенкі;23;улица Осипенко;53.9261084;27.5532557
вуліца Асіпенкі;27;улица Осипенко;53.9261084;27.5532557
вуліца Астрожскіх;12;улица Острожских;53.8773376;27.4757335
вуліца Астрожскіх;10;улица Острожских;53.8773376;27.4757335
вуліца Астрожскіх;8;улица Острожских;53.8773376;27.4757335
вуліца Астрожскіх;14;улица Острожских;53.8773376;27.4757335
вуліца Астрожскіх;6;улица Острожских;53.8773376;27.4757335
вуліца Астрожскіх;4;улица Острожских;53.8773376;27.4757335
вуліца Аўтамабілістаў;2Б;улица Автомобилистов;53.9626504;27.540848
вуліца Аўтамабілістаў;6А;улица Автомобилистов;53.9626504;27.540848
вуліца Аўэзава;7 к2;улица Ауэзова;53.8393094;27.6433331
вуліца Аўэзава;7 к1;улица Ауэзова;53.8393094;27.6433331
вуліца Аўэзава;8;улица Ауэзова;53.8393094;27.6433331
вуліца Бабушкіна;4А;улица Бабушкина;53.8045756;27.5904378
вуліца Бабушкіна;5;улица Бабушкина;53.8045756;27.5904378
вуліца Багдана Хмяльніцкага;9;улица Богдана Хмельницкого;53.9250652;27.5936624
вуліца Багдана Хмяльніцкага;4;улица Богдана Хмельницкого;53.9250652;27.5936624
вуліца Багдана Хмяльніцкага;8;улица Богдана Хмельницкого;53.9250652;27.5936624
вуліца Багдана Хмяльніцкага;7;улица Богдана Хмельницкого;53.9250652;27.5936624
вуліца Багдана Хмяльніцкага;3;улица Богдана Хмельницкого;53.9250652;27.5936624
вуліца Багдана Хмяльніцкага;12;улица Богдана Хмельницкого;53.9250652;27.5936624
вуліца Багдана Хмяльніцкага;5;улица Богдана Хмельницкого;53.9250652;27.5936624
вуліца Багдана Хмяльніцкага;2;улица Богдана Хмельницкого;53.9250652;27.5936624
вуліца Багдановіча;134;улица Богдановича;53.2163476;26.6618245
вуліца Баграціёна;1;улица Багратиона;53.9057564;27.6237084
вуліца Баграціёна;47;улица Багратиона;53.9057564;27.6237084
вуліца Баграціёна;55Б;улица Багратиона;53.9057564;27.6237084
вуліца Баграціёна;39;улица Багратиона;53.9057564;27.6237084
вуліца Баграціёна;41;улица Багратиона;53.9057564;27.6237084
вуліца Баграціёна;37;улица Багратиона;53.9057564;27.6237084
вуліца Баграціёна;35;улица Багратиона;53.9057564;27.6237084
вуліца Баграціёна;16;улица Багратиона;53.9057564;27.6237084
вуліца Баграціёна;20;улица Багратиона;53.9057564;27.6237084
вуліца Баграціёна;24;улица Багратиона;53.9057564;27.6237084
вуліца Баграціёна;18;улица Багратиона;53.9057564;27.6237084
вуліца Баграціёна;45;улица Багратиона;53.9057564;27.6237084
вуліца Баграціёна;5;улица Багратиона;53.9057564;27.6237084
вуліца Баграціёна;31;улица Багратиона;53.9057564;27.6237084
вуліца Баграціёна;3;улица Багратиона;53.9057564;27.6237084
вуліца Баграціёна;19;улица Багратиона;53.9057564;27.6237084
вуліца Баграціёна;15;улица Багратиона;53.9057564;27.6237084
вуліца Баграціёна;25;улица Багратиона;53.9057564;27.6237084
вуліца Баграціёна;27;улица Багратиона;53.9057564;27.6237084
вуліца Баграціёна;23;улица Багратиона;53.9057564;27.6237084
вуліца Баграціёна;29;улица Багратиона;53.9057564;27.6237084
вуліца Баграціёна;17;улица Багратиона;53.9057564;27.6237084
вуліца Баграціёна;9;улица Багратиона;53.9057564;27.6237084
вуліца Баграціёна;21;улица Багратиона;53.9057564;27.6237084
вуліца Баграціёна;7;улица Багратиона;53.9057564;27.6237084
вуліца Баграціёна;13;улица Багратиона;53.9057564;27.6237084
вуліца Баграціёна;4;улица Багратиона;53.9057564;27.6237084
вуліца Баграціёна;10А;улица Багратиона;53.9057564;27.6237084
вуліца Баграціёна;6;улица Багратиона;53.9057564;27.6237084
вуліца Баграціёна;12;улица Багратиона;53.9057564;27.6237084
вуліца Баграціёна;2;улица Багратиона;53.9057564;27.6237084
вуліца Баграціёна;10;улица Багратиона;53.9057564;27.6237084
вуліца Баграціёна;8;улица Багратиона;53.9057564;27.6237084
вуліца Баграціёна;12А;улица Багратиона;53.9057564;27.6237084
вуліца Баграціёна;33;улица Багратиона;53.9057564;27.6237084
вуліца Баграціёна;11;улица Багратиона;53.9057564;27.6237084
вуліца Баляслава Берута;24;улица Болеслава Берута;53.900875;27.5056382
вуліца Баляслава Берута;24 к1;улица Болеслава Берута;53.900875;27.5056382
вуліца Баляслава Берута;11;улица Болеслава Берута;53.900875;27.5056382
вуліца Баляслава Берута;6 к1;улица Болеслава Берута;53.900875;27.5056382
вуліца Баляслава Берута;3Б;улица Болеслава Берута;53.900875;27.5056382
вуліца Баляслава Берута;22 к1;улица Болеслава Берута;53.900875;27.5056382
вуліца Баляслава Берута;12;улица Болеслава Берута;53.900875;27.5056382
вуліца Баляслава Берута;11А;улица Болеслава Берута;53.900875;27.5056382
вуліца Баляслава Берута;3А;улица Болеслава Берута;53.900875;27.5056382
вуліца Баляслава Берута;3;улица Болеслава Берута;53.900875;27.5056382
вуліца Бельскага;16;улица Бельского;53.9085286;27.4809262
вуліца Бельскага;26;улица Бельского;53.9085286;27.4809262
вуліца Бельскага;60;улица Бельского;53.9085286;27.4809262
вуліца Бельскага;71;улица Бельского;53.9085286;27.4809262
вуліца Бельскага;59А;улица Бельского;53.9085286;27.4809262
вуліца Бельскага;2;улица Бельского;53.9085286;27.4809262
вуліца Бельскага;10;улица Бельского;53.9085286;27.4809262
вуліца Бельскага;15;улица Бельского;53.9085286;27.4809262
вуліца Бельскага;69;улица Бельского;53.9085286;27.4809262
вуліца Бельскага;54;улица Бельского;53.9085286;27.4809262
вуліца Бельскага;58;улица Бельского;53.9085286;27.4809262
вуліца Берсана;15;улица Берсона;53.8973777;27.5457237
вуліца Берсана;1А;улица Берсона;53.8973777;27.5457237
вуліца Бехцерава;1;улица Бехтерева;53.8764563;27.6398142
вуліца Бехцерава;12;улица Бехтерева;53.8764563;27.6398142
вуліца Бірузова;10А;улица Бирюзова;53.913053;27.5070062
вуліца Бірузова;46146;улица Бирюзова;53.913053;27.5070062
вуліца Бірузова;13;улица Бирюзова;53.913053;27.5070062
вуліца Бірузова;10 к2;улица Бирюзова;53.913053;27.5070062
вуліца Бірузова;13А;улица Бирюзова;53.913053;27.5070062
вуліца Бірузова;13Б;улица Бирюзова;53.913053;27.5070062
вуліца Бірузова;17;улица Бирюзова;53.913053;27.5070062
вуліца Бірузова;19;улица Бирюзова;53.913053;27.5070062
вуліца Бірузова;23;улица Бирюзова;53.913053;27.5070062
вуліца Бірузова;25;улица Бирюзова;53.913053;27.5070062
вуліца Бірузова;10;улица Бирюзова;53.913053;27.5070062
вуліца Бірузова;14Б;улица Бирюзова;53.913053;27.5070062
вуліца Браніслава Тарашкевіча;29А;улица Бронислава Тарашкевича;53.9213547;27.6467126
вуліца Браніслава Тарашкевіча;3;улица Бронислава Тарашкевича;53.9213547;27.6467126
вуліца Братоў Райт;1;улица Братьев Райт;53.9607868;27.6657905
вуліца Братоў Райт;4;улица Братьев Райт;53.9607868;27.6657905
вуліца Братоў Райт;2;улица Братьев Райт;53.9607868;27.6657905
вуліца Братоў Райт;11;улица Братьев Райт;53.9607868;27.6657905
вуліца Братоў Райт;12;улица Братьев Райт;53.9607868;27.6657905
вуліца Братоў Райт;10;улица Братьев Райт;53.9607868;27.6657905
вуліца Братоў Райт;8;улица Братьев Райт;53.9607868;27.6657905
вуліца Братоў Райт;14;улица Братьев Райт;53.9607868;27.6657905
вуліца Братоў Райт;6;улица Братьев Райт;53.9607868;27.6657905
вуліца Брыкета;2;улица Брикета;53.9059134;27.4083657
вуліца Брыкета;19А;улица Брикета;53.9059134;27.4083657
вуліца Брыкета;46220;улица Брикета;53.9059134;27.4083657
вуліца Брыкета;28 к1;улица Брикета;53.9059134;27.4083657
вуліца Брыкета;28;улица Брикета;53.9059134;27.4083657
вуліца Брыкета;28 к2;улица Брикета;53.9059134;27.4083657
вуліца Брыкета;21;улица Брикета;53.9059134;27.4083657
вуліца Брыкета;28 к3;улица Брикета;53.9059134;27.4083657
вуліца Будаўнікоў;47;улица Строителей;53.8704873;27.6627707
вуліца Будаўнікоў;52;улица Строителей;53.8704873;27.6627707
вуліца Будаўнікоў;58;улица Строителей;53.8704873;27.6627707
вуліца Будаўнікоў;18;улица Строителей;53.8704873;27.6627707
вуліца Будаўнікоў;1;улица Строителей;53.8704873;27.6627707
вуліца Будаўнікоў;21;улица Строителей;53.8704873;27.6627707
вуліца Будаўнікоў;11;улица Строителей;53.8704873;27.6627707
вуліца Будаўнікоў;13;улица Строителей;53.8704873;27.6627707
вуліца Будаўнікоў;7;улица Строителей;53.8704873;27.6627707
вуліца Будаўнікоў;9;улица Строителей;53.8704873;27.6627707
вуліца Будаўнікоў;3;улица Строителей;53.8704873;27.6627707
вуліца Будаўнікоў;5;улица Строителей;53.8704873;27.6627707
вуліца Будзённага;23;улица Будённого;53.8833453;27.6115459
вуліца Будзённага;6;улица Будённого;53.8833453;27.6115459
вуліца Будзённага;32;улица Будённого;53.8833453;27.6115459
вуліца Будзённага;11;улица Будённого;53.8833453;27.6115459
вуліца Будзённага;25;улица Будённого;53.8833453;27.6115459
вуліца Будзённага;10;улица Будённого;53.8833453;27.6115459
вуліца Будзённага;8А;улица Будённого;53.8833453;27.6115459
вуліца Будзённага;8;улица Будённого;53.8833453;27.6115459
вуліца Будзённага;16А;улица Будённого;53.8833453;27.6115459
вуліца Будзённага;18;улица Будённого;53.8833453;27.6115459
вуліца Будзённага;16;улица Будённого;53.8833453;27.6115459
вуліца Будзённага;17;улица Будённого;53.8833453;27.6115459
вуліца Бумажкова;62;улица Бумажкова;53.9066305;27.6188938
вуліца Бумажкова;37А;улица Бумажкова;53.9066305;27.6188938
вуліца Бумажкова;26;улица Бумажкова;53.9066305;27.6188938
вуліца Бумажкова;37;улица Бумажкова;53.9066305;27.6188938
вуліца Бумажкова;39;улица Бумажкова;53.9066305;27.6188938
вуліца Бумажкова;12;улица Бумажкова;53.9066305;27.6188938
вуліца Бумажкова;2;улица Бумажкова;53.9066305;27.6188938
вуліца Бумажкова;8;улица Бумажкова;53.9066305;27.6188938
вуліца Бумажкова;4;улица Бумажкова;53.9066305;27.6188938
вуліца Бумажкова;6;улица Бумажкова;53.9066305;27.6188938
вуліца Бумажкова;10;улица Бумажкова;53.9066305;27.6188938
вуліца Бумажкова;64;улица Бумажкова;53.9066305;27.6188938
вуліца Бумажкова;74;улица Бумажкова;53.9066305;27.6188938
вуліца Бумажкова;72;улица Бумажкова;53.9066305;27.6188938
вуліца Бумажкова;66;улица Бумажкова;53.9066305;27.6188938
вуліца Бумажкова;68;улица Бумажкова;53.9066305;27.6188938
вуліца Бумажкова;33;улица Бумажкова;53.9066305;27.6188938
вуліца Бумажкова;54;улица Бумажкова;53.9066305;27.6188938
вуліца Бумажкова;48;улица Бумажкова;53.9066305;27.6188938
вуліца Бумажкова;13;улица Бумажкова;53.9066305;27.6188938
вуліца Бумажкова;17;улица Бумажкова;53.9066305;27.6188938
вуліца Бумажкова;56;улица Бумажкова;53.9066305;27.6188938
вуліца Бумажкова;36;улица Бумажкова;53.9066305;27.6188938
вуліца Бумажкова;27;улица Бумажкова;53.9066305;27.6188938
вуліца Бумажкова;30;улица Бумажкова;53.9066305;27.6188938
вуліца Бумажкова;50;улица Бумажкова;53.9066305;27.6188938
вуліца Бумажкова;42;улица Бумажкова;53.9066305;27.6188938
вуліца Бумажкова;28;улица Бумажкова;53.9066305;27.6188938
вуліца Бумажкова;25;улица Бумажкова;53.9066305;27.6188938
вуліца Бумажкова;31;улица Бумажкова;53.9066305;27.6188938
вуліца Бумажкова;46;улица Бумажкова;53.9066305;27.6188938
вуліца Бумажкова;60;улица Бумажкова;53.9066305;27.6188938
вуліца Бумажкова;15;улица Бумажкова;53.9066305;27.6188938
вуліца Бумажкова;19;улица Бумажкова;53.9066305;27.6188938
вуліца Бумажкова;38;улица Бумажкова;53.9066305;27.6188938
вуліца Бумажкова;58;улица Бумажкова;53.9066305;27.6188938
вуліца Бумажкова;32;улица Бумажкова;53.9066305;27.6188938
вуліца Бумажкова;21;улица Бумажкова;53.9066305;27.6188938
вуліца Бумажкова;29;улица Бумажкова;53.9066305;27.6188938
вуліца Бумажкова;35;улица Бумажкова;53.9066305;27.6188938
вуліца Бумажкова;24;улица Бумажкова;53.9066305;27.6188938
вуліца Бумажкова;52;улица Бумажкова;53.9066305;27.6188938
вуліца Бумажкова;70;улица Бумажкова;53.9066305;27.6188938
вуліца Бумажкова;23;улица Бумажкова;53.9066305;27.6188938
вуліца Бурдзейнага;13;улица Бурдейного;53.9040473;27.4586267
вуліца Бурдзейнага;6;улица Бурдейного;53.9040473;27.4586267
вуліца Бурдзейнага;4;улица Бурдейного;53.9040473;27.4586267
вуліца Бурдзейнага;8;улица Бурдейного;53.9040473;27.4586267
вуліца Бурдзейнага;14;улица Бурдейного;53.9040473;27.4586267
вуліца Бурдзейнага;23;улица Бурдейного;53.9040473;27.4586267
вуліца Бурдзейнага;6В;улица Бурдейного;53.9040473;27.4586267
вуліца Бурдзейнага;15А;улица Бурдейного;53.9040473;27.4586267
вуліца Бурдзейнага;11;улица Бурдейного;53.9040473;27.4586267
вуліца Бурдзейнага;22;улица Бурдейного;53.9040473;27.4586267
вуліца Бурдзейнага;47;улица Бурдейного;53.9040473;27.4586267
вуліца Бялінскага;44;улица Белинского;53.9347754;27.6050688
вуліца Бялінскага;13;улица Белинского;53.9347754;27.6050688
вуліца Бялінскага;23;улица Белинского;53.9347754;27.6050688
вуліца Бялінскага;10;улица Белинского;53.9347754;27.6050688
вуліца Бялінскага;6;улица Белинского;53.9347754;27.6050688
вуліца Бялінскага;8;улица Белинского;53.9347754;27.6050688
вуліца Бялінскага;55;улица Белинского;53.9347754;27.6050688
вуліца Бялінскага;54;улица Белинского;53.9347754;27.6050688
вуліца Вавілава;6;улица Вавилова;53.8709107;27.5164547
вуліца Вавілава;21;улица Вавилова;53.8709107;27.5164547
вуліца Валадарскага;12;улица Володарского;53.8999708;27.5501618
вуліца Валадарскага;21;улица Володарского;53.8999708;27.5501618
вуліца Валадарскага;11;улица Володарского;53.8999708;27.5501618
вуліца Валадарскага;13;улица Володарского;53.8999708;27.5501618
вуліца Валадарскага;19;улица Володарского;53.8999708;27.5501618
вуліца Валадарскага;6;улица Володарского;53.8999708;27.5501618
вуліца Валадарскага;16;улица Володарского;53.8999708;27.5501618
вуліца Валадарскага;18;улица Володарского;53.8999708;27.5501618
вуліца Валадарскага;22;улица Володарского;53.8999708;27.5501618
вуліца Валадарскага;20;улица Володарского;53.8999708;27.5501618
вуліца Валадарскага;26;улица Володарского;53.8999708;27.5501618
вуліца Валадарскага;9;улица Володарского;53.8999708;27.5501618
вуліца Валадарскага;10;улица Володарского;53.8999708;27.5501618
вуліца Валадарскага;12А;улица Володарского;53.8999708;27.5501618
вуліца Валадарскага;2;улица Володарского;53.8999708;27.5501618
вуліца Валадзько;30;улица Володько;53.8739148;27.561475
вуліца Валадзько;8;улица Володько;53.8739148;27.561475
вуліца Валадзько;6;улица Володько;53.8739148;27.561475
вуліца Валадзько;12;улица Володько;53.8739148;27.561475
вуліца Валадзько;6/6 пом21 каб1;улица Володько;53.8739148;27.561475
вуліца Валадзько;18;улица Володько;53.8739148;27.561475
вуліца Валадзько;20;улица Володько;53.8739148;27.561475
вуліца Валадзько;26;улица Володько;53.8739148;27.561475
вуліца Валадзько;22;улица Володько;53.8739148;27.561475
вуліца Валадзько;28;улица Володько;53.8739148;27.561475
вуліца Валадзько;26А;улица Володько;53.8739148;27.561475
вуліца Ванеева;18;улица Ванеева;53.8759607;27.5934052
вуліца Ванеева;12;улица Ванеева;53.8759607;27.5934052
вуліца Ванеева;2;улица Ванеева;53.8759607;27.5934052
вуліца Ванеева;6;улица Ванеева;53.8759607;27.5934052
вуліца Ванеева;40;улица Ванеева;53.8759607;27.5934052
вуліца Ванеева;29;улица Ванеева;53.8759607;27.5934052
вуліца Ванеева;28;улица Ванеева;53.8759607;27.5934052
вуліца Ванеева;3;улица Ванеева;53.8759607;27.5934052
вуліца Ванеева;29А;улица Ванеева;53.8759607;27.5934052
вуліца Ванеева;4;улица Ванеева;53.8759607;27.5934052
вуліца Ванеева;38;улица Ванеева;53.8759607;27.5934052
вуліца Ванеева;34;улица Ванеева;53.8759607;27.5934052
вуліца Ванеева;29Б;улица Ванеева;53.8759607;27.5934052
вуліца Ванеева;10;улица Ванеева;53.8759607;27.5934052
вуліца Ванеева;16;улица Ванеева;53.8759607;27.5934052
вуліца Ванеева;14;улица Ванеева;53.8759607;27.5934052
вуліца Ванеева;8;улица Ванеева;53.8759607;27.5934052
вуліца Варанянскага;17;улица Воронянского;53.8777632;27.5494187
вуліца Варанянскага;50 к2;улица Воронянского;53.8777632;27.5494187
вуліца Варанянскага;19;улица Воронянского;53.8777632;27.5494187
вуліца Варанянскага;58;улица Воронянского;53.8777632;27.5494187
вуліца Варанянскага;4А;улица Воронянского;53.8777632;27.5494187
вуліца Варанянскага;50/5;улица Воронянского;53.8777632;27.5494187
вуліца Варанянскага;7А;улица Воронянского;53.8777632;27.5494187
вуліца Варанянскага;3 к1;улица Воронянского;53.8777632;27.5494187
вуліца Варанянскага;11 к1;улица Воронянского;53.8777632;27.5494187
вуліца Варанянскага;17А;улица Воронянского;53.8777632;27.5494187
вуліца Варанянскага;50 к4;улица Воронянского;53.8777632;27.5494187
вуліца Варанянскага;1А;улица Воронянского;53.8777632;27.5494187
вуліца Варанянскага;88;улица Воронянского;53.8777632;27.5494187
вуліца Варанянскага;6В;улица Воронянского;53.8777632;27.5494187
вуліца Варанянскага;11 к2;улица Воронянского;53.8777632;27.5494187
вуліца Варанянскага;40;улица Воронянского;53.8777632;27.5494187
вуліца Варанянскага;35;улица Воронянского;53.8777632;27.5494187
вуліца Варанянскага;13 к2;улица Воронянского;53.8777632;27.5494187
вуліца Варанянскага;31;улица Воронянского;53.8777632;27.5494187
вуліца Варанянскага;5 к3;улица Воронянского;53.8777632;27.5494187
вуліца Варанянскага;8;улица Воронянского;53.8777632;27.5494187
вуліца Варанянскага;11 к6;улица Воронянского;53.8777632;27.5494187
вуліца Варанянскага;9;улица Воронянского;53.8777632;27.5494187
вуліца Варанянскага;56;улица Воронянского;53.8777632;27.5494187
вуліца Варанянскага;46;улица Воронянского;53.8777632;27.5494187
вуліца Варанянскага;44;улица Воронянского;53.8777632;27.5494187
вуліца Варанянскага;11 к4;улица Воронянского;53.8777632;27.5494187
вуліца Варанянскага;11 к3;улица Воронянского;53.8777632;27.5494187
вуліца Варанянскага;7;улица Воронянского;53.8777632;27.5494187
вуліца Варанянскага;3 к2;улица Воронянского;53.8777632;27.5494187
вуліца Варанянскага;4 к2;улица Воронянского;53.8777632;27.5494187
вуліца Варанянскага;10;улица Воронянского;53.8777632;27.5494187
вуліца Варанянскага;6;улица Воронянского;53.8777632;27.5494187
вуліца Варанянскага;3;улица Воронянского;53.8777632;27.5494187
вуліца Варанянскага;5 к1;улица Воронянского;53.8777632;27.5494187
вуліца Варанянскага;11 к5;улица Воронянского;53.8777632;27.5494187
вуліца Варанянскага;11;улица Воронянского;53.8777632;27.5494187
вуліца Варанянскага;4 к1;улица Воронянского;53.8777632;27.5494187
вуліца Варанянскага;4Б;улица Воронянского;53.8777632;27.5494187
вуліца Варвашэні;63;улица Варвашени;53.8647105;27.6691135
вуліца Варвашэні;65;улица Варвашени;53.8647105;27.6691135
вуліца Варвашэні;84;улица Варвашени;53.8647105;27.6691135
вуліца Варвашэні;75;улица Варвашени;53.8647105;27.6691135
вуліца Варвашэні;94;улица Варвашени;53.8647105;27.6691135
вуліца Варвашэні;53;улица Варвашени;53.8647105;27.6691135
вуліца Варвашэні;29;улица Варвашени;53.8647105;27.6691135
вуліца Варвашэні;39;улица Варвашени;53.8647105;27.6691135
вуліца Варвашэні;66;улица Варвашени;53.8647105;27.6691135
вуліца Варвашэні;52;улица Варвашени;53.8647105;27.6691135
вуліца Варвашэні;19;улица Варвашени;53.8647105;27.6691135
вуліца Варвашэні;27;улица Варвашени;53.8647105;27.6691135
вуліца Варвашэні;38;улица Варвашени;53.8647105;27.6691135
вуліца Варвашэні;46;улица Варвашени;53.8647105;27.6691135
вуліца Варвашэні;32;улица Варвашени;53.8647105;27.6691135
вуліца Варвашэні;30;улица Варвашени;53.8647105;27.6691135
вуліца Варвашэні;1;улица Варвашени;53.8647105;27.6691135
вуліца Варвашэні;7Б;улица Варвашени;53.8647105;27.6691135
вуліца Варвашэні;7;улица Варвашени;53.8647105;27.6691135
вуліца Варвашэні;13 к2;улица Варвашени;53.8647105;27.6691135
вуліца Варвашэні;13 к3;улица Варвашени;53.8647105;27.6691135
вуліца Варвашэні;15;улица Варвашени;53.8647105;27.6691135
вуліца Варвашэні;13 к4;улица Варвашени;53.8647105;27.6691135
вуліца Варвашэні;9;улица Варвашени;53.8647105;27.6691135
вуліца Варвашэні;11;улица Варвашени;53.8647105;27.6691135
вуліца Васіля Быкава;1;улица Василя Быкова;53.7304605;27.3257403
вуліца Васіля Быкава;3;улица Василя Быкова;53.7304605;27.3257403
вуліца Васіля Быкава;5;улица Василя Быкова;53.7304605;27.3257403
вуліца Васіля Быкава;2;улица Василя Быкова;53.7304605;27.3257403
вуліца Васіля Быкава;4;улица Василя Быкова;53.7304605;27.3257403
вуліца Васіля Быкава;7;улица Василя Быкова;53.7304605;27.3257403
вуліца Васіля Быкава;11;улица Василя Быкова;53.7304605;27.3257403
вуліца Васіля Быкава;6;улица Василя Быкова;53.7304605;27.3257403
вуліца Васіля Быкава;13;улица Василя Быкова;53.7304605;27.3257403
вуліца Васіля Быкава;16;улица Василя Быкова;53.7304605;27.3257403
вуліца Васіля Быкава;9;улица Василя Быкова;53.7304605;27.3257403
вуліца Васняцова;37;улица Васнецова;53.8657038;27.6215799
вуліца Васняцова;91;улица Васнецова;53.8657038;27.6215799
вуліца Васняцова;2;улица Васнецова;53.8657038;27.6215799
вуліца Васняцова;32;улица Васнецова;53.8657038;27.6215799
вуліца Васняцова;34 к2;улица Васнецова;53.8657038;27.6215799
вуліца Васняцова;34 к3;улица Васнецова;53.8657038;27.6215799
вуліца Васняцова;34 к1;улица Васнецова;53.8657038;27.6215799
вуліца Васняцова;34 к4;улица Васнецова;53.8657038;27.6215799
вуліца Васняцова;34 к5;улица Васнецова;53.8657038;27.6215799
вуліца Васняцова;50;улица Васнецова;53.8657038;27.6215799
вуліца Васняцова;69;улица Васнецова;53.8657038;27.6215799
вуліца Васняцова;71;улица Васнецова;53.8657038;27.6215799
вуліца Васняцова;43;улица Васнецова;53.8657038;27.6215799
вуліца Васняцова;73;улица Васнецова;53.8657038;27.6215799
вуліца Васняцова;45;улица Васнецова;53.8657038;27.6215799
вуліца Васняцова;34Б;улица Васнецова;53.8657038;27.6215799
вуліца Васняцова;47;улица Васнецова;53.8657038;27.6215799
вуліца Васняцова;77;улица Васнецова;53.8657038;27.6215799
вуліца Васняцова;79;улица Васнецова;53.8657038;27.6215799
вуліца Васняцова;63;улица Васнецова;53.8657038;27.6215799
вуліца Васняцова;75;улица Васнецова;53.8657038;27.6215799
вуліца Васняцова;51;улица Васнецова;53.8657038;27.6215799
вуліца Васняцова;49;улица Васнецова;53.8657038;27.6215799
вуліца Васняцова;81;улица Васнецова;53.8657038;27.6215799
вуліца Васняцова;34А;улица Васнецова;53.8657038;27.6215799
вуліца Васняцова;34 к6;улица Васнецова;53.8657038;27.6215799
вуліца Ваўпшасава;7;улица Ваупшасова;53.8943695;27.6439565
вуліца Ваўпшасава;55;улица Ваупшасова;53.8943695;27.6439565
вуліца Ваўпшасава;46;улица Ваупшасова;53.8943695;27.6439565
вуліца Ваўпшасава;10;улица Ваупшасова;53.8943695;27.6439565
вуліца Ваўпшасава;53;улица Ваупшасова;53.8943695;27.6439565
вуліца Ваўпшасава;40;улица Ваупшасова;53.8943695;27.6439565
вуліца Ваўпшасава;26;улица Ваупшасова;53.8943695;27.6439565
вуліца Ваўпшасава;3Б;улица Ваупшасова;53.8943695;27.6439565
вуліца Ваўпшасава;5;улица Ваупшасова;53.8943695;27.6439565
вуліца Ваўпшасава;19;улица Ваупшасова;53.8943695;27.6439565
вуліца Верабʼёва;45;улица Воробьёва;53.8224161;27.4545484
вуліца Верабʼёва;20;улица Воробьёва;53.8224161;27.4545484
вуліца Верабʼёва;5;улица Воробьёва;53.8224161;27.4545484
вуліца Верабʼёва;8;улица Воробьёва;53.8224161;27.4545484
вуліца Верабʼёва;12;улица Воробьёва;53.8224161;27.4545484
вуліца Верабʼёва;35;улица Воробьёва;53.8224161;27.4545484
вуліца Верабʼёва;37;улица Воробьёва;53.8224161;27.4545484
вуліца Верабʼёва;51;улица Воробьёва;53.8224161;27.4545484
вуліца Верабʼёва;57;улица Воробьёва;53.8224161;27.4545484
вуліца Верабʼёва;3;улица Воробьёва;53.8224161;27.4545484
вуліца Верабʼёва;9;улица Воробьёва;53.8224161;27.4545484
вуліца Верабʼёва;17;улица Воробьёва;53.8224161;27.4545484
вуліца Верабʼёва;13;улица Воробьёва;53.8224161;27.4545484
вуліца Верабʼёва;21;улица Воробьёва;53.8224161;27.4545484
вуліца Верабʼёва;19;улица Воробьёва;53.8224161;27.4545484
вуліца Верабʼёва;15;улица Воробьёва;53.8224161;27.4545484
вуліца Верабʼёва;1;улица Воробьёва;53.8224161;27.4545484
вуліца Верабʼёва;7;улица Воробьёва;53.8224161;27.4545484
вуліца Верабʼёва;11;улица Воробьёва;53.8224161;27.4545484
вуліца Верабʼёва;22А;улица Воробьёва;53.8224161;27.4545484
вуліца Верабʼёва;31;улица Воробьёва;53.8224161;27.4545484
вуліца Верабʼёва;24;улица Воробьёва;53.8224161;27.4545484
вуліца Верабʼёва;23;улица Воробьёва;53.8224161;27.4545484
вуліца Верабʼёва;33;улица Воробьёва;53.8224161;27.4545484
вуліца Верабʼёва;29;улица Воробьёва;53.8224161;27.4545484
вуліца Верабʼёва;28;улица Воробьёва;53.8224161;27.4545484
вуліца Верабʼёва;30;улица Воробьёва;53.8224161;27.4545484
вуліца Верабʼёва;27;улица Воробьёва;53.8224161;27.4545484
вуліца Верабʼёва;25;улица Воробьёва;53.8224161;27.4545484
вуліца Верабʼёва;22;улица Воробьёва;53.8224161;27.4545484
вуліца Верабʼёва;26;улица Воробьёва;53.8224161;27.4545484
вуліца Верабʼёва;32;улица Воробьёва;53.8224161;27.4545484
вуліца Верабʼёва;18;улица Воробьёва;53.8224161;27.4545484
вуліца Верабʼёва;16;улица Воробьёва;53.8224161;27.4545484
вуліца Верабʼёва;10;улица Воробьёва;53.8224161;27.4545484
вуліца Верабʼёва;6;улица Воробьёва;53.8224161;27.4545484
вуліца Верабʼёва;4;улица Воробьёва;53.8224161;27.4545484
вуліца Верабʼёва;2;улица Воробьёва;53.8224161;27.4545484
вуліца Верашчагіна;8;улица Верещагина;53.9028293;27.5108182
вуліца Верашчагіна;6;улица Верещагина;53.9028293;27.5108182
вуліца Верашчагіна;2;улица Верещагина;53.9028293;27.5108182
вуліца Верашчагіна;18;улица Верещагина;53.9028293;27.5108182
вуліца Верашчагіна;17А;улица Верещагина;53.9028293;27.5108182
вуліца Верашчагіна;23А;улица Верещагина;53.9028293;27.5108182
вуліца Верашчагіна;7А;улица Верещагина;53.9028293;27.5108182
вуліца Верашчагіна;3;улица Верещагина;53.9028293;27.5108182
вуліца Верашчагіна;3Б;улица Верещагина;53.9028293;27.5108182
вуліца Верашчагіна;19А;улица Верещагина;53.9028293;27.5108182
вуліца Верашчагіна;9А;улица Верещагина;53.9028293;27.5108182
вуліца Веры Харужай;21;улица Веры Хоружей;53.9211769;27.5662115
вуліца Веры Харужай;20;улица Веры Хоружей;53.9211769;27.5662115
вуліца Веры Харужай;11;улица Веры Хоружей;53.9211769;27.5662115
вуліца Веры Харужай;24 к2;улица Веры Хоружей;53.9211769;27.5662115
вуліца Веры Харужай;22;улица Веры Хоружей;53.9211769;27.5662115
вуліца Веры Харужай;9;улица Веры Хоружей;53.9211769;27.5662115
вуліца Веры Харужай;25 к7;улица Веры Хоружей;53.9211769;27.5662115
вуліца Веры Харужай;19;улица Веры Хоружей;53.9211769;27.5662115
вуліца Веры Харужай;31;улица Веры Хоружей;53.9211769;27.5662115
вуліца Веры Харужай;30;улица Веры Хоружей;53.9211769;27.5662115
вуліца Веры Харужай;32А;улица Веры Хоружей;53.9211769;27.5662115
вуліца Веры Харужай;5;улица Веры Хоружей;53.9211769;27.5662115
вуліца Веры Харужай;46106;улица Веры Хоружей;53.9211769;27.5662115
вуліца Веры Харужай;18Б;улица Веры Хоружей;53.9211769;27.5662115
вуліца Веры Харужай;33А;улица Веры Хоружей;53.9211769;27.5662115
вуліца Веры Харужай;46 к3;улица Веры Хоружей;53.9211769;27.5662115
вуліца Веры Харужай;17;улица Веры Хоружей;53.9211769;27.5662115
вуліца Веры Харужай;31А;улица Веры Хоружей;53.9211769;27.5662115
вуліца Веры Харужай;40;улица Веры Хоружей;53.9211769;27.5662115
вуліца Веры Харужай;8;улица Веры Хоружей;53.9211769;27.5662115
вуліца Веры Харужай;6Б;улица Веры Хоружей;53.9211769;27.5662115
вуліца Веры Харужай;8 к1;улица Веры Хоружей;53.9211769;27.5662115
вуліца Веры Харужай;29;улица Веры Хоружей;53.9211769;27.5662115
вуліца Веры Харужай;2;улица Веры Хоружей;53.9211769;27.5662115
вуліца Веры Харужай;1;улица Веры Хоружей;53.9211769;27.5662115
вуліца Веры Харужай;3;улица Веры Хоружей;53.9211769;27.5662115
вуліца Веры Харужай;46071;улица Веры Хоружей;53.9211769;27.5662115
вуліца Веры Харужай;1А;улица Веры Хоружей;53.9211769;27.5662115
вуліца Веры Харужай;25;улица Веры Хоружей;53.9211769;27.5662115
вуліца Веры Харужай;10к1;улица Веры Хоружей;53.9211769;27.5662115
вуліца Веры Харужай;46046;улица Веры Хоружей;53.9211769;27.5662115
вуліца Вікенція Карповіча;2;улица Викентия Карповича;53.9628229;27.668146
вуліца Вікенція Карповіча;1;улица Викентия Карповича;53.9628229;27.668146
вуліца Вікенція Карповіча;1a;улица Викентия Карповича;53.9628229;27.668146
вуліца Вілкаўшчына;2;улица Велковсщина;;
вуліца Віталя Цвіркі;71;улица Виталия Цвирко;53.9608367;27.5655852
вуліца Віталя Цвіркі;80;улица Виталия Цвирко;53.9608367;27.5655852
вуліца Віталя Цвіркі;78;улица Виталия Цвирко;53.9608367;27.5655852
вуліца Віталя Цвіркі;74;улица Виталия Цвирко;53.9608367;27.5655852
вуліца Віталя Цвіркі;76;улица Виталия Цвирко;53.9608367;27.5655852
вуліца Віталя Цвіркі;82;улица Виталия Цвирко;53.9608367;27.5655852
вуліца Віталя Цвіркі;102;улица Виталия Цвирко;53.9608367;27.5655852
вуліца Віталя Цвіркі;100;улица Виталия Цвирко;53.9608367;27.5655852
вуліца Віталя Цвіркі;84;улица Виталия Цвирко;53.9608367;27.5655852
вуліца Віталя Цвіркі;96;улица Виталия Цвирко;53.9608367;27.5655852
вуліца Віталя Цвіркі;88;улица Виталия Цвирко;53.9608367;27.5655852
вуліца Віталя Цвіркі;69;улица Виталия Цвирко;53.9608367;27.5655852
вуліца Віталя Цвіркі;67;улица Виталия Цвирко;53.9608367;27.5655852
вуліца Віталя Цвіркі;75;улица Виталия Цвирко;53.9608367;27.5655852
вуліца Віталя Цвіркі;73;улица Виталия Цвирко;53.9608367;27.5655852
вуліца Віталя Цвіркі;65;улица Виталия Цвирко;53.9608367;27.5655852
вуліца Віталя Цвіркі;94;улица Виталия Цвирко;53.9608367;27.5655852
вуліца Віталя Цвіркі;86;улица Виталия Цвирко;53.9608367;27.5655852
вуліца Волаха;10;улица Волоха;53.8953427;27.5118937
вуліца Выгоцкага;9;улица Выготского;53.9565215;27.5390508
вуліца Выгоцкага;1А;улица Выготского;53.9565215;27.5390508
вуліца Выгоцкага;20А;улица Выготского;53.9565215;27.5390508
вуліца Вызвалення;11;улица Освобождения;53.9061549;27.5474345
вуліца Вызвалення;14;улица Освобождения;53.9061549;27.5474345
вуліца Вялікае Сціклева;126;улица Большое Стиклево;53.8662881;27.7066241
вуліца Гагарына;13;улица Гагарина;53.9674518;27.5352318
вуліца Гагарына;4;улица Гагарина;53.9674518;27.5352318
вуліца Гагарына;8;улица Гагарина;53.9674518;27.5352318
вуліца Гагарына;6;улица Гагарина;53.9674518;27.5352318
вуліца Гагарына;2;улица Гагарина;53.9674518;27.5352318
вуліца Гагарына;10;улица Гагарина;53.9674518;27.5352318
вуліца Гагарына;14;улица Гагарина;53.9674518;27.5352318
вуліца Гагарына;16;улица Гагарина;53.9674518;27.5352318
вуліца Гагарына;23;улица Гагарина;53.9674518;27.5352318
вуліца Гагарына;21;улица Гагарина;53.9674518;27.5352318
вуліца Гагарына;15;улица Гагарина;53.9674518;27.5352318
вуліца Гагарына;25;улица Гагарина;53.9674518;27.5352318
вуліца Гагарына;19;улица Гагарина;53.9674518;27.5352318
вуліца Гагарына;17;улица Гагарина;53.9674518;27.5352318
вуліца Гагарына;11;улица Гагарина;53.9674518;27.5352318
вуліца Гагарына;9;улица Гагарина;53.9674518;27.5352318
вуліца Гагарына;3;улица Гагарина;53.9674518;27.5352318
вуліца Гагарына;5;улица Гагарина;53.9674518;27.5352318
вуліца Гагарына;7;улица Гагарина;53.9674518;27.5352318
вуліца Гагарына;1;улица Гагарина;53.9674518;27.5352318
вуліца Галадзеда;38А-2;улица Галадзеда;53.8444351;27.6530353
вуліца Галадзеда;49А;улица Галадзеда;53.8444351;27.6530353
вуліца Галадзеда;31;улица Галадзеда;53.8444351;27.6530353
вуліца Галадзеда;14;улица Галадзеда;53.8444351;27.6530353
вуліца Галадзеда;15;улица Галадзеда;53.8444351;27.6530353
вуліца Галадзеда;21 к1;улица Галадзеда;53.8444351;27.6530353
вуліца Галадзеда;41;улица Галадзеда;53.8444351;27.6530353
вуліца Галадзеда;32;улица Галадзеда;53.8444351;27.6530353
вуліца Галадзеда;38А;улица Галадзеда;53.8444351;27.6530353
вуліца Галадзеда;9А;улица Галадзеда;53.8444351;27.6530353
вуліца Галадзеда;45;улица Галадзеда;53.8444351;27.6530353
вуліца Галадзеда;60/1;улица Галадзеда;53.8444351;27.6530353
вуліца Галадзеда;55;улица Галадзеда;53.8444351;27.6530353
вуліца Галадзеда;62;улица Галадзеда;53.8444351;27.6530353
вуліца Галадзеда;60;улица Галадзеда;53.8444351;27.6530353
вуліца Галадзеда;23 к1;улица Галадзеда;53.8444351;27.6530353
вуліца Галадзеда;7;улица Галадзеда;53.8444351;27.6530353
вуліца Галадзеда;49;улица Галадзеда;53.8444351;27.6530353
вуліца Галадзеда;34А;улица Галадзеда;53.8444351;27.6530353
вуліца Галадзеда;38;улица Галадзеда;53.8444351;27.6530353
вуліца Гало;81;улица Гало;53.9350964;27.5892657
вуліца Гало;108;улица Гало;53.9350964;27.5892657
вуліца Гало;110;улица Гало;53.9350964;27.5892657
вуліца Гало;91;улица Гало;53.9350964;27.5892657
вуліца Гало;93;улица Гало;53.9350964;27.5892657
вуліца Гало;116;улица Гало;53.9350964;27.5892657
вуліца Гало;99;улица Гало;53.9350964;27.5892657
вуліца Гало;59;улица Гало;53.9350964;27.5892657
вуліца Гало;76;улица Гало;53.9350964;27.5892657
вуліца Гало;148к4;улица Гало;53.9350964;27.5892657
вуліца Гало;142;улица Гало;53.9350964;27.5892657
вуліца Гало;128;улица Гало;53.9350964;27.5892657
вуліца Гало;71;улица Гало;53.9350964;27.5892657
вуліца Гало;86;улица Гало;53.9350964;27.5892657
вуліца Гало;69;улица Гало;53.9350964;27.5892657
вуліца Гало;88;улица Гало;53.9350964;27.5892657
вуліца Гало;67;улица Гало;53.9350964;27.5892657
вуліца Гало;75;улица Гало;53.9350964;27.5892657
вуліца Гало;73;улица Гало;53.9350964;27.5892657
вуліца Гало;77;улица Гало;53.9350964;27.5892657
вуліца Гало;84;улица Гало;53.9350964;27.5892657
вуліца Гамарніка;29;улица Гамарника;53.9565085;27.6186391
вуліца Гамарніка;1;улица Гамарника;53.9565085;27.6186391
вуліца Гамарніка;2;улица Гамарника;53.9565085;27.6186391
вуліца Гамарніка;16;улица Гамарника;53.9565085;27.6186391
вуліца Гамарніка;9 к4;улица Гамарника;53.9565085;27.6186391
вуліца Гамарніка;30;улица Гамарника;53.9565085;27.6186391
вуліца Гамарніка;33А;улица Гамарника;53.9565085;27.6186391
вуліца Гамарніка;46038;улица Гамарника;53.9565085;27.6186391
вуліца Гамарніка;16А пом148;улица Гамарника;53.9565085;27.6186391
вуліца Гамарніка;22;улица Гамарника;53.9565085;27.6186391
вуліца Гамарніка;46060;улица Гамарника;53.9565085;27.6186391
вуліца Гамарніка;22 к2;улица Гамарника;53.9565085;27.6186391
вуліца Гамарніка;20 к1;улица Гамарника;53.9565085;27.6186391
вуліца Гамарніка;9 к1;улица Гамарника;53.9565085;27.6186391
вуліца Гамарніка;26;улица Гамарника;53.9565085;27.6186391
вуліца Гамарніка;28;улица Гамарника;53.9565085;27.6186391
вуліца Гамарніка;24;улица Гамарника;53.9565085;27.6186391
вуліца Гамарніка;17;улица Гамарника;53.9565085;27.6186391
вуліца Гамарніка;10;улица Гамарника;53.9565085;27.6186391
вуліца Гамарніка;8;улица Гамарника;53.9565085;27.6186391
вуліца Гарадскі Вал;12 к1;улица Городской Вал;53.8991862;27.5524264
вуліца Гарадскі Вал;46065;улица Городской Вал;53.8991862;27.5524264
вуліца Гарадскі Вал;5;улица Городской Вал;53.8991862;27.5524264
вуліца Гарадскі Вал;1;улица Городской Вал;53.8991862;27.5524264
вуліца Гарадскі Вал;10;улица Городской Вал;53.8991862;27.5524264
вуліца Гарадскі Вал;12к2;улица Городской Вал;53.8991862;27.5524264
вуліца Гарадскі Вал;12 к2;улица Городской Вал;53.8991862;27.5524264
вуліца Гараўца;24;улица Горовца;53.8681571;27.6134285
вуліца Гараўца;5;улица Горовца;53.8681571;27.6134285
вуліца Гараўца;46027;улица Горовца;53.8681571;27.6134285
вуліца Гараўца;34 к2;улица Горовца;53.8681571;27.6134285
вуліца Гараўца;3;улица Горовца;53.8681571;27.6134285
вуліца Гараўца;7;улица Горовца;53.8681571;27.6134285
вуліца Гастэлы;16;улица Гастелло;53.9158341;27.5311514
вуліца Гастэлы;6;улица Гастелло;53.9158341;27.5311514
вуліца Гастэлы;7;улица Гастелло;53.9158341;27.5311514
вуліца Гая;111;улица Гая;53.9390113;27.5621584
вуліца Гая;85;улица Гая;53.9390113;27.5621584
вуліца Гая;83;улица Гая;53.9390113;27.5621584
вуліца Гая;65;улица Гая;53.9390113;27.5621584
вуліца Гая;67;улица Гая;53.9390113;27.5621584
вуліца Гая;51;улица Гая;53.9390113;27.5621584
вуліца Гая;53;улица Гая;53.9390113;27.5621584
вуліца Гая;55;улица Гая;53.9390113;27.5621584
вуліца Гая;29;улица Гая;53.9390113;27.5621584
вуліца Гая;25;улица Гая;53.9390113;27.5621584
вуліца Гая;36Б;улица Гая;53.9390113;27.5621584
вуліца Гебелева;6;улица Михаила Гебелева;53.899628;27.539582
вуліца Герасіменкі;30;улица Герасименко;53.8788823;27.6897908
вуліца Герасіменкі;8;улица Герасименко;53.8788823;27.6897908
вуліца Герасіменкі;49;улица Герасименко;53.8788823;27.6897908
вуліца Герасіменкі;14;улица Герасименко;53.8788823;27.6897908
вуліца Герасіменкі;26;улица Герасименко;53.8788823;27.6897908
вуліца Герасіменкі;28;улица Герасименко;53.8788823;27.6897908
вуліца Герасіменкі;40;улица Герасименко;53.8788823;27.6897908
вуліца Герасіменкі;31;улица Герасименко;53.8788823;27.6897908
вуліца Герасіменкі;18;улица Герасименко;53.8788823;27.6897908
вуліца Герасіменкі;19;улица Герасименко;53.8788823;27.6897908
вуліца Герасіменкі;11;улица Герасименко;53.8788823;27.6897908
вуліца Герасіменкі;13;улица Герасименко;53.8788823;27.6897908
вуліца Герасіменкі;3;улица Герасименко;53.8788823;27.6897908
вуліца Герасіменкі;5;улица Герасименко;53.8788823;27.6897908
вуліца Герасіменкі;1;улица Герасименко;53.8788823;27.6897908
вуліца Герасіменкі;24;улица Герасименко;53.8788823;27.6897908
вуліца Герасіменкі;33;улица Герасименко;53.8788823;27.6897908
вуліца Герасіменкі;29;улица Герасименко;53.8788823;27.6897908
вуліца Герасіменкі;22 к2;улица Герасименко;53.8788823;27.6897908
вуліца Герасіменкі;41;улица Герасименко;53.8788823;27.6897908
вуліца Герасіменкі;27;улица Герасименко;53.8788823;27.6897908
вуліца Герасіменкі;23;улица Герасименко;53.8788823;27.6897908
вуліца Герасіменкі;45;улица Герасименко;53.8788823;27.6897908
вуліца Герасіменкі;10;улица Герасименко;53.8788823;27.6897908
вуліца Герасіменкі;21;улица Герасименко;53.8788823;27.6897908
вуліца Герасіменкі;46028;улица Герасименко;53.8788823;27.6897908
вуліца Герасіменкі;1А;улица Герасименко;53.8788823;27.6897908
вуліца Герасіменкі;12А;улица Герасименко;53.8788823;27.6897908
вуліца Герасіменкі;8А;улица Герасименко;53.8788823;27.6897908
вуліца Герасіменкі;16;улица Герасименко;53.8788823;27.6897908
вуліца Герасіменкі;20;улица Герасименко;53.8788823;27.6897908
вуліца Герасіменкі;22 к1;улица Герасименко;53.8788823;27.6897908
вуліца Герасіменкі;12;улица Герасименко;53.8788823;27.6897908
вуліца Герасіменкі;51;улица Герасименко;53.8788823;27.6897908
вуліца Герасіменкі;2;улица Герасименко;53.8788823;27.6897908
вуліца Герасіменкі;6;улица Герасименко;53.8788823;27.6897908
вуліца Герцэна;1;улица Герцена;53.9048441;27.5578626
вуліца Герцэна;2;улица Герцена;53.9048441;27.5578626
вуліца Герцэна;2а;улица Герцена;53.9048441;27.5578626
вуліца Герцэна;8;улица Герцена;53.9048441;27.5578626
вуліца Герцэна;12;улица Герцена;53.9048441;27.5578626
вуліца Герцэна;6;улица Герцена;53.9048441;27.5578626
вуліца Герцэна;10;улица Герцена;53.9048441;27.5578626
вуліца Герцэна;4;улица Герцена;53.9048441;27.5578626
вуліца Гікалы;4;улица Гикало;53.9116237;27.5944545
вуліца Гікалы;5;улица Гикало;53.9116237;27.5944545
вуліца Гікалы;1;улица Гикало;53.9116237;27.5944545
вуліца Гікалы;7А;улица Гикало;53.9116237;27.5944545
вуліца Гікалы;3;улица Гикало;53.9116237;27.5944545
вуліца Гікалы;18;улица Гикало;53.9116237;27.5944545
вуліца Гікалы;22А;улица Гикало;53.9116237;27.5944545
вуліца Гінтаўта;28;улица Гинтовта;53.9523825;27.6809321
вуліца Гінтаўта;12А;улица Гинтовта;53.9523825;27.6809321
вуліца Гінтаўта;12;улица Гинтовта;53.9523825;27.6809321
вуліца Гінтаўта;7;улица Гинтовта;53.9523825;27.6809321
вуліца Гінтаўта;1;улица Гинтовта;53.9523825;27.6809321
вуліца Гінтаўта;7А;улица Гинтовта;53.9523825;27.6809321
вуліца Гінтаўта;3;улица Гинтовта;53.9523825;27.6809321
вуліца Гінтаўта;28В;улица Гинтовта;53.9523825;27.6809321
вуліца Гінтаўта;5;улица Гинтовта;53.9523825;27.6809321
вуліца Гінтаўта;5В;улица Гинтовта;53.9523825;27.6809321
вуліца Гінтаўта;46056;улица Гинтовта;53.9523825;27.6809321
вуліца Гінтаўта;46025;улица Гинтовта;53.9523825;27.6809321
вуліца Гінтаўта;5А;улица Гинтовта;53.9523825;27.6809321
вуліца Гінтаўта;46084;улица Гинтовта;53.9523825;27.6809321
вуліца Гінтаўта;5Б;улица Гинтовта;53.9523825;27.6809321
вуліца Глаголева;45;улица Глаголева;53.8845955;27.5027641
вуліца Глаголева;42;улица Глаголева;53.8845955;27.5027641
вуліца Глаголева;21;улица Глаголева;53.8845955;27.5027641
вуліца Глаголева;31;улица Глаголева;53.8845955;27.5027641
вуліца Голубева;14Б;улица Голубева;53.8696988;27.4607084
вуліца Голубева;22;улица Голубева;53.8696988;27.4607084
вуліца Голубева;24А;улица Голубева;53.8696988;27.4607084
вуліца Голубева;25;улица Голубева;53.8696988;27.4607084
вуліца Голубева;4;улица Голубева;53.8696988;27.4607084
вуліца Голубева;14A;улица Голубева;53.8696988;27.4607084
вуліца Голубева;12;улица Голубева;53.8696988;27.4607084
вуліца Голубева;27;улица Голубева;53.8696988;27.4607084
вуліца Голубева;3;улица Голубева;53.8696988;27.4607084
вуліца Голубева;7;улица Голубева;53.8696988;27.4607084
вуліца Голубева;5;улица Голубева;53.8696988;27.4607084
вуліца Голубева;1;улица Голубева;53.8696988;27.4607084
вуліца Голубева;9;улица Голубева;53.8696988;27.4607084
вуліца Громава;14;улица Громова;53.8562271;27.4516
вуліца Громава;28;улица Громова;53.8562271;27.4516
вуліца Громава;41;улица Громова;53.8562271;27.4516
вуліца Громава;20;улица Громова;53.8562271;27.4516
вуліца Громава;36;улица Громова;53.8562271;27.4516
вуліца Грыбаедава;22;улица Грибоедова;53.9142286;27.5281732
вуліца Грыбаедава;11;улица Грибоедова;53.9142286;27.5281732
вуліца Грыбаедава;9;улица Грибоедова;53.9142286;27.5281732
вуліца Грыбаедава;29;улица Грибоедова;53.9142286;27.5281732
вуліца Грыбаедава;1А;улица Грибоедова;53.9142286;27.5281732
вуліца Грыцаўца;7;улица Грицевца;53.8875798;27.6142388
вуліца Грыцаўца;8;улица Грицевца;53.8875798;27.6142388
вуліца Грыцаўца;2;улица Грицевца;53.8875798;27.6142388
вуліца Грыцаўца;15;улица Грицевца;53.8875798;27.6142388
вуліца Грыцаўца;1;улица Грицевца;53.8875798;27.6142388
вуліца Грыцаўца;11;улица Грицевца;53.8875798;27.6142388
вуліца Грыцаўца;3;улица Грицевца;53.8875798;27.6142388
вуліца Грыцаўца;13;улица Грицевца;53.8875798;27.6142388
вуліца Грыцаўца;5;улица Грицевца;53.8875798;27.6142388
вуліца Грэкава;24;улица Грекова;53.8651621;27.6260446
вуліца Грэкава;9;улица Грекова;53.8651621;27.6260446
вуліца Грэкава;29;улица Грекова;53.8651621;27.6260446
вуліца Грэкава;7;улица Грекова;53.8651621;27.6260446
вуліца Грэкава;2;улица Грекова;53.8651621;27.6260446
вуліца Грэкава;1;улица Грекова;53.8651621;27.6260446
вуліца Грэкава;3;улица Грекова;53.8651621;27.6260446
вуліца Грэкава;5;улица Грекова;53.8651621;27.6260446
вуліца Грэкава;4;улица Грекова;53.8651621;27.6260446
вуліца Грэкава;19;улица Грекова;53.8651621;27.6260446
вуліца Грэкава;15;улица Грекова;53.8651621;27.6260446
вуліца Грэкава;4А;улица Грекова;53.8651621;27.6260446
вуліца Грэкава;22;улица Грекова;53.8651621;27.6260446
вуліца Грэкава;13;улица Грекова;53.8651621;27.6260446
вуліца Грэкава;16;улица Грекова;53.8651621;27.6260446
вуліца Грэкава;11;улица Грекова;53.8651621;27.6260446
вуліца Грэкава;18;улица Грекова;53.8651621;27.6260446
вуліца Грэкава;17;улица Грекова;53.8651621;27.6260446
вуліца Грэкава;21;улица Грекова;53.8651621;27.6260446
вуліца Грэкава;14;улица Грекова;53.8651621;27.6260446
вуліца Грэкава;12;улица Грекова;53.8651621;27.6260446
вуліца Грэкава;4Б;улица Грекова;53.8651621;27.6260446
вуліца Гурскага;46188;улица Гурского;53.8933852;27.4845009
вуліца Гурскага;3Б;улица Гурского;53.8933852;27.4845009
вуліца Гурскага;7Б;улица Гурского;53.8933852;27.4845009
вуліца Гурскага;7Б оф3;улица Гурского;53.8933852;27.4845009
вуліца Гурскага;1А;улица Гурского;53.8933852;27.4845009
вуліца Гурскага;17;улица Гурского;53.8933852;27.4845009
вуліца Гурскага;42;улица Гурского;53.8933852;27.4845009
вуліца Гурскага;43А;улица Гурского;53.8933852;27.4845009
вуліца Гурскага;45;улица Гурского;53.8933852;27.4845009
вуліца Гурскага;46134;улица Гурского;53.8933852;27.4845009
вуліца Гурскага;43;улица Гурского;53.8933852;27.4845009
вуліца Гурскага;38;улица Гурского;53.8933852;27.4845009
вуліца Гурскага;56;улица Гурского;53.8933852;27.4845009
вуліца Гурскага;37;улица Гурского;53.8933852;27.4845009
вуліца Гурскага;30;улица Гурского;53.8933852;27.4845009
вуліца Гурскага;28;улица Гурского;53.8933852;27.4845009
вуліца Гурскага;40;улица Гурского;53.8933852;27.4845009
вуліца Гурскага;60;улица Гурского;53.8933852;27.4845009
вуліца Гурскага;24А;улица Гурского;53.8933852;27.4845009
Вуліца Гурскага;22А;улица Гурского;53.8933852;27.4845009
Вуліца Гурскага;20А;улица Гурского;53.8933852;27.4845009
Вуліца Гурскага;3Е;улица Гурского;53.8933852;27.4845009
вуліца Гурскага;22Б;улица Гурского;53.8933852;27.4845009
вуліца Гурскага;44;улица Гурского;53.8933852;27.4845009
вуліца Гусоўскага;33;улица Гусовского;53.9051547;27.5130344
вуліца Гусоўскага;27;улица Гусовского;53.9051547;27.5130344
вуліца Гусоўскага;61;улица Гусовского;53.9051547;27.5130344
вуліца Гусоўскага;2;улица Гусовского;53.9051547;27.5130344
вуліца Гусоўскага;2А;улица Гусовского;53.9051547;27.5130344
вуліца Гусоўскага;4;улица Гусовского;53.9051547;27.5130344
вуліца Даватара;4;улица Доватора;53.9112644;27.5247615
вуліца Даватара;2;улица Доватора;53.9112644;27.5247615
вуліца Даватара;6;улица Доватора;53.9112644;27.5247615
вуліца Даватара;8А;улица Доватора;53.9112644;27.5247615
вуліца Даватара;8;улица Доватора;53.9112644;27.5247615
вуліца Данілы Сердзіча;57;улица Данилы Сердича;53.9156282;27.4877558
вуліца Данілы Сердзіча;10;улица Данилы Сердича;53.9156282;27.4877558
вуліца Данілы Сердзіча;5;улица Данилы Сердича;53.9156282;27.4877558
вуліца Данілы Сердзіча;7;улица Данилы Сердича;53.9156282;27.4877558
вуліца Данілы Сердзіча;3;улица Данилы Сердича;53.9156282;27.4877558
вуліца Данілы Сердзіча;11;улица Данилы Сердича;53.9156282;27.4877558
вуліца Данілы Сердзіча;48А;улица Данилы Сердича;53.9156282;27.4877558
вуліца Данілы Сердзіча;12;улица Данилы Сердича;53.9156282;27.4877558
вуліца Данілы Сердзіча;10Б;улица Данилы Сердича;53.9156282;27.4877558
вуліца Данілы Сердзіча;34А;улица Данилы Сердича;53.9156282;27.4877558
вуліца Данілы Сердзіча;52;улица Данилы Сердича;53.9156282;27.4877558
вуліца Данілы Сердзіча;50 к2;улица Данилы Сердича;53.9156282;27.4877558
вуліца Данілы Сердзіча;50 к1;улица Данилы Сердича;53.9156282;27.4877558
вуліца Данілы Сердзіча;54;улица Данилы Сердича;53.9156282;27.4877558
вуліца Данілы Сердзіча;18 к3;улица Данилы Сердича;53.9156282;27.4877558
вуліца Данілы Сердзіча;56;улица Данилы Сердича;53.9156282;27.4877558
вуліца Данілы Сердзіча;58;улица Данилы Сердича;53.9156282;27.4877558
вуліца Данілы Сердзіча;18 к1;улица Данилы Сердича;53.9156282;27.4877558
вуліца Данілы Сердзіча;18 к2;улица Данилы Сердича;53.9156282;27.4877558
вуліца Данілы Сердзіча;16;улица Данилы Сердича;53.9156282;27.4877558
вуліца Дарашэвіча;10;улица Дорошевича;53.9184197;27.5896917
вуліца Дарашэвіча;5;улица Дорошевича;53.9184197;27.5896917
вуліца Дарашэвіча;6А;улица Дорошевича;53.9184197;27.5896917
вуліца Дарашэвіча;3;улица Дорошевича;53.9184197;27.5896917
вуліца Дастаеўскага;7;улица Достоевского;53.9391888;27.5896444
вуліца Дастаеўскага;1;улица Достоевского;53.9391888;27.5896444
вуліца Дастаеўскага;2;улица Достоевского;53.9391888;27.5896444
вуліца Дастаеўскага;5;улица Достоевского;53.9391888;27.5896444
вуліца Дастаеўскага;6;улица Достоевского;53.9391888;27.5896444
вуліца Дастаеўскага;15;улица Достоевского;53.9391888;27.5896444
вуліца Дастаеўскага;3;улица Достоевского;53.9391888;27.5896444
вуліца Дастаеўскага;23;улица Достоевского;53.9391888;27.5896444
вуліца Дастаеўскага;25;улица Достоевского;53.9391888;27.5896444
вуліца Дастаеўскага;21;улица Достоевского;53.9391888;27.5896444
вуліца Дастаеўскага;27;улица Достоевского;53.9391888;27.5896444
вуліца Даўмана;13;улица Даумана;53.9197617;27.5513247
вуліца Даўмана;13 к2;улица Даумана;53.9197617;27.5513247
вуліца Даўмана;5А;улица Даумана;53.9197617;27.5513247
вуліца Даўмана;13А;улица Даумана;53.9197617;27.5513247
вуліца Дворышчы;19;улица Даумана;53.8458437;27.6001767
вуліца Дзекабрыстаў;33;улица Декабристов;53.8840374;27.5117021
вуліца Дзекабрыстаў;5;улица Декабристов;53.8840374;27.5117021
вуліца Дзімітрава;5;улица Димитрова;53.9097469;27.5457527
вуліца Дзімітрава;7;улица Димитрова;53.9097469;27.5457527
вуліца Дзяжнёва;1;улица Дежнёва;53.8719255;27.6820992
вуліца Дзяжнёва;15;улица Дежнёва;53.8719255;27.6820992
вуліца Дзяжнёва;16;улица Дежнёва;53.8719255;27.6820992
вуліца Дзяржынскага;11;улица Дзержинского;53.9697804;27.5309114
вуліца Дзяржынскага;17;улица Дзержинского;53.9697804;27.5309114
вуліца Дзяржынскага;6А;улица Дзержинского;53.9697804;27.5309114
вуліца Дзяржынскага;26;улица Дзержинского;53.9697804;27.5309114
вуліца Дзяржынскага;14;улица Дзержинского;53.9697804;27.5309114
вуліца Дзяржынскага;12;улица Дзержинского;53.9697804;27.5309114
вуліца Дзяржынскага;10;улица Дзержинского;53.9697804;27.5309114
вуліца Дзяржынскага;17Б;улица Дзержинского;53.9697804;27.5309114
вуліца Дзяржынскага;15Б;улица Дзержинского;53.9697804;27.5309114
вуліца Дзяржынскага;18;улица Дзержинского;53.9697804;27.5309114
вуліца Дзяржынскага;16;улица Дзержинского;53.9697804;27.5309114
вуліца Дзяржынскага;15А;улица Дзержинского;53.9697804;27.5309114
вуліца Дзяржынскага;15;улица Дзержинского;53.9697804;27.5309114
вуліца Дзяржынскага;17А;улица Дзержинского;53.9697804;27.5309114
вуліца Дзяржынскага;6;улица Дзержинского;53.9697804;27.5309114
вуліца Дзяржынскага;28;улица Дзержинского;53.9697804;27.5309114
вуліца Дзяржынскага;20;улица Дзержинского;53.9697804;27.5309114
вуліца Дзяржынскага;19;улица Дзержинского;53.9697804;27.5309114
вуліца Дзяржынскага;25А;улица Дзержинского;53.9697804;27.5309114
вуліца Дзяржынскага;40;улица Дзержинского;53.9697804;27.5309114
вуліца Дзяржынскага;27;улица Дзержинского;53.9697804;27.5309114
вуліца Дзяржынскага;34;улица Дзержинского;53.9697804;27.5309114
вуліца Дзяржынскага;36;улица Дзержинского;53.9697804;27.5309114
вуліца Дзяржынскага;38;улица Дзержинского;53.9697804;27.5309114
вуліца Дзяржынскага;32;улица Дзержинского;53.9697804;27.5309114
вуліца Дзяржынскага;30;улица Дзержинского;53.9697804;27.5309114
вуліца Дзяржынскага;21;улица Дзержинского;53.9697804;27.5309114
вуліца Дзяржынскага;23А;улица Дзержинского;53.9697804;27.5309114
вуліца Дзяржынскага;25Б;улица Дзержинского;53.9697804;27.5309114
вуліца Дзяржынскага;32А;улица Дзержинского;53.9697804;27.5309114
вуліца Дзяржынскага;23;улица Дзержинского;53.9697804;27.5309114
вуліца Дзяржынскага;29;улица Дзержинского;53.9697804;27.5309114
вуліца Дзяржынскага;35;улица Дзержинского;53.9697804;27.5309114
вуліца Дзяржынскага;37;улица Дзержинского;53.9697804;27.5309114
вуліца Дзяржынскага;33;улица Дзержинского;53.9697804;27.5309114
вуліца Дзяржынскага;4;улица Дзержинского;53.9697804;27.5309114
вуліца Дзяржынскага;31А;улица Дзержинского;53.9697804;27.5309114
вуліца Дзяржынскага;26А;улица Дзержинского;53.9697804;27.5309114
вуліца Дзяржынскага;2;улица Дзержинского;53.9697804;27.5309114
вуліца Дзяржынскага;22;улица Дзержинского;53.9697804;27.5309114
вуліца Дзяржынскага;8;улица Дзержинского;53.9697804;27.5309114
вуліца Дзяржынскага;24;улица Дзержинского;53.9697804;27.5309114
вуліца Дзяржынскага;46085;улица Дзержинского;53.9697804;27.5309114
вуліца Дразда;7;улица Николая Дрозда;53.903926;27.5286488
вуліца Дразда;14;улица Николая Дрозда;53.903926;27.5286488
вуліца Дразда;23;улица Николая Дрозда;53.903926;27.5286488
вуліца Дразда;25А/2;улица Николая Дрозда;53.903926;27.5286488
вуліца Дразда;29;улица Николая Дрозда;53.903926;27.5286488
вуліца Дразда;27;улица Николая Дрозда;53.903926;27.5286488
вуліца Дразда;25А/5;улица Николая Дрозда;53.903926;27.5286488
вуліца Дразда;25А/4;улица Николая Дрозда;53.903926;27.5286488
вуліца Дразда;25А;улица Николая Дрозда;53.903926;27.5286488
вуліца Дразда;19;улица Николая Дрозда;53.903926;27.5286488
вуліца Дразда;21;улица Николая Дрозда;53.903926;27.5286488
вуліца Дразда;4;улица Николая Дрозда;53.903926;27.5286488
вуліца Дразда;6;улица Николая Дрозда;53.903926;27.5286488
вуліца Дразда;8;улица Николая Дрозда;53.903926;27.5286488
вуліца Дуніна-Марцінкевіча;11;улица Дунина-Марцинкевича;53.9065711;27.4903474
вуліца Дуніна-Марцінкевіча;10;улица Дунина-Марцинкевича;53.9065711;27.4903474
вуліца Дуніна-Марцінкевіча;2 к1;улица Дунина-Марцинкевича;53.9065711;27.4903474
вуліца Дуніна-Марцінкевіча;4 к2-4H;улица Дунина-Марцинкевича;53.9065711;27.4903474
вуліца Дуніна-Марцінкевіча;4 к2;улица Дунина-Марцинкевича;53.9065711;27.4903474
вуліца Дуніна-Марцінкевіча;3;улица Дунина-Марцинкевича;53.9065711;27.4903474
вуліца Дуніна-Марцінкевіча;8;улица Дунина-Марцинкевича;53.9065711;27.4903474
вуліца Дуніна-Марцінкевіча;46024;улица Дунина-Марцинкевича;53.9065711;27.4903474
вуліца Дуніна-Марцінкевіча;6 к2;улица Дунина-Марцинкевича;53.9065711;27.4903474
вуліца Дуніна-Марцінкевіча;1А;улица Дунина-Марцинкевича;53.9065711;27.4903474
вуліца Дуніна-Марцінкевіча;1Б;улица Дунина-Марцинкевича;53.9065711;27.4903474
вуліца Ежы Гедройца;10;улица Ежи Гедройца;53.852381;27.4805152
вуліца Ежы Гедройца;12;улица Ежи Гедройца;53.852381;27.4805152
вуліца Ежы Гедройца;14;улица Ежи Гедройца;53.852381;27.4805152
вуліца Ежы Гедройца;2;улица Ежи Гедройца;53.852381;27.4805152
вуліца Ежы Гедройца;14-186;улица Ежи Гедройца;53.852381;27.4805152
вуліца Ежы Гедройца;2-236;улица Ежи Гедройца;53.852381;27.4805152
вуліца Ельскіх;2;улица Ельских;53.8745178;27.4676769
вуліца Ермака;19;улица Ермака;53.9609162;27.510438
вуліца Ермака;21;улица Ермака;53.9609162;27.510438
вуліца Ермака;23А;улица Ермака;53.9609162;27.510438
вуліца Еўфрасінні Полацкай;1;улица Евфросиньи Полоцкой;53.9047186;27.4733837
вуліца Еўфрасінні Полацкай;3;улица Евфросиньи Полоцкой;53.9047186;27.4733837
вуліца Еўфрасінні Полацкай;3А;улица Евфросиньи Полоцкой;53.9047186;27.4733837
вуліца Еўфрасінні Полацкай;5;улица Евфросиньи Полоцкой;53.9047186;27.4733837
вуліца Еўфрасінні Полацкай;42095;улица Евфросиньи Полоцкой;53.9047186;27.4733837
вуліца Еўфрасінні Полацкай;4к2;улица Евфросиньи Полоцкой;53.9047186;27.4733837
вуліца Еўфрасінні Полацкай;4к1;улица Евфросиньи Полоцкой;53.9047186;27.4733837
вуліца Еўфрасінні Полацкай;4;улица Евфросиньи Полоцкой;53.9047186;27.4733837
вуліца Еўфрасінні Полацкай;4к6;улица Евфросиньи Полоцкой;53.9047186;27.4733837
вуліца Жудро;33;улица Жудро;53.9227092;27.4823737
вуліца Жудро;53;улица Жудро;53.9227092;27.4823737
вуліца Жудро;57;улица Жудро;53.9227092;27.4823737
вуліца Жудро;16;улица Жудро;53.9227092;27.4823737
вуліца Жудро;40;улица Жудро;53.9227092;27.4823737
вуліца Жудро;51а;улица Жудро;53.9227092;27.4823737
вуліца Жудро;71;улица Жудро;53.9227092;27.4823737
вуліца Жудро;71А;улица Жудро;53.9227092;27.4823737
вуліца Жудро;35/1;улица Жудро;53.9227092;27.4823737
вуліца Жудро;69;улица Жудро;53.9227092;27.4823737
вуліца Жудро;67;улица Жудро;53.9227092;27.4823737
вуліца Жудро;13;улица Жудро;53.9227092;27.4823737
вуліца Жукоўскага;5 к1;улица Жуковского;53.8794546;27.5499761
вуліца Жукоўскага;3;улица Жуковского;53.8794546;27.5499761
вуліца Жукоўскага;9 к1;улица Жуковского;53.8794546;27.5499761
вуліца Жукоўскага;11А;улица Жуковского;53.8794546;27.5499761
вуліца Жукоўскага;7;улица Жуковского;53.8794546;27.5499761
вуліца Жукоўскага;2;улица Жуковского;53.8794546;27.5499761
вуліца Жукоўскага;28А;улица Жуковского;53.8794546;27.5499761
вуліца Жукоўскага;46109;улица Жуковского;53.8794546;27.5499761
вуліца Жукоўскага;20В;улица Жуковского;53.8794546;27.5499761
вуліца Жукоўскага;6 к4;улица Жуковского;53.8794546;27.5499761
вуліца Жукоўскага;10А;улица Жуковского;53.8794546;27.5499761
вуліца Жукоўскага;6 к3;улица Жуковского;53.8794546;27.5499761
вуліца Жукоўскага;4;улица Жуковского;53.8794546;27.5499761
вуліца Жукоўскага;5 к2;улица Жуковского;53.8794546;27.5499761
вуліца Жукоўскага;10 к2;улица Жуковского;53.8794546;27.5499761
вуліца Жукоўскага;10 к5;улица Жуковского;53.8794546;27.5499761
вуліца Жукоўскага;6 к1;улица Жуковского;53.8794546;27.5499761
вуліца Жукоўскага;6 к2;улица Жуковского;53.8794546;27.5499761
вуліца Жукоўскага;10 к4;улица Жуковского;53.8794546;27.5499761
вуліца Жукоўскага;29Б;улица Жуковского;53.8794546;27.5499761
вуліца Жукоўскага;34А;улица Жуковского;53.8794546;27.5499761
вуліца Жукоўскага;35;улица Жуковского;53.8794546;27.5499761
вуліца Жукоўскага;38А;улица Жуковского;53.8794546;27.5499761
вуліца Жукоўскага;40А;улица Жуковского;53.8794546;27.5499761
вуліца Жукоўскага;40;улица Жуковского;53.8794546;27.5499761
вуліца Жукоўскага;42;улица Жуковского;53.8794546;27.5499761
вуліца Жукоўскага;43;улица Жуковского;53.8794546;27.5499761
вуліца Жукоўскага;44;улица Жуковского;53.8794546;27.5499761
вуліца Жукоўскага;46;улица Жуковского;53.8794546;27.5499761
вуліца Жукоўскага;48;улица Жуковского;53.8794546;27.5499761
вуліца Жукоўскага;49А;улица Жуковского;53.8794546;27.5499761
вуліца Жукоўскага;50;улица Жуковского;53.8794546;27.5499761
вуліца Жукоўскага;53;улица Жуковского;53.8794546;27.5499761
вуліца Жукоўскага;54;улица Жуковского;53.8794546;27.5499761
вуліца Жукоўскага;56;улица Жуковского;53.8794546;27.5499761
вуліца Жукоўскага;58;улица Жуковского;53.8794546;27.5499761
вуліца Жукоўскага;60;улица Жуковского;53.8794546;27.5499761
вуліца Жукоўскага;61;улица Жуковского;53.8794546;27.5499761
вуліца Жукоўскага;62;улица Жуковского;53.8794546;27.5499761
вуліца Жукоўскага;66А;улица Жуковского;53.8794546;27.5499761
вуліца Жукоўскага;75;улица Жуковского;53.8794546;27.5499761
вуліца Жукоўскага;82;улица Жуковского;53.8794546;27.5499761
вуліца Жукоўскага;84;улица Жуковского;53.8794546;27.5499761
вуліца Жукоўскага;86;улица Жуковского;53.8794546;27.5499761
вуліца Жукоўскага;57;улица Жуковского;53.8794546;27.5499761
вуліца Жукоўскага;65;улица Жуковского;53.8794546;27.5499761
вуліца Жукоўскага;67;улица Жуковского;53.8794546;27.5499761
вуліца Жукоўскага;19;улица Жуковского;53.8794546;27.5499761
вуліца Жукоўскага;23;улица Жуковского;53.8794546;27.5499761
вуліца Жукоўскага;32;улица Жуковского;53.8794546;27.5499761
вуліца Жукоўскага;13Б;улица Жуковского;53.8794546;27.5499761
вуліца Жукоўскага;15Г;улица Жуковского;53.8794546;27.5499761
вуліца Жукоўскага;20;улица Жуковского;53.8794546;27.5499761
вуліца Жукоўскага;24;улица Жуковского;53.8794546;27.5499761
вуліца Жукоўскага;8;улица Жуковского;53.8794546;27.5499761
вуліца Жукоўскага;40Б;улица Жуковского;53.8794546;27.5499761
вуліца Жукоўскага;52;улица Жуковского;53.8794546;27.5499761
вуліца Жукоўскага;60А;улица Жуковского;53.8794546;27.5499761
вуліца Жукоўскага;58А;улица Жуковского;53.8794546;27.5499761
вуліца Жукоўскага;60Б;улица Жуковского;53.8794546;27.5499761
вуліца Жукоўскага;37;улица Жуковского;53.8794546;27.5499761
вуліца Жукоўскага;39;улица Жуковского;53.8794546;27.5499761
вуліца Жукоўскага;38;улица Жуковского;53.8794546;27.5499761
вуліца Жукоўскага;28;улица Жуковского;53.8794546;27.5499761
вуліца Жукоўскага;36;улица Жуковского;53.8794546;27.5499761
вуліца Жукоўскага;36А;улица Жуковского;53.8794546;27.5499761
вуліца Жукоўскага;30;улица Жуковского;53.8794546;27.5499761
вуліца Жукоўскага;21;улица Жуковского;53.8794546;27.5499761
вуліца Жукоўскага;34;улица Жуковского;53.8794546;27.5499761
вуліца Жукоўскага;46А;улица Жуковского;53.8794546;27.5499761
вуліца Жукоўскага;47;улица Жуковского;53.8794546;27.5499761
вуліца Жукоўскага;49;улица Жуковского;53.8794546;27.5499761
вуліца Жукоўскага;51;улица Жуковского;53.8794546;27.5499761
вуліца Жукоўскага;59;улица Жуковского;53.8794546;27.5499761
вуліца Жукоўскага;63;улица Жуковского;53.8794546;27.5499761
вуліца Жукоўскага;80А;улица Жуковского;53.8794546;27.5499761
вуліца Жукоўскага;11;улица Жуковского;53.8794546;27.5499761
вуліца Жукоўскага;9;улица Жуковского;53.8794546;27.5499761
вуліца Жукоўскага;5;улица Жуковского;53.8794546;27.5499761
вуліца Жукоўскага;1;улица Жуковского;53.8794546;27.5499761
вуліца Жукоўскага;64;улица Жуковского;53.8794546;27.5499761
вуліца Жукоўскага;66;улица Жуковского;53.8794546;27.5499761
вуліца Жукоўскага;68;улица Жуковского;53.8794546;27.5499761
вуліца Жукоўскага;70А;улица Жуковского;53.8794546;27.5499761
вуліца Жукоўскага;55;улица Жуковского;53.8794546;27.5499761
вуліца Жукоўскага;70;улица Жуковского;53.8794546;27.5499761
вуліца Жукоўскага;72;улица Жуковского;53.8794546;27.5499761
вуліца Жукоўскага;72А;улица Жуковского;53.8794546;27.5499761
вуліца Жукоўскага;74;улица Жуковского;53.8794546;27.5499761
вуліца Жукоўскага;78;улица Жуковского;53.8794546;27.5499761
вуліца Жукоўскага;76;улица Жуковского;53.8794546;27.5499761
вуліца Жукоўскага;80;улица Жуковского;53.8794546;27.5499761
вуліца Жукоўскага;13А;улица Жуковского;53.8794546;27.5499761
вуліца Жукоўскага;10 к1;улица Жуковского;53.8794546;27.5499761
вуліца Жукоўскага;79;улица Жуковского;53.8794546;27.5499761
вуліца Жукоўскага;81;улица Жуковского;53.8794546;27.5499761
вуліца Жукоўскага;77;улица Жуковского;53.8794546;27.5499761
вуліца Жукоўскага;73;улица Жуковского;53.8794546;27.5499761
вуліца Жукоўскага;69;улица Жуковского;53.8794546;27.5499761
вуліца Жукоўскага;71;улица Жуковского;53.8794546;27.5499761
вуліца Жукоўскага;62А;улица Жуковского;53.8794546;27.5499761
вуліца Жылуновіча;26;улица Жилуновича;53.8683959;27.6265665
вуліца Жылуновіча;2;улица Жилуновича;53.8683959;27.6265665
вуліца Жылуновіча;41;улица Жилуновича;53.8683959;27.6265665
вуліца Жылуновіча;2 к17;улица Жилуновича;53.8683959;27.6265665
вуліца Жылуновіча;27;улица Жилуновича;53.8683959;27.6265665
вуліца Жылуновіча;6;улица Жилуновича;53.8683959;27.6265665
вуліца Жылуновіча;30;улица Жилуновича;53.8683959;27.6265665
вуліца Жылуновіча;11;улица Жилуновича;53.8683959;27.6265665
вуліца Жылуновіча;4В;улица Жилуновича;53.8683959;27.6265665
вуліца Жылуновіча;20;улица Жилуновича;53.8683959;27.6265665
вуліца Жылуновіча;2 к7;улица Жилуновича;53.8683959;27.6265665
вуліца Жылуновіча;2Д;улица Жилуновича;53.8683959;27.6265665
вуліца Жылуновіча;17;улица Жилуновича;53.8683959;27.6265665
вуліца Жылуновіча;4Б;улица Жилуновича;53.8683959;27.6265665
вуліца Жылуновіча;4;улица Жилуновича;53.8683959;27.6265665
вуліца Жылуновіча;2к2;улица Жилуновича;53.8683959;27.6265665
вуліца Жылуновіча;2д, помещение 2;улица Жилуновича;53.8683959;27.6265665
вуліца Жылуновіча;7;улица Жилуновича;53.8683959;27.6265665
вуліца Жылуновіча;11А;улица Жилуновича;53.8683959;27.6265665
вуліца Жылуновіча;46205;улица Жилуновича;53.8683959;27.6265665
вуліца Залатая Горка;1;улица Золотая Горка;53.9118054;27.5843255
вуліца Залатая Горка;17;улица Золотая Горка;53.9118054;27.5843255
вуліца Залатая Горка;22;улица Золотая Горка;53.9118054;27.5843255
вуліца Залатая Горка;6;улица Золотая Горка;53.9118054;27.5843255
вуліца Залатая Горка;14А;улица Золотая Горка;53.9118054;27.5843255
вуліца Залатая Горка;19;улица Золотая Горка;53.9118054;27.5843255
вуліца Залатая Горка;16А;улица Золотая Горка;53.9118054;27.5843255
вуліца Залатая Горка;6А;улица Золотая Горка;53.9118054;27.5843255
вуліца Залатая Горка;2;улица Золотая Горка;53.9118054;27.5843255
вуліца Захарава;67 к2;улица Захарова;53.9018426;27.5835311
вуліца Захарава;61;улица Захарова;53.9018426;27.5835311
вуліца Захарава;19;улица Захарова;53.9018426;27.5835311
вуліца Захарава;31;улица Захарова;53.9018426;27.5835311
вуліца Захарава;104;улица Захарова;53.9018426;27.5835311
вуліца Захарава;50Д;улица Захарова;53.9018426;27.5835311
вуліца Захарава;23;улица Захарова;53.9018426;27.5835311
вуліца Захарава;55 пом2;улица Захарова;53.9018426;27.5835311
вуліца Захарава;33;улица Захарова;53.9018426;27.5835311
вуліца Захарава;46;улица Захарова;53.9018426;27.5835311
вуліца Захарава;44;улица Захарова;53.9018426;27.5835311
вуліца Захарава;40;улица Захарова;53.9018426;27.5835311
вуліца Захарава;17;улица Захарова;53.9018426;27.5835311
вуліца Захарава;22;улица Захарова;53.9018426;27.5835311
вуліца Захарава;29А;улица Захарова;53.9018426;27.5835311
вуліца Захарава;73А;улица Захарова;53.9018426;27.5835311
вуліца Захарава;68;улица Захарова;53.9018426;27.5835311
вуліца Захарава;26;улица Захарова;53.9018426;27.5835311
вуліца Захарава;21;улица Захарова;53.9018426;27.5835311
вуліца Захарава;77А;улица Захарова;53.9018426;27.5835311
вуліца Зацань;1;улица Зацень;53.9602324;27.5096996
вуліца Зацішша;47;улица Затишье;53.9444434;27.5768727
вуліца Зацішша;67;улица Затишье;53.9444434;27.5768727
вуліца Зацішша;53;улица Затишье;53.9444434;27.5768727
вуліца Зацішша;74;улица Затишье;53.9444434;27.5768727
вуліца Зацішша;68;улица Затишье;53.9444434;27.5768727
вуліца Зацішша;60;улица Затишье;53.9444434;27.5768727
вуліца Зацішша;55;улица Затишье;53.9444434;27.5768727
вуліца Зацішша;56;улица Затишье;53.9444434;27.5768727
вуліца Зацішша;54;улица Затишье;53.9444434;27.5768727
вуліца Зацішша;61;улица Затишье;53.9444434;27.5768727
вуліца Зацішша;57;улица Затишье;53.9444434;27.5768727
вуліца Зацішша;52;улица Затишье;53.9444434;27.5768727
вуліца Зацішша;65;улица Затишье;53.9444434;27.5768727
вуліца Зацішша;76;улица Затишье;53.9444434;27.5768727
вуліца Зацішша;66;улица Затишье;53.9444434;27.5768727
вуліца Зацішша;64;улица Затишье;53.9444434;27.5768727
вуліца Зацішша;69;улица Затишье;53.9444434;27.5768727
вуліца Зацішша;51;улица Затишье;53.9444434;27.5768727
вуліца Зацішша;72;улица Затишье;53.9444434;27.5768727
вуліца Зацішша;58;улица Затишье;53.9444434;27.5768727
вуліца Зацішша;70;улица Затишье;53.9444434;27.5768727
вуліца Зацішша;62;улица Затишье;53.9444434;27.5768727
вуліца Зацішша;59;улица Затишье;53.9444434;27.5768727
вуліца Зацішша;71;улица Затишье;53.9444434;27.5768727
вуліца Зацішша;63;улица Затишье;53.9444434;27.5768727
вуліца Змітрака Бядулі;3;улица Змитрока Бядули;53.9067222;27.5835435
вуліца Змітрака Бядулі;11;улица Змитрока Бядули;53.9067222;27.5835435
вуліца Змітрака Бядулі;9;улица Змитрока Бядули;53.9067222;27.5835435
вуліца Змітрака Бядулі;46096;улица Змитрока Бядули;53.9067222;27.5835435
вуліца Змітрака Бядулі;5;улица Змитрока Бядули;53.9067222;27.5835435
вуліца Змітрака Бядулі;13;улица Змитрока Бядули;53.9067222;27.5835435
вуліца Змітрака Бядулі;8;улица Змитрока Бядули;53.9067222;27.5835435
вуліца Змітрака Бядулі;1;улица Змитрока Бядули;53.9067222;27.5835435
вуліца Змітрака Бядулі;46216;улица Змитрока Бядули;53.9067222;27.5835435
вуліца Змітрака Бядулі;6;улица Змитрока Бядули;53.9067222;27.5835435
вуліца Змітрака Бядулі;46186;улица Змитрока Бядули;53.9067222;27.5835435
вуліца Змітрака Бядулі;46155;улица Змитрока Бядули;53.9067222;27.5835435
вуліца Змітрака Бядулі;10;улица Змитрока Бядули;53.9067222;27.5835435
вуліца Зубачова;14;улица Зубачева;53.8551013;27.5216319
вуліца Зубачова;28;улица Зубачева;53.8551013;27.5216319
вуліца Зубачова;13;улица Зубачева;53.8551013;27.5216319
вуліца Зубачова;26;улица Зубачева;53.8551013;27.5216319
вуліца Зубачова;16;улица Зубачева;53.8551013;27.5216319
вуліца Зубачова;12;улица Зубачева;53.8551013;27.5216319
вуліца Зубачова;31;улица Зубачева;53.8551013;27.5216319
вуліца Зубачова;27;улица Зубачева;53.8551013;27.5216319
вуліца Зубачова;23;улица Зубачева;53.8551013;27.5216319
вуліца Зубачова;20;улица Зубачева;53.8551013;27.5216319
вуліца Зубачова;18;улица Зубачева;53.8551013;27.5216319
вуліца Зубачова;35;улица Зубачева;53.8551013;27.5216319
вуліца Зубачова;24;улица Зубачева;53.8551013;27.5216319
вуліца Зубачова;25;улица Зубачева;53.8551013;27.5216319
вуліца Зубачова;21;улица Зубачева;53.8551013;27.5216319
вуліца Зубачова;19;улица Зубачева;53.8551013;27.5216319
вуліца Зубачова;17;улица Зубачева;53.8551013;27.5216319
вуліца Зубачова;15;улица Зубачева;53.8551013;27.5216319
вуліца Зубачова;33;улица Зубачева;53.8551013;27.5216319
вуліца Зубачова;29;улица Зубачева;53.8551013;27.5216319
вуліца Івана Навуменкі;7Б;улица Ивана Науменко;53.9665061;27.5300759
вуліца Івана Навуменкі;8;улица Ивана Науменко;53.9665061;27.5300759
вуліца Івана Навуменкі;10;улица Ивана Науменко;53.9665061;27.5300759
вуліца Івана Навуменкі;9;улица Ивана Науменко;53.9665061;27.5300759
вуліца Івана Навуменкі;11;улица Ивана Науменко;53.9665061;27.5300759
вуліца Івана Навуменкі;12;улица Ивана Науменко;53.9665061;27.5300759
вуліца Івана Навуменкі;6;улица Ивана Науменко;53.9665061;27.5300759
вуліца Івана Навуменкі;7;улица Ивана Науменко;53.9665061;27.5300759
вуліца Івана Навуменкі;5;улица Ивана Науменко;53.9665061;27.5300759
вуліца Івана Навуменкі;3;улица Ивана Науменко;53.9665061;27.5300759
вуліца Івана Навуменкі;1;улица Ивана Науменки.;53.9665061;27.5300759
вуліца Івана Шамякіна;9;улица Ивана Шамякина;53.8919975;27.4276262
вуліца Івана Шамякіна;7;улица Ивана Шамякина;53.8919975;27.4276262
вуліца Ігара Лучанка;1;улица Игоря Лученка;53.866118;27.5442172
вуліца Ігара Лучанка;7;улица Игоря Лученка;53.866118;27.5442172
вуліца Ігара Лучанка;5;улица Игоря Лученка;53.866118;27.5442172
вуліца Ігара Лучанка;2;улица Игоря Лученка;53.866118;27.5442172
вуліца Ігара Лучанка;29;улица Игоря Лученка;53.866118;27.5442172
вуліца Ігара Лучанка;27;улица Игоря Лученка;53.866118;27.5442172
вуліца Ігара Лучанка;31;улица Игоря Лученка;53.866118;27.5442172
вуліца Ігара Лучанка;28;улица Игоря Лученка;53.866118;27.5442172
вуліца Ігната Буйніцкага;15;улица Игната Буйницкого;53.9219136;27.6476246
вуліца Ігната Дамейкі;18;улица Игната Домейко;53.9222292;27.6455007
вуліца Ігнаценкі;17;улица Игнатенко;53.9192558;27.5280251
вуліца Іосіфа Гашкевіча;3;улица Иосифа Гошкевича;53.8409563;27.5684071
вуліца Іосіфа Гашкевіча;10;улица Иосифа Гошкевича;53.8409563;27.5684071
вуліца Іосіфа Гашкевіча;12;улица Иосифа Гошкевича;53.8409563;27.5684071
вуліца Іосіфа Гашкевіча;18;улица Иосифа Гошкевича;53.8409563;27.5684071
вуліца Іосіфа Гашкевіча;2;улица Иосифа Гошкевича;53.8409563;27.5684071
вуліца Іосіфа Гашкевіча;4;улица Иосифа Гошкевича;53.8409563;27.5684071
вуліца Іосіфа Гашкевіча;14;улица Иосифа Гошкевича;53.8409563;27.5684071
вуліца Іосіфа Гашкевіча;22;улица Иосифа Гошкевича;53.8409563;27.5684071
вуліца Іосіфа Гашкевіча;1;улица Иосифа Гошкевича;53.8409563;27.5684071
вуліца Іосіфа Жыновіча;9;улица Иосифа Жиновича;53.9183795;27.4495191
вуліца Іосіфа Жыновіча;1;улица Иосифа Жиновича;53.9183795;27.4495191
вуліца Іосіфа Жыновіча;20;улица Иосифа Жиновича;53.9183795;27.4495191
вуліца Іосіфа Жыновіча;21;улица Иосифа Жиновича;53.9183795;27.4495191
вуліца Іосіфа Жыновіча;7;улица Иосифа Жиновича;53.9183795;27.4495191
вуліца Іосіфа Жыновіча;22;улица Иосифа Жиновича;53.9183795;27.4495191
вуліца Іосіфа Жыновіча;18;улица Иосифа Жиновича;53.9183795;27.4495191
вуліца Іосіфа Жыновіча;15;улица Иосифа Жиновича;53.9183795;27.4495191
вуліца Іосіфа Жыновіча;11;улица Иосифа Жиновича;53.9183795;27.4495191
вуліца Іосіфа Жыновіча;17;улица Иосифа Жиновича;53.9183795;27.4495191
вуліца Іосіфа Жыновіча;4;улица Иосифа Жиновича;53.9183795;27.4495191
вуліца Іскаліева;12;улица Искалиева;53.8703472;27.6211885
вуліца Іскаліева;14А;улица Искалиева;53.8703472;27.6211885
вуліца Кабушкіна;92;улица Кабушкина;53.8553361;27.6358378
вуліца Кабушкіна;94 к2;улица Кабушкина;53.8553361;27.6358378
вуліца Кабушкіна;45;улица Кабушкина;53.8553361;27.6358378
вуліца Кабушкіна;7;улица Кабушкина;53.8553361;27.6358378
вуліца Кабушкіна;48;улица Кабушкина;53.8553361;27.6358378
вуліца Кабушкіна;46;улица Кабушкина;53.8553361;27.6358378
вуліца Кабушкіна;5;улица Кабушкина;53.8553361;27.6358378
вуліца Кабушкіна;45А;улица Кабушкина;53.8553361;27.6358378
вуліца Кавалёва;43;улица Ковалёва;53.8742117;27.449956
вуліца Кавалёва;40;улица Ковалёва;53.8742117;27.449956
вуліца Кавалёва;44;улица Ковалёва;53.8742117;27.449956
вуліца Кавалёва;46Б;улица Ковалёва;53.8742117;27.449956
вуліца Кавалёва;38;улица Ковалёва;53.8742117;27.449956
вуліца Кавалёва;46А;улица Ковалёва;53.8742117;27.449956
вуліца Кавалёва;23А;улица Ковалёва;53.8742117;27.449956
вуліца Кавалёва;42;улица Ковалёва;53.8742117;27.449956
вуліца Кавалёва;19Б;улица Ковалёва;53.8742117;27.449956
вуліца Кавалёва;36;улица Ковалёва;53.8742117;27.449956
вуліца Кавалёва;19А;улица Ковалёва;53.8742117;27.449956
вуліца Кавалёва;68;улица Ковалёва;53.8742117;27.449956
вуліца Кавалёва;50;улица Ковалёва;53.8742117;27.449956
вуліца Кавалёва;48;улица Ковалёва;53.8742117;27.449956
вуліца Кавалёва;37;улица Ковалёва;53.8742117;27.449956
вуліца Казінца;81;улица Казинца;53.8513949;27.510708
вуліца Казінца;120;улица Казинца;53.8513949;27.510708
вуліца Казінца;121;улица Казинца;53.8513949;27.510708
вуліца Казінца;52А;улица Казинца;53.8513949;27.510708
вуліца Казінца;125;улица Казинца;53.8513949;27.510708
вуліца Казінца;91;улица Казинца;53.8513949;27.510708
вуліца Казінца;90;улица Казинца;53.8513949;27.510708
вуліца Казінца;133;улица Казинца;53.8513949;27.510708
вуліца Казінца;90/2;улица Казинца;53.8513949;27.510708
вуліца Казінца;86/3;улица Казинца;53.8513949;27.510708
вуліца Казінца;45;улица Казинца;53.8513949;27.510708
вуліца Казінца;123;улица Казинца;53.8513949;27.510708
вуліца Казінца;127;улица Казинца;53.8513949;27.510708
вуліца Казінца;94;улица Казинца;53.8513949;27.510708
вуліца Казінца;62;улица Казинца;53.8513949;27.510708
вуліца Казінца;11А, пом. 60;улица Казинца;53.8513949;27.510708
вуліца Казінца;12А к3;улица Казинца;53.8513949;27.510708
вуліца Казінца;19А;улица Казинца;53.8513949;27.510708
вуліца Казінца;25;улица Казинца;53.8513949;27.510708
вуліца Казінца;42;улица Казинца;53.8513949;27.510708
вуліца Казінца;21 к3;улица Казинца;53.8513949;27.510708
вуліца Казінца;12А;улица Казинца;53.8513949;27.510708
вуліца Казінца;12А к1;улица Казинца;53.8513949;27.510708
вуліца Казінца;24А к1;улица Казинца;53.8513949;27.510708
вуліца Казінца;32;улица Казинца;53.8513949;27.510708
вуліца Казінца;46Б/8;улица Казинца;53.8513949;27.510708
вуліца Казінца;46Б/7;улица Казинца;53.8513949;27.510708
вуліца Казінца;46Б/10;улица Казинца;53.8513949;27.510708
вуліца Казінца;46Б;улица Казинца;53.8513949;27.510708
вуліца Казінца;46Б/1;улица Казинца;53.8513949;27.510708
вуліца Казінца;46Б/4;улица Казинца;53.8513949;27.510708
вуліца Казінца;46Б/5;улица Казинца;53.8513949;27.510708
вуліца Казінца;46Б/6;улица Казинца;53.8513949;27.510708
вуліца Казінца;46В/4;улица Казинца;53.8513949;27.510708
вуліца Казінца;46А;улица Казинца;53.8513949;27.510708
вуліца Казінца;46В/5;улица Казинца;53.8513949;27.510708
вуліца Казінца;46В/6;улица Казинца;53.8513949;27.510708
вуліца Казінца;48;улица Казинца;53.8513949;27.510708
вуліца Казінца;33;улица Казинца;53.8513949;27.510708
вуліца Казінца;50;улица Казинца;53.8513949;27.510708
вуліца Казінца;46Б/3;улица Казинца;53.8513949;27.510708
вуліца Казінца;46В/2;улица Казинца;53.8513949;27.510708
вуліца Казінца;35А;улица Казинца;53.8513949;27.510708
вуліца Казінца;43А;улица Казинца;53.8513949;27.510708
вуліца Казінца;50 к2;улица Казинца;53.8513949;27.510708
вуліца Казінца;46В/11;улица Казинца;53.8513949;27.510708
вуліца Казінца;46/1;улица Казинца;53.8513949;27.510708
вуліца Казінца;48А;улица Казинца;53.8513949;27.510708
вуліца Казінца;33/10;улица Казинца;53.8513949;27.510708
вуліца Казінца;46В/9;улица Казинца;53.8513949;27.510708
вуліца Казінца;49Б;улица Казинца;53.8513949;27.510708
вуліца Казінца;89;улица Казинца;53.8513949;27.510708
вуліца Казінца;103А;улица Казинца;53.8513949;27.510708
вуліца Казінца;103;улица Казинца;53.8513949;27.510708
вуліца Казінца;113 к1;улица Казинца;53.8513949;27.510708
вуліца Казінца;54;улица Казинца;53.8513949;27.510708
вуліца Казінца;86 к2;улица Казинца;53.8513949;27.510708
вуліца Казінца;86 к1;улица Казинца;53.8513949;27.510708
вуліца Казінца;86 к3;улица Казинца;53.8513949;27.510708
вуліца Казінца;117;улица Казинца;53.8513949;27.510708
вуліца Казінца;90 к2;улица Казинца;53.8513949;27.510708
вуліца Казінца;21;улица Казинца;53.8513949;27.510708
вуліца Казінца;19;улица Казинца;53.8513949;27.510708
вуліца Казінца;17;улица Казинца;53.8513949;27.510708
вуліца Казінца;21 к2;улица Казинца;53.8513949;27.510708
вуліца Казінца;17 к2;улица Казинца;53.8513949;27.510708
вуліца Казінца;27;улица Казинца;53.8513949;27.510708
вуліца Казінца;29;улица Казинца;53.8513949;27.510708
вуліца Казінца;27А;улица Казинца;53.8513949;27.510708
вуліца Казінца;49;улица Казинца;53.8513949;27.510708
вуліца Казінца;47;улица Казинца;53.8513949;27.510708
вуліца Казінца;39;улица Казинца;53.8513949;27.510708
вуліца Казінца;43;улица Казинца;53.8513949;27.510708
вуліца Казінца;37;улица Казинца;53.8513949;27.510708
вуліца Казінца;41;улица Казинца;53.8513949;27.510708
вуліца Казінца;35;улица Казинца;53.8513949;27.510708
вуліца Казінца;83;улица Казинца;53.8513949;27.510708
вуліца Казінца;87;улица Казинца;53.8513949;27.510708
вуліца Казінца;85;улица Казинца;53.8513949;27.510708
вуліца Казінца;51 к3;улица Казинца;53.8513949;27.510708
вуліца Казінца;51 к5;улица Казинца;53.8513949;27.510708
вуліца Казінца;51 к1;улица Казинца;53.8513949;27.510708
вуліца Казінца;51 к2;улица Казинца;53.8513949;27.510708
вуліца Казінца;51 к4;улица Казинца;53.8513949;27.510708
вуліца Казінца;89 к2;улица Казинца;53.8513949;27.510708
вуліца Казінца;109;улица Казинца;53.8513949;27.510708
вуліца Казінца;99 к1;улица Казинца;53.8513949;27.510708
вуліца Казінца;97 к2;улица Казинца;53.8513949;27.510708
вуліца Казінца;97 к1;улица Казинца;53.8513949;27.510708
вуліца Казінца;105А;улица Казинца;53.8513949;27.510708
вуліца Казінца;105 к2;улица Казинца;53.8513949;27.510708
вуліца Казінца;95;улица Казинца;53.8513949;27.510708
вуліца Казінца;105 к1;улица Казинца;53.8513949;27.510708
вуліца Казінца;107;улица Казинца;53.8513949;27.510708
вуліца Казінца;101;улица Казинца;53.8513949;27.510708
вуліца Казінца;93;улица Казинца;53.8513949;27.510708
вуліца Казінца;52;улица Казинца;53.8513949;27.510708
вуліца Казінца;49А;улица Казинца;53.8513949;27.510708
вуліца Казінца;60;улица Казинца;53.8513949;27.510708
вуліца Казінца;42А;улица Казинца;53.8513949;27.510708
вуліца Казінца;6Д;улица Казинца;53.8513949;27.510708
вуліца Казінца;46;улица Казинца;53.8513949;27.510708
вуліца Казінца;46Б/9;улица Казинца;53.8513949;27.510708
вуліца Казінца;46В/12;улица Казинца;53.8513949;27.510708
вуліца Казінца;46Б/2;улица Казинца;53.8513949;27.510708
вуліца Казінца;32 к1;улица Казинца;53.8513949;27.510708
вуліца Казінца;46В/10;улица Казинца;53.8513949;27.510708
вуліца Казлова;2;улица Козлова;53.905201;27.5942172
вуліца Казлова;16;улица Козлова;53.905201;27.5942172
вуліца Казлова;6;улица Козлова;53.905201;27.5942172
вуліца Казлова;5;улица Козлова;53.905201;27.5942172
вуліца Казлова;9;улица Козлова;53.905201;27.5942172
вуліца Казлова;22;улица Козлова;53.905201;27.5942172
вуліца Казлова;14;улица Козлова;53.905201;27.5942172
вуліца Казлова;1;улица Козлова;53.905201;27.5942172
вуліца Казлова;46260;улица Козлова;53.905201;27.5942172
вуліца Казлова;27;улица Козлова;53.905201;27.5942172
вуліца Казлова;4;улица Козлова;53.905201;27.5942172
вуліца Казлова;3;улица Козлова;53.905201;27.5942172
вуліца Казлова;8;улица Козлова;53.905201;27.5942172
вуліца Казлова;7;улица Козлова;53.905201;27.5942172
вуліца Казлова;28;улица Козлова;53.905201;27.5942172
вуліца Казлова;35;улица Козлова;53.905201;27.5942172
вуліца Казлова;27А;улица Козлова;53.905201;27.5942172
вуліца Казлова;15;улица Козлова;53.905201;27.5942172
вуліца Казлова;31;улица Козлова;53.905201;27.5942172
вуліца Казлова;24А/1;улица Козлова;53.905201;27.5942172
вуліца Казлова;46319;улица Козлова;53.905201;27.5942172
вуліца Казлова;24А/3;улица Козлова;53.905201;27.5942172
вуліца Казлова;30;улица Козлова;53.905201;27.5942172
вуліца Казлова;17А;улица Козлова;53.905201;27.5942172
вуліца Казлова;26А;улица Козлова;53.905201;27.5942172
вуліца Казлова;11А к1;улица Козлова;53.905201;27.5942172
вуліца Казлова;24А/2;улица Козлова;53.905201;27.5942172
вуліца Казлова;24А;улица Козлова;53.905201;27.5942172
вуліца Казлова;46052;улица Козлова;53.905201;27.5942172
вуліца Калеснікава;15;улица Колесникова;53.9164161;27.4370765
вуліца Калеснікава;38;улица Колесникова;53.9164161;27.4370765
вуліца Калеснікава;1;улица Колесникова;53.9164161;27.4370765
вуліца Калеснікава;36;улица Колесникова;53.9164161;27.4370765
вуліца Калеснікава;18;улица Колесникова;53.9164161;27.4370765
вуліца Калеснікава;20;улица Колесникова;53.9164161;27.4370765
вуліца Калеснікава;4;улица Колесникова;53.9164161;27.4370765
вуліца Калеснікава;10;улица Колесникова;53.9164161;27.4370765
вуліца Калеснікава;12;улица Колесникова;53.9164161;27.4370765
вуліца Калеснікава;4А;улица Колесникова;53.9164161;27.4370765
вуліца Калеснікава;8;улица Колесникова;53.9164161;27.4370765
вуліца Калеснікава;26;улица Колесникова;53.9164161;27.4370765
вуліца Калеснікава;14;улица Колесникова;53.9164161;27.4370765
вуліца Калеснікава;34;улица Колесникова;53.9164161;27.4370765
вуліца Калеснікава;32;улица Колесникова;53.9164161;27.4370765
вуліца Калеснікава;30;улица Колесникова;53.9164161;27.4370765
вуліца Калеснікава;16;улица Колесникова;53.9164161;27.4370765
вуліца Калеснікава;21;улица Колесникова;53.9164161;27.4370765
вуліца Калеснікава;23;улица Колесникова;53.9164161;27.4370765
вуліца Калеснікава;35;улица Колесникова;53.9164161;27.4370765
вуліца Калеснікава;3;улица Колесникова;53.9164161;27.4370765
вуліца Калеснікава;25;улица Колесникова;53.9164161;27.4370765
вуліца Калеснікава;37;улица Колесникова;53.9164161;27.4370765
вуліца Калеснікава;27;улица Колесникова;53.9164161;27.4370765
вуліца Калеснікава;19;улица Колесникова;53.9164161;27.4370765
вуліца Калеснікава;49;улица Колесникова;53.9164161;27.4370765
вуліца Калеснікава;47;улица Колесникова;53.9164161;27.4370765
вуліца Калеснікава;17;улица Колесникова;53.9164161;27.4370765
вуліца Калеснікава;28;улица Колесникова;53.9164161;27.4370765
вуліца Калеснікава;45;улица Колесникова;53.9164161;27.4370765
вуліца Калеснікава;38 к1;улица Колесникова;53.9164161;27.4370765
вуліца Калініна;7;улица Калинина;53.9276039;27.6054931
вуліца Калініна;27;улица Калинина;53.9276039;27.6054931
вуліца Калініна;2;улица Калинина;53.9276039;27.6054931
вуліца Калініна;18;улица Калинина;53.9276039;27.6054931
вуліца Калініна;2А;улица Калинина;53.9276039;27.6054931
вуліца Калініна;16;улица Калинина;53.9276039;27.6054931
вуліца Калініна;7Б;улица Калинина;53.9276039;27.6054931
вуліца Калініна;3;улица Калинина;53.9276039;27.6054931
вуліца Калініна;17;улица Калинина;53.9276039;27.6054931
вуліца Калініна;34;улица Калинина;53.9276039;27.6054931
вуліца Калініна;17А;улица Калинина;53.9276039;27.6054931
вуліца Калініна;24;улица Калинина;53.9276039;27.6054931
вуліца Калініна;14;улица Калинина;53.9276039;27.6054931
вуліца Калініна;12;улица Калинина;53.9276039;27.6054931
вуліца Калініна;20;улица Калинина;53.9276039;27.6054931
вуліца Калініна;26;улица Калинина;53.9276039;27.6054931
вуліца Калініна;28;улица Калинина;53.9276039;27.6054931
вуліца Калініна;14А;улица Калинина;53.9276039;27.6054931
вуліца Калініна;7А;улица Калинина;53.9276039;27.6054931
вуліца Каліноўскага;82 к2;улица Калиновского;53.9429453;27.6409632
вуліца Каліноўскага;55В;улица Калиновского;53.9429453;27.6409632
вуліца Каліноўскага;67;улица Калиновского;53.9429453;27.6409632
вуліца Каліноўскага;32;улица Калиновского;53.9429453;27.6409632
вуліца Каліноўскага;55Г;улица Калиновского;53.9429453;27.6409632
вуліца Каліноўскага;101;улица Калиновского;53.9429453;27.6409632
вуліца Каліноўскага;12;улица Калиновского;53.9429453;27.6409632
вуліца Каліноўскага;55;улица Калиновского;53.9429453;27.6409632
вуліца Каліноўскага;55Д;улица Калиновского;53.9429453;27.6409632
вуліца Каліноўскага;3;улица Калиновского;53.9429453;27.6409632
вуліца Каліноўскага;23;улица Калиновского;53.9429453;27.6409632
вуліца Каліноўскага;6;улица Калиновского;53.9429453;27.6409632
вуліца Каліноўскага;111;улица Калиновского;53.9429453;27.6409632
вуліца Каліноўскага;115А;улица Калиновского;53.9429453;27.6409632
вуліца Каліноўскага;115Б;улица Калиновского;53.9429453;27.6409632
вуліца Каліноўскага;68А;улица Калиновского;53.9429453;27.6409632
вуліца Каліноўскага;18;улица Калиновского;53.9429453;27.6409632
вуліца Каліноўскага;55Е;улица Калиновского;53.9429453;27.6409632
вуліца Каліноўскага;72;улица Калиновского;53.9429453;27.6409632
вуліца Каліноўскага;66А;улица Калиновского;53.9429453;27.6409632
вуліца Каліноўскага;87;улица Калиновского;53.9429453;27.6409632
вуліца Каліноўскага;121;улица Калиновского;53.9429453;27.6409632
вуліца Каліноўскага;105А;улица Калиновского;53.9429453;27.6409632
вуліца Каліноўскага;50А;улица Калиновского;53.9429453;27.6409632
вуліца Каліноўскага;77А;улица Калиновского;53.9429453;27.6409632
вуліца Каліноўскага;34;улица Калиновского;53.9429453;27.6409632
вуліца Каліноўскага;4 к2;улица Калиновского;53.9429453;27.6409632
вуліца Каліноўскага;56;улица Калиновского;53.9429453;27.6409632
вуліца Каліноўскага;54 к2;улица Калиновского;53.9429453;27.6409632
вуліца Каліноўскага;54 к3;улица Калиновского;53.9429453;27.6409632
вуліца Каліноўскага;54 к1;улица Калиновского;53.9429453;27.6409632
вуліца Каліноўскага;60;улица Калиновского;53.9429453;27.6409632
вуліца Каліноўскага;62;улица Калиновского;53.9429453;27.6409632
вуліца Каліноўскага;64;улица Калиновского;53.9429453;27.6409632
вуліца Каліноўскага;58;улица Калиновского;53.9429453;27.6409632
вуліца Каліноўскага;66;улица Калиновского;53.9429453;27.6409632
вуліца Каліноўскага;70;улица Калиновского;53.9429453;27.6409632
вуліца Каліноўскага;105;улица Калиновского;53.9429453;27.6409632
вуліца Каліноўскага;48 к2;улица Калиновского;53.9429453;27.6409632
вуліца Каліноўскага;40 к3;улица Калиновского;53.9429453;27.6409632
вуліца Каліноўскага;40 к2;улица Калиновского;53.9429453;27.6409632
вуліца Каліноўскага;40 к4;улица Калиновского;53.9429453;27.6409632
вуліца Каліноўскага;40 к1;улица Калиновского;53.9429453;27.6409632
вуліца Каліноўскага;46;улица Калиновского;53.9429453;27.6409632
вуліца Каліноўскага;42;улица Калиновского;53.9429453;27.6409632
вуліца Каліноўскага;44;улица Калиновского;53.9429453;27.6409632
вуліца Каліноўскага;48 к1;улица Калиновского;53.9429453;27.6409632
вуліца Каліноўскага;36;улица Калиновского;53.9429453;27.6409632
вуліца Каліноўскага;111/2;улица Калиновского;53.9429453;27.6409632
вуліца Каліноўскага;65;улица Калиновского;53.9429453;27.6409632
вуліца Каліноўскага;4;улица Калиновского;53.9429453;27.6409632
вуліца Каліноўскага;113;улица Калиновского;53.9429453;27.6409632
вуліца Каліноўскага;50 к2;улица Калиновского;53.9429453;27.6409632
вуліца Кальцова;32;улица Кольцова;53.9518954;27.5936036
вуліца Кальцова;46071;улица Кольцова;53.9518954;27.5936036
вуліца Кальцова;39 к2;улица Кольцова;53.9518954;27.5936036
вуліца Кальцова;53;улица Кольцова;53.9518954;27.5936036
вуліца Кальцова;48/1;улица Кольцова;53.9518954;27.5936036
вуліца Кальцова;64;улица Кольцова;53.9518954;27.5936036
вуліца Кальцова;55;улица Кольцова;53.9518954;27.5936036
вуліца Кальцова;4А;улица Кольцова;53.9518954;27.5936036
вуліца Кальцова;37;улица Кольцова;53.9518954;27.5936036
вуліца Кальцова;149;улица Кольцова;53.9518954;27.5936036
вуліца Кальцова;94;улица Кольцова;53.9518954;27.5936036
вуліца Кальцова;96;улица Кольцова;53.9518954;27.5936036
вуліца Кандрата Крапівы;19;улица Кондрата Крапивы;53.8563813;27.4553902
вуліца Канстанцыі Буйло;7;улица Констанции Буйло;53.8559188;27.4557782
вуліца Канстанцыі Буйло;11;улица Констанции Буйло;53.8559188;27.4557782
вуліца Канстанцыі Буйло;23;улица Констанции Буйло;53.8559188;27.4557782
вуліца Канстанцыі Буйло;13;улица Констанции Буйло;53.8559188;27.4557782
вуліца Канстанцыі Буйло;15;улица Констанции Буйло;53.8559188;27.4557782
вуліца Канстанцыі Буйло;17;улица Констанции Буйло;53.8559188;27.4557782
вуліца Канстанцыі Буйло;5;улица Констанции Буйло;53.8559188;27.4557782
вуліца Канстанцыі Буйло;27;улица Констанции Буйло;53.8559188;27.4557782
вуліца Канстанцыі Буйло;19;улица Констанции Буйло;53.8559188;27.4557782
вуліца Канстанцыі Буйло;21;улица Констанции Буйло;53.8559188;27.4557782
вуліца Канстанцыі Буйло;25;улица Констанции Буйло;53.8559188;27.4557782
вуліца Канстанцыі Буйло;29;улица Констанции Буйло;53.8559188;27.4557782
вуліца Канстанцыі Буйло;3;улица Констанции Буйло;53.8559188;27.4557782
вуліца Канстанцыі Буйло;9;улица Констанции Буйло;53.8559188;27.4557782
вуліца Канстанцыі Буйло;33;улица Констанции Буйло;53.8559188;27.4557782
вуліца Канстанцыі Буйло;31;улица Констанции Буйло;53.8559188;27.4557782
вуліца Караленкі;2;улица Короленко;53.935746;27.6221646
вуліца Караленкі;4;улица Короленко;53.935746;27.6221646
вуліца Караленкі;6;улица Короленко;53.935746;27.6221646
вуліца Караленкі;5;улица Короленко;53.935746;27.6221646
вуліца Караля;7;улица Короля;53.9011014;27.545017
вуліца Караля;2;улица Короля;53.9011014;27.545017
вуліца Караля;9;улица Короля;53.9011014;27.545017
вуліца Караля;26;улица Короля;53.9011014;27.545017
вуліца Караля;20;улица Короля;53.9011014;27.545017
вуліца Караля;4;улица Короля;53.9011014;27.545017
вуліца Караля;79;улица Короля;53.9011014;27.545017
вуліца Караля;47;улица Короля;53.9011014;27.545017
вуліца Караля;28;улица Короля;53.9011014;27.545017
вуліца Караля;45;улица Короля;53.9011014;27.545017
вуліца Караля;88;улица Короля;53.9011014;27.545017
вуліца Караля;51;улица Короля;53.9011014;27.545017
вуліца Караля;75;улица Короля;53.9011014;27.545017
вуліца Караля;77;улица Короля;53.9011014;27.545017
вуліца Караля;5;улица Короля;53.9011014;27.545017
вуліца Караля;7А;улица Короля;53.9011014;27.545017
вуліца Караля;14А;улица Короля;53.9011014;27.545017
вуліца Караля;8;улица Короля;53.9011014;27.545017
вуліца Караткевіча;13;улица Короткевича;53.8738065;27.5313363
вуліца Караткевіча;19А;улица Короткевича;53.8738065;27.5313363
вуліца Караткевіча;7А;улица Короткевича;53.8738065;27.5313363
вуліца Караткевіча;5;улица Короткевича;53.8738065;27.5313363
вуліца Караткевіча;7;улица Короткевича;53.8738065;27.5313363
вуліца Караткевіча;12;улица Короткевича;53.8738065;27.5313363
вуліца Караткевіча;14;улица Короткевича;53.8738065;27.5313363
вуліца Караткевіча;19;улица Короткевича;53.8738065;27.5313363
вуліца Караткевіча;8А;улица Короткевича;53.8738065;27.5313363
вуліца Караткевіча;3;улица Короткевича;53.8738065;27.5313363
вуліца Караткевіча;2;улица Короткевича;53.8738065;27.5313363
вуліца Караткевіча;9;улица Короткевича;53.8738065;27.5313363
вуліца Караткевіча;6;улица Короткевича;53.8738065;27.5313363
вуліца Караткевіча;11;улица Короткевича;53.8738065;27.5313363
вуліца Караткевіча;8;улица Короткевича;53.8738065;27.5313363
вуліца Караткевіча;10;улица Короткевича;53.8738065;27.5313363
вуліца Караткевіча;4;улица Короткевича;53.8738065;27.5313363
вуліца Карбышава;46090;улица Карбышева;53.9539475;27.6294741
вуліца Карбышава;7 к2;улица Карбышева;53.9539475;27.6294741
вуліца Карбышава;13;улица Карбышева;53.9539475;27.6294741
вуліца Карбышава;46082;улица Карбышева;53.9539475;27.6294741
вуліца Карбышава;2;улица Карбышева;53.9539475;27.6294741
вуліца Карбышава;46143;улица Карбышева;53.9539475;27.6294741
вуліца Карбышава;1 к2;улица Карбышева;53.9539475;27.6294741
вуліца Карбышава;1;улица Карбышева;53.9539475;27.6294741
вуліца Карбышава;44;улица Карбышева;53.9539475;27.6294741
вуліца Карбышава;48;улица Карбышева;53.9539475;27.6294741
вуліца Карбышава;42;улица Карбышева;53.9539475;27.6294741
вуліца Карбышава;25А;улица Карбышева;53.9539475;27.6294741
вуліца Карбышава;42 к2;улица Карбышева;53.9539475;27.6294741
вуліца Карвата;18;улица Карвата;53.9117959;27.6709856
вуліца Карвата;34;улица Карвата;53.9117959;27.6709856
вуліца Карвата;74;улица Карвата;53.9117959;27.6709856
вуліца Карвата;78;улица Карвата;53.9117959;27.6709856
вуліца Карвата;83;улица Карвата;53.9117959;27.6709856
вуліца Карвата;79;улица Карвата;53.9117959;27.6709856
вуліца Карвата;99;улица Карвата;53.9117959;27.6709856
вуліца Карвата;31Г;улица Карвата;53.9117959;27.6709856
вуліца Карвата;73/3;улица Карвата;53.9117959;27.6709856
вуліца Карвата;88;улица Карвата;53.9117959;27.6709856
вуліца Карвата;46066;улица Карвата;53.9117959;27.6709856
вуліца Карвата;84Д;улица Карвата;53.9117959;27.6709856
вуліца Карвата;14;улица Карвата;53.9117959;27.6709856
вуліца Карвата;73 к6;улица Карвата;53.9117959;27.6709856
вуліца Карвата;87/2;улица Карвата;53.9117959;27.6709856
вуліца Карвата;73 к1;улица Карвата;53.9117959;27.6709856
вуліца Карвата;77;улица Карвата;53.9117959;27.6709856
вуліца Карвата;81;улица Карвата;53.9117959;27.6709856
вуліца Карвата;91;улица Карвата;53.9117959;27.6709856
вуліца Карвата;87/4;улица Карвата;53.9117959;27.6709856
вуліца Карвата;86А;улица Карвата;53.9117959;27.6709856
вуліца Карвата;86Б;улица Карвата;53.9117959;27.6709856
вуліца Карвата;87/1;улица Карвата;53.9117959;27.6709856
вуліца Карвата;6;улица Карвата;53.9117959;27.6709856
вуліца Каржа;11;улица Коржа;53.8932752;27.5223995
вуліца Каржа;9;улица Коржа;53.8932752;27.5223995
вуліца Каржа;12;улица Коржа;53.8932752;27.5223995
вуліца Каржа;2;улица Коржа;53.8932752;27.5223995
вуліца Каржа;20;улица Коржа;53.8932752;27.5223995
вуліца Каржа;11А;улица Коржа;53.8932752;27.5223995
вуліца Каржа;3;улица Коржа;53.8932752;27.5223995
вуліца Каржа;1;улица Коржа;53.8932752;27.5223995
вуліца Каржанеўскага;18А;улица Корженевского;53.8444981;27.5051216
вуліца Каржанеўскага;45;улица Корженевского;53.8444981;27.5051216
вуліца Каржанеўскага;10А;улица Корженевского;53.8444981;27.5051216
вуліца Каржанеўскага;51;улица Корженевского;53.8444981;27.5051216
вуліца Каржанеўскага;18;улица Корженевского;53.8444981;27.5051216
вуліца Каржанеўскага;12;улица Корженевского;53.8444981;27.5051216
вуліца Каржанеўскага;33 к1;улица Корженевского;53.8444981;27.5051216
вуліца Каржанеўскага;23А;улица Корженевского;53.8444981;27.5051216
вуліца Каржанеўскага;2;улица Корженевского;53.8444981;27.5051216
вуліца Каржанеўскага;45/1;улица Корженевского;53.8444981;27.5051216
вуліца Каржанеўскага;4А;улица Корженевского;53.8444981;27.5051216
вуліца Каржанеўскага;4;улица Корженевского;53.8444981;27.5051216
вуліца Каржанеўскага;16;улица Корженевского;53.8444981;27.5051216
вуліца Каржанеўскага;18Б;улица Корженевского;53.8444981;27.5051216
вуліца Каржанеўскага;14В;улица Корженевского;53.8444981;27.5051216
вуліца Каржанеўскага;22Б;улица Корженевского;53.8444981;27.5051216
вуліца Каржанеўскага;22;улица Корженевского;53.8444981;27.5051216
вуліца Каржанеўскага;20;улица Корженевского;53.8444981;27.5051216
вуліца Каржанеўскага;18Б к5;улица Корженевского;53.8444981;27.5051216
вуліца Каржанеўскага;16А;улица Корженевского;53.8444981;27.5051216
вуліца Каржанеўскага;46311;улица Корженевского;53.8444981;27.5051216
вуліца Каржанеўскага;14;улица Корженевского;53.8444981;27.5051216
вуліца Каржанеўскага;20В;улица Корженевского;53.8444981;27.5051216
вуліца Каржанеўскага;39;улица Корженевского;53.8444981;27.5051216
вуліца Каржанеўскага;51А;улица Корженевского;53.8444981;27.5051216
вуліца Каржанеўскага;26;улица Корженевского;53.8444981;27.5051216
вуліца Каржанеўскага;41;улица Корженевского;53.8444981;27.5051216
вуліца Каржанеўскага;16Ж;улица Корженевского;53.8444981;27.5051216
вуліца Каржанеўскага;20Г;улица Корженевского;53.8444981;27.5051216
вуліца Каржанеўскага;22А;улица Корженевского;53.8444981;27.5051216
вуліца Каржанеўскага;14 к4;улица Корженевского;53.8444981;27.5051216
вуліца Карзюкі;12;улица Корзюки;53.8396981;27.6164358
вуліца Карзюкі;42;улица Корзюки;53.8396981;27.6164358
вуліца Карзюкі;44;улица Корзюки;53.8396981;27.6164358
вуліца Карла Лібкнехта;122;улица Карла Либкнехта;53.8927543;27.511547
вуліца Карла Лібкнехта;81;улица Карла Либкнехта;53.8927543;27.511547
вуліца Карла Лібкнехта;84 к1;улица Карла Либкнехта;53.8927543;27.511547
вуліца Карла Лібкнехта;75;улица Карла Либкнехта;53.8927543;27.511547
вуліца Карла Лібкнехта;108;улица Карла Либкнехта;53.8927543;27.511547
вуліца Карла Лібкнехта;128А;улица Карла Либкнехта;53.8927543;27.511547
вуліца Карла Лібкнехта;110;улица Карла Либкнехта;53.8927543;27.511547
вуліца Карла Лібкнехта;94;улица Карла Либкнехта;53.8927543;27.511547
вуліца Карла Лібкнехта;79;улица Карла Либкнехта;53.8927543;27.511547
вуліца Карла Лібкнехта;51;улица Карла Либкнехта;53.8927543;27.511547
вуліца Карла Лібкнехта;70;улица Карла Либкнехта;53.8927543;27.511547
вуліца Карла Лібкнехта;77;улица Карла Либкнехта;53.8927543;27.511547
вуліца Карла Лібкнехта;118;улица Карла Либкнехта;53.8927543;27.511547
вуліца Карла Лібкнехта;68;улица Карла Либкнехта;53.8927543;27.511547
вуліца Карла Лібкнехта;73;улица Карла Либкнехта;53.8927543;27.511547
вуліца Карла Лібкнехта;66;улица Карла Либкнехта;53.8927543;27.511547
вуліца Карла Лібкнехта;68А;улица Карла Либкнехта;53.8927543;27.511547
вуліца Карла Лібкнехта;83А;улица Карла Либкнехта;53.8927543;27.511547
вуліца Карла Лібкнехта;111;улица Карла Либкнехта;53.8927543;27.511547
вуліца Карла Лібкнехта;102;улица Карла Либкнехта;53.8927543;27.511547
вуліца Карла Лібкнехта;54;улица Карла Либкнехта;53.8927543;27.511547
вуліца Карла Лібкнехта;45;улица Карла Либкнехта;53.8927543;27.511547
вуліца Карла Лібкнехта;70А;улица Карла Либкнехта;53.8927543;27.511547
вуліца Карла Лібкнехта;106А;улица Карла Либкнехта;53.8927543;27.511547
вуліца Карла Лібкнехта;133;улица Карла Либкнехта;53.8927543;27.511547
вуліца Карла Лібкнехта;127;улица Карла Либкнехта;53.8927543;27.511547
вуліца Карла Лібкнехта;129;улица Карла Либкнехта;53.8927543;27.511547
вуліца Карла Лібкнехта;135;улица Карла Либкнехта;53.8927543;27.511547
вуліца Карла Лібкнехта;126;улица Карла Либкнехта;53.8927543;27.511547
вуліца Карла Лібкнехта;88;улица Карла Либкнехта;53.8927543;27.511547
вуліца Карла Лібкнехта;90;улица Карла Либкнехта;53.8927543;27.511547
вуліца Карла Лібкнехта;49;улица Карла Либкнехта;53.8927543;27.511547
вуліца Карла Лібкнехта;43/5;улица Карла Либкнехта;53.8927543;27.511547
вуліца Карла Лібкнехта;43/1;улица Карла Либкнехта;53.8927543;27.511547
вуліца Карла Лібкнехта;43/6;улица Карла Либкнехта;53.8927543;27.511547
вуліца Карла Лібкнехта;66А;улица Карла Либкнехта;53.8927543;27.511547
вуліца Карла Лібкнехта;55а;улица Карла Либкнехта;53.8927543;27.511547
вуліца Карла Маркса;21;улица Карла Маркса;53.8973111;27.5561421
вуліца Карла Маркса;33;улица Карла Маркса;53.8973111;27.5561421
вуліца Карла Маркса;36;улица Карла Маркса;53.8973111;27.5561421
вуліца Карла Маркса;14;улица Карла Маркса;53.8973111;27.5561421
вуліца Карла Маркса;40;улица Карла Маркса;53.8973111;27.5561421
вуліца Карла Маркса;23;улица Карла Маркса;53.8973111;27.5561421
вуліца Карла Маркса;30;улица Карла Маркса;53.8973111;27.5561421
вуліца Карла Маркса;35;улица Карла Маркса;53.8973111;27.5561421
вуліца Карла Маркса;37А;улица Карла Маркса;53.8973111;27.5561421
вуліца Карла Маркса;45;улица Карла Маркса;53.8973111;27.5561421
вуліца Карла Маркса;37;улица Карла Маркса;53.8973111;27.5561421
вуліца Карла Маркса;6;улица Карла Маркса;53.8973111;27.5561421
вуліца Карла Маркса;25;улица Карла Маркса;53.8973111;27.5561421
вуліца Карла Маркса;41;улица Карла Маркса;53.8973111;27.5561421
вуліца Карла Маркса;2;улица Карла Маркса;53.8973111;27.5561421
вуліца Карла Маркса;7;улица Карла Маркса;53.8973111;27.5561421
вуліца Карла Маркса;8;улица Карла Маркса;53.8973111;27.5561421
вуліца Карла Маркса;50;улица Карла Маркса;53.8973111;27.5561421
вуліца Карла Маркса;5;улица Карла Маркса;53.8973111;27.5561421
вуліца Карла Маркса;39;улица Карла Маркса;53.8973111;27.5561421
вуліца Карла Маркса;21/15Н;улица Карла Маркса;53.8973111;27.5561421
вуліца Карла Маркса;21А;улица Карла Маркса;53.8973111;27.5561421
вуліца Карла Маркса;20;улица Карла Маркса;53.8973111;27.5561421
вуліца Карла Маркса;16;улица Карла Маркса;53.8973111;27.5561421
вуліца Карла Маркса;26;улица Карла Маркса;53.8973111;27.5561421
вуліца Карла Маркса;17;улица Карла Маркса;53.8973111;27.5561421
вуліца Карла Маркса;38;улица Карла Маркса;53.8973111;27.5561421
вуліца Карла Маркса;22;улица Карла Маркса;53.8973111;27.5561421
вуліца Карла Маркса;31;улица Карла Маркса;53.8973111;27.5561421
вуліца Карла Маркса;22А;улица Карла Маркса;53.8973111;27.5561421
вуліца Карла Маркса;18А;улица Карла Маркса;53.8973111;27.5561421
вуліца Карла Маркса;42;улица Карла Маркса;53.8973111;27.5561421
вуліца Карла Маркса;34А;улица Карла Маркса;53.8973111;27.5561421
вуліца Карла Маркса;34;улица Карла Маркса;53.8973111;27.5561421
вуліца Карла Маркса;32;улица Карла Маркса;53.8973111;27.5561421
вуліца Карла Маркса;18;улица Карла Маркса;53.8973111;27.5561421
вуліца Карпава;14;улица Карпова;53.8908747;27.5072466
вуліца Карпава;6;улица Карпова;53.8908747;27.5072466
вуліца Карпава;8;улица Карпова;53.8908747;27.5072466
вуліца Каруся Каганца;2;улица Каруся Каганца;53.8495817;27.5613643
вуліца Каруся Каганца;4;улица Каруся Каганца;53.8495817;27.5613643
вуліца Карыцкага;1;улица Корицкого;53.8707012;27.6258083
вуліца Карыцкага;2;улица Корицкого;53.8707012;27.6258083
вуліца Карыцкага;9;улица Корицкого;53.8707012;27.6258083
вуліца Карыцкага;10;улица Корицкого;53.8707012;27.6258083
вуліца Карыцкага;3;улица Корицкого;53.8707012;27.6258083
вуліца Карыцкага;124;улица Корицкого;53.8707012;27.6258083
вуліца Карыцкага;122;улица Корицкого;53.8707012;27.6258083
вуліца Касманаўтаў;50;улица Космонавтов;53.851983;27.4616932
вуліца Касманаўтаў;3 к3;улица Космонавтов;53.851983;27.4616932
вуліца Касманаўтаў;3 к2;улица Космонавтов;53.851983;27.4616932
вуліца Касманаўтаў;3 к6;улица Космонавтов;53.851983;27.4616932
вуліца Касманаўтаў;3 к1;улица Космонавтов;53.851983;27.4616932
вуліца Касманаўтаў;29;улица Космонавтов;53.851983;27.4616932
вуліца Касманаўтаў;28;улица Космонавтов;53.851983;27.4616932
вуліца Касманаўтаў;22;улица Космонавтов;53.851983;27.4616932
вуліца Касманаўтаў;5А;улица Космонавтов;53.851983;27.4616932
вуліца Касманаўтаў;4;улица Космонавтов;53.851983;27.4616932
вуліца Касманаўтаў;8;улица Космонавтов;53.851983;27.4616932
вуліца Касманаўтаў;14;улица Космонавтов;53.851983;27.4616932
вуліца Касманаўтаў;16;улица Космонавтов;53.851983;27.4616932
вуліца Касманаўтаў;6;улица Космонавтов;53.851983;27.4616932
вуліца Касманаўтаў;3;улица Космонавтов;53.851983;27.4616932
вуліца Касманаўтаў;18;улица Космонавтов;53.851983;27.4616932
вуліца Касманаўтаў;20;улица Космонавтов;53.851983;27.4616932
вуліца Катоўскага;15;улица Котовского;53.8727179;27.6555401
вуліца Катоўскага;27;улица Котовского;53.8727179;27.6555401
вуліца Катоўскага;29;улица Котовского;53.8727179;27.6555401
вуліца Катоўскага;2А;улица Котовского;53.8727179;27.6555401
вуліца Катоўскага;9Б;улица Котовского;53.8727179;27.6555401
вуліца Кедышкі;8А;улица Кедышко;53.9351277;27.6359008
вуліца Кедышкі;2;улица Кедышко;53.9351277;27.6359008
вуліца Кедышкі;10;улица Кедышко;53.9351277;27.6359008
вуліца Кедышкі;14;улица Кедышко;53.9351277;27.6359008
вуліца Кедышкі;12;улица Кедышко;53.9351277;27.6359008
вуліца Кедышкі;10А;улица Кедышко;53.9351277;27.6359008
вуліца Кедышкі;47;улица Кедышко;53.9351277;27.6359008
вуліца Кедышкі;19А;улица Кедышко;53.9351277;27.6359008
вуліца Кедышкі;13А;улица Кедышко;53.9351277;27.6359008
вуліца Кедышкі;19;улица Кедышко;53.9351277;27.6359008
вуліца Кедышкі;14Б;улица Кедышко;53.9351277;27.6359008
вуліца Кедышкі;12Б;улица Кедышко;53.9351277;27.6359008
вуліца Кедышкі;11;улица Кедышко;53.9351277;27.6359008
вуліца Кедышкі;23А;улица Кедышко;53.9351277;27.6359008
вуліца Кедышкі;6;улица Кедышко;53.9351277;27.6359008
вуліца Кедышкі;14Б/1;улица Кедышко;53.9351277;27.6359008
вуліца Кірава;4;улица Кирова;53.8937796;27.5526652
вуліца Кірава;6;улица Кирова;53.8937796;27.5526652
вуліца Кірава;3;улица Кирова;53.8937796;27.5526652
вуліца Кірава;23;улица Кирова;53.8937796;27.5526652
вуліца Кірава;16;улица Кирова;53.8937796;27.5526652
вуліца Кірава;28;улица Кирова;53.8937796;27.5526652
вуліца Кірава;11;улица Кирова;53.8937796;27.5526652
вуліца Кірава;15;улица Кирова;53.8937796;27.5526652
вуліца Кірава;1;улица Кирова;53.8937796;27.5526652
вуліца Кірава;18;улица Кирова;53.8937796;27.5526652
вуліца Кірава;2;улица Кирова;53.8937796;27.5526652
вуліца Кірава;29;улица Кирова;53.8937796;27.5526652
вуліца Кірава;31;улица Кирова;53.8937796;27.5526652
вуліца Кірава;8;улица Кирова;53.8937796;27.5526652
вуліца Кірава;51;улица Кирова;53.8937796;27.5526652
вуліца Кірава;33;улица Кирова;53.8937796;27.5526652
вуліца Кірава;19;улица Кирова;53.8937796;27.5526652
вуліца Кірава;5;улица Кирова;53.8937796;27.5526652
вуліца Кірава;27;улица Кирова;53.8937796;27.5526652
вуліца Кірава;47;улица Кирова;53.8937796;27.5526652
вуліца Кірава;45;улица Кирова;53.8937796;27.5526652
вуліца Кірава;7;улица Кирова;53.8937796;27.5526652
вуліца Кірава;46181;улица Кирова;53.8937796;27.5526652
вуліца Кірава;49;улица Кирова;53.8937796;27.5526652
вуліца Кірава;8к4;улица Кирова;53.8937796;27.5526652
вуліца Кірава;26;улица Кирова;53.8937796;27.5526652
вуліца Кірава;43;улица Кирова;53.8937796;27.5526652
вуліца Кірава;25;улица Кирова;53.8937796;27.5526652
вуліца Кірава;8 к1;улица Кирова;53.8937796;27.5526652
вуліца Кірава;14;улица Кирова;53.8937796;27.5526652
вуліца Кірава;8 к6;улица Кирова;53.8937796;27.5526652
вуліца Кірава;21;улица Кирова;53.8937796;27.5526652
вуліца Кірунікава;7;улица Кирюникова;53.82569;27.4493541
вуліца Кірунікава;15;улица Кирюникова;53.82569;27.4493541
вуліца Кірунікава;21;улица Кирюникова;53.82569;27.4493541
вуліца Кірунікава;28А;улица Кирюникова;53.82569;27.4493541
вуліца Кірунікава;12;улица Кирюникова;53.82569;27.4493541
вуліца Кірунікава;16;улица Кирюникова;53.82569;27.4493541
вуліца Кірунікава;18;улица Кирюникова;53.82569;27.4493541
вуліца Кірунікава;8;улица Кирюникова;53.82569;27.4493541
вуліца Кірунікава;19;улица Кирюникова;53.82569;27.4493541
вуліца Кірунікава;4;улица Кирюникова;53.82569;27.4493541
вуліца Кірунікава;3;улица Кирюникова;53.82569;27.4493541
вуліца Кірунікава;10А;улица Кирюникова;53.82569;27.4493541
вуліца Кірунікава;14;улица Кирюникова;53.82569;27.4493541
вуліца Кірунікава;20;улица Кирюникова;53.82569;27.4493541
вуліца Кірунікава;20А;улица Кирюникова;53.82569;27.4493541
вуліца Кірунікава;22;улица Кирюникова;53.82569;27.4493541
вуліца Кірунікава;22А;улица Кирюникова;53.82569;27.4493541
вуліца Кірунікава;24;улица Кирюникова;53.82569;27.4493541
вуліца Кірунікава;26;улица Кирюникова;53.82569;27.4493541
вуліца Кірунікава;28;улица Кирюникова;53.82569;27.4493541
вуліца Кірунікава;30;улица Кирюникова;53.82569;27.4493541
вуліца Кірунікава;32;улица Кирюникова;53.82569;27.4493541
вуліца Кірунікава;34;улица Кирюникова;53.82569;27.4493541
вуліца Кірунікава;32А;улица Кирюникова;53.82569;27.4493541
вуліца Кірылы і Мяфодзія;4;улица Кирилла и Мефодия;53.9054431;27.5568888
вуліца Кірылы і Мяфодзія;3;улица Кирилла и Мефодия;53.9054431;27.5568888
вуліца Кірылы і Мяфодзія;8;улица Кирилла и Мефодия;53.9054431;27.5568888
вуліца Кірылы і Мяфодзія;6;улица Кирилла и Мефодия;53.9054431;27.5568888
вуліца Кірылы і Мяфодзія;8Д;улица Кирилла и Мефодия;53.9054431;27.5568888
вуліца Кірылы і Мяфодзія;8В;улица Кирилла и Мефодия;53.9054431;27.5568888
вуліца Кірылы і Мяфодзія;8Г;улица Кирилла и Мефодия;53.9054431;27.5568888
вуліца Кірылы і Мяфодзія;8Е;улица Кирилла и Мефодия;53.9054431;27.5568888
вуліца Кірылы і Мяфодзія;8Б;улица Кирилла и Мефодия;53.9054431;27.5568888
вуліца Кірылы і Мяфодзія;8А;улица Кирилла и Мефодия;53.9054431;27.5568888
вуліца Кірылы і Мяфодзія;5;улица Кирилла и Мефодия;53.9054431;27.5568888
вуліца Кірылы Тураўскага;18;улица Кирила Туровского;53.9301769;27.6556938
вуліца Кірылы Тураўскага;24;улица Кирила Туровского;53.9301769;27.6556938
вуліца Кірылы Тураўскага;16;улица Кирила Туровского;53.9301769;27.6556938
вуліца Кірылы Тураўскага;12;улица Кирила Туровского;53.9301769;27.6556938
вуліца Кірылы Тураўскага;15;улица Кирила Туровского;53.9301769;27.6556938
вуліца Кірылы Тураўскага;6;улица Кирила Туровского;53.9301769;27.6556938
вуліца Кірылы Тураўскага;4;улица Кирила Туровского;53.9301769;27.6556938
вуліца Кірылы Тураўскага;2;улица Кирила Туровского;53.9301769;27.6556938
вуліца Кірылы Тураўскага;3;улица Кирила Туровского;53.9301769;27.6556938
вуліца Кірэенкі;7;улица Киреенко;53.8939742;27.4747915
вуліца Кісялёва;3;улица Киселёва;53.911174;27.5715718
вуліца Кісялёва;4;улица Киселёва;53.911174;27.5715718
вуліца Кісялёва;7;улица Киселёва;53.911174;27.5715718
вуліца Кісялёва;11;улица Киселёва;53.911174;27.5715718
вуліца Кісялёва;55;улица Киселёва;53.911174;27.5715718
вуліца Кісялёва;2;улица Киселёва;53.911174;27.5715718
вуліца Кісялёва;1;улица Киселёва;53.911174;27.5715718
вуліца Кісялёва;13;улица Киселёва;53.911174;27.5715718
вуліца Кісялёва;15;улица Киселёва;53.911174;27.5715718
вуліца Кісялёва;14;улица Киселёва;53.911174;27.5715718
вуліца Кісялёва;16;улица Киселёва;53.911174;27.5715718
вуліца Кісялёва;23;улица Киселёва;53.911174;27.5715718
вуліца Кісялёва;53;улица Киселёва;53.911174;27.5715718
вуліца Кісялёва;51;улица Киселёва;53.911174;27.5715718
вуліца Кісялёва;20;улица Киселёва;53.911174;27.5715718
вуліца Кісялёва;28;улица Киселёва;53.911174;27.5715718
вуліца Кісялёва;61;улица Киселёва;53.911174;27.5715718
вуліца Кісялёва;12;улица Киселёва;53.911174;27.5715718
вуліца Кісялёва;12а;улица Киселёва;53.911174;27.5715718
вуліца Кісялёва;39;улица Киселёва;53.911174;27.5715718
вуліца Кісялёва;21;улица Киселёва;53.911174;27.5715718
вуліца Кісялёва;46233;улица Киселёва;53.911174;27.5715718
вуліца Кісялёва;24;улица Киселёва;53.911174;27.5715718
вуліца Кісялёва;26А;улица Киселёва;53.911174;27.5715718
вуліца Кісялёва;26;улица Киселёва;53.911174;27.5715718
вуліца Кісялёва;46142;улица Киселёва;53.911174;27.5715718
вуліца Кісялёва;32;улица Киселёва;53.911174;27.5715718
вуліца Кісялёва;46295;улица Киселёва;53.911174;27.5715718
вуліца Кісялёва;30;улица Киселёва;53.911174;27.5715718
вуліца Кісялёва;42 к2;улица Киселёва;53.911174;27.5715718
вуліца Кісялёва;40;улица Киселёва;53.911174;27.5715718
вуліца Кісялёва;42;улица Киселёва;53.911174;27.5715718
вуліца Кісялёва;34;улица Киселёва;53.911174;27.5715718
вуліца Кісялёва;36;улица Киселёва;53.911174;27.5715718
вуліца Кісялёва;41;улица Киселёва;53.911174;27.5715718
вуліца Кісялёва;38;улица Киселёва;53.911174;27.5715718
вуліца Кісялёва;67А;улица Киселёва;53.911174;27.5715718
вуліца Кісялёва;61A;улица Киселёва;53.911174;27.5715718
вуліца Клары Цэткін;18;улица Клары Цеткин;53.8934206;27.541184
вуліца Клары Цэткін;35;улица Клары Цеткин;53.8934206;27.541184
вуліца Клары Цэткін;20;улица Клары Цеткин;53.8934206;27.541184
вуліца Клары Цэткін;18 к4;улица Клары Цеткин;53.8934206;27.541184
вуліца Клары Цэткін;2;улица Клары Цеткин;53.8934206;27.541184
вуліца Клары Цэткін;16;улица Клары Цеткин;53.8934206;27.541184
вуліца Клары Цэткін;51;улица Клары Цеткин;53.8934206;27.541184
вуліца Клары Цэткін;24;улица Клары Цеткин;53.8934206;27.541184
вуліца Клумава;3;улица Клумова;53.8917053;27.604806
вуліца Клумава;21;улица Клумова;53.8917053;27.604806
вуліца Кнорына;16;улица Кнорина;53.9422533;27.6192865
вуліца Кнорына;15;улица Кнорина;53.9422533;27.6192865
вуліца Кнорына;5;улица Кнорина;53.9422533;27.6192865
вуліца Кнорына;6Б;улица Кнорина;53.9422533;27.6192865
вуліца Кнорына;50/27;улица Кнорина;53.9422533;27.6192865
вуліца Кнорына;1;улица Кнорина;53.9422533;27.6192865
вуліца Кнорына;50А;улица Кнорина;53.9422533;27.6192865
вуліца Кнорына;55;улица Кнорина;53.9422533;27.6192865
вуліца Кнорына;11;улица Кнорина;53.9422533;27.6192865
вуліца Кнорына;50/22;улица Кнорина;53.9422533;27.6192865
вуліца Кнорына;10;улица Кнорина;53.9422533;27.6192865
вуліца Кнорына;50/24;улица Кнорина;53.9422533;27.6192865
вуліца Кнорына;50/26;улица Кнорина;53.9422533;27.6192865
вуліца Кнорына;46;улица Кнорина;53.9422533;27.6192865
вуліца Кнорына;50к17;улица Кнорина;53.9422533;27.6192865
вуліца Кнорына;50к25;улица Кнорина;53.9422533;27.6192865
вуліца Кнорына;4;улица Кнорина;53.9422533;27.6192865
вуліца Кнорына;54;улица Кнорина;53.9422533;27.6192865
вуліца Кнорына;59;улица Кнорина;53.9422533;27.6192865
вуліца Корш-Сабліна;32;улица Корш-Саблина;53.9355655;27.5943178
вуліца Корш-Сабліна;24;улица Корш-Саблина;53.9355655;27.5943178
вуліца Корш-Сабліна;3;улица Корш-Саблина;53.9355655;27.5943178
вуліца Корш-Сабліна;74;улица Корш-Саблина;53.9355655;27.5943178
вуліца Корш-Сабліна;40;улица Корш-Саблина;53.9355655;27.5943178
вуліца Корш-Сабліна;36;улица Корш-Саблина;53.9355655;27.5943178
вуліца Корш-Сабліна;33;улица Корш-Саблина;53.9355655;27.5943178
вуліца Корш-Сабліна;35;улица Корш-Саблина;53.9355655;27.5943178
вуліца Корш-Сабліна;27;улица Корш-Саблина;53.9355655;27.5943178
вуліца Корш-Сабліна;37;улица Корш-Саблина;53.9355655;27.5943178
вуліца Корш-Сабліна;8;улица Корш-Саблина;53.9355655;27.5943178
вуліца Корш-Сабліна;29;улица Корш-Саблина;53.9355655;27.5943178
вуліца Корш-Сабліна;23;улица Корш-Саблина;53.9355655;27.5943178
вуліца Корш-Сабліна;11;улица Корш-Саблина;53.9355655;27.5943178
вуліца Корш-Сабліна;34;улица Корш-Саблина;53.9355655;27.5943178
вуліца Корш-Сабліна;38;улица Корш-Саблина;53.9355655;27.5943178
вуліца Корш-Сабліна;6А;улица Корш-Саблина;53.9355655;27.5943178
вуліца Крапоткіна;31;улица Кропоткина;53.9231612;27.5597886
вуліца Крапоткіна;44;улица Кропоткина;53.9231612;27.5597886
вуліца Крапоткіна;91A;улица Кропоткина;53.9231612;27.5597886
вуліца Крапоткіна;53;улица Кропоткина;53.9231612;27.5597886
вуліца Крапоткіна;89;улица Кропоткина;53.9231612;27.5597886
вуліца Крапоткіна;54;улица Кропоткина;53.9231612;27.5597886
вуліца Крапоткіна;93А;улица Кропоткина;53.9231612;27.5597886
вуліца Крапоткіна;91;улица Кропоткина;53.9231612;27.5597886
вуліца Крапоткіна;55;улица Кропоткина;53.9231612;27.5597886
вуліца Крапоткіна;51;улица Кропоткина;53.9231612;27.5597886
вуліца Крапоткіна;43;улица Кропоткина;53.9231612;27.5597886
вуліца Крапоткіна;97Б;улица Кропоткина;53.9231612;27.5597886
вуліца Крапоткіна;76 к10;улица Кропоткина;53.9231612;27.5597886
вуліца Крапоткіна;76/18;улица Кропоткина;53.9231612;27.5597886
вуліца Крапоткіна;76/12;улица Кропоткина;53.9231612;27.5597886
вуліца Крапоткіна;76А;улица Кропоткина;53.9231612;27.5597886
вуліца Крапоткіна;76/17;улица Кропоткина;53.9231612;27.5597886
вуліца Крапоткіна;76/16;улица Кропоткина;53.9231612;27.5597886
вуліца Крапоткіна;76/13;улица Кропоткина;53.9231612;27.5597886
вуліца Крапоткіна;76 к3;улица Кропоткина;53.9231612;27.5597886
вуліца Крапоткіна;22;улица Кропоткина;53.9231612;27.5597886
вуліца Крапоткіна;110А;улица Кропоткина;53.9231612;27.5597886
вуліца Крапоткіна;76Б;улица Кропоткина;53.9231612;27.5597886
вуліца Крапоткіна;97А;улица Кропоткина;53.9231612;27.5597886
вуліца Крупскай;21;улица Крупской;53.8568412;27.6301645
вуліца Крупскай;6 к1;улица Крупской;53.8568412;27.6301645
вуліца Крупскай;8 к1;улица Крупской;53.8568412;27.6301645
вуліца Крупскай;46028;улица Крупской;53.8568412;27.6301645
вуліца Крупскай;1А;улица Крупской;53.8568412;27.6301645
вуліца Крупскай;1;улица Крупской;53.8568412;27.6301645
вуліца Крупскай;46023;улица Крупской;53.8568412;27.6301645
вуліца Крупскай;46082;улица Крупской;53.8568412;27.6301645
вуліца Крупскай;46054;улица Крупской;53.8568412;27.6301645
вуліца Крыловіча;1;улица Крыловича;53.9437146;27.5930302
вуліца Крыловіча;2;улица Крыловича;53.9437146;27.5930302
вуліца Крыловіча;5;улица Крыловича;53.9437146;27.5930302
вуліца Крыловіча;6;улица Крыловича;53.9437146;27.5930302
вуліца Крыловіча;16;улица Крыловича;53.9437146;27.5930302
вуліца Крыловіча;30;улица Крыловича;53.9437146;27.5930302
вуліца Кузьмы Мініна;23;улица Кузьмы Минина;53.874119;27.5112287
вуліца Кузьмы Мініна;21 к1;улица Кузьмы Минина;53.874119;27.5112287
вуліца Кузьмы Мініна;2;улица Кузьмы Минина;53.874119;27.5112287
вуліца Кузьмы Мініна;4;улица Кузьмы Минина;53.874119;27.5112287
вуліца Кузьмы Мініна;20;улица Кузьмы Минина;53.874119;27.5112287
вуліца Кузьмы Мініна;23А;улица Кузьмы Минина;53.874119;27.5112287
вуліца Кузьмы Чорнага;31;улица Кузьмы Черного;53.927197;27.6054176
вуліца Кузьмы Чорнага;18;улица Кузьмы Черного;53.927197;27.6054176
вуліца Кузьмы Чорнага;12;улица Кузьмы Черного;53.927197;27.6054176
вуліца Кузьмы Чорнага;20;улица Кузьмы Черного;53.927197;27.6054176
вуліца Кузьмы Чорнага;5А;улица Кузьмы Черного;53.927197;27.6054176
вуліца Кузьмы Чорнага;32;улица Кузьмы Черного;53.927197;27.6054176
вуліца Кузьмы Чорнага;12А;улица Кузьмы Черного;53.927197;27.6054176
вуліца Кузьмы Чорнага;25;улица Кузьмы Черного;53.927197;27.6054176
вуліца Кузьмы Чорнага;22;улица Кузьмы Черного;53.927197;27.6054176
вуліца Кузьмы Чорнага;1;улица Кузьмы Черного;53.927197;27.6054176
вуліца Кузьмы Чорнага;34;улица Кузьмы Черного;53.927197;27.6054176
вуліца Кузьмы Чорнага;5;улица Кузьмы Черного;53.927197;27.6054176
вуліца Кузьмы Чорнага;9Б;улица Кузьмы Черного;53.927197;27.6054176
вуліца Кузьмы Чорнага;9;улица Кузьмы Черного;53.927197;27.6054176
вуліца Куйбышава;16;улица Куйбышева;53.9205701;27.5766583
вуліца Куйбышава;38;улица Куйбышева;53.9205701;27.5766583
вуліца Куйбышава;10;улица Куйбышева;53.9205701;27.5766583
вуліца Куйбышава;75;улица Куйбышева;53.9205701;27.5766583
вуліца Куйбышава;40;улица Куйбышева;53.9205701;27.5766583
вуліца Куйбышава;31;улица Куйбышева;53.9205701;27.5766583
вуліца Куйбышава;69;улица Куйбышева;53.9205701;27.5766583
вуліца Куйбышава;24;улица Куйбышева;53.9205701;27.5766583
вуліца Куйбышава;44;улица Куйбышева;53.9205701;27.5766583
вуліца Куйбышава;57;улица Куйбышева;53.9205701;27.5766583
вуліца Куйбышава;12;улица Куйбышева;53.9205701;27.5766583
вуліца Куйбышава;46А;улица Куйбышева;53.9205701;27.5766583
вуліца Куйбышава;42;улица Куйбышева;53.9205701;27.5766583
вуліца Куйбышава;61;улица Куйбышева;53.9205701;27.5766583
вуліца Куйбышава;18;улица Куйбышева;53.9205701;27.5766583
вуліца Куйбышава;33;улица Куйбышева;53.9205701;27.5766583
вуліца Куйбышава;23;улица Куйбышева;53.9205701;27.5766583
вуліца Куйбышава;21;улица Куйбышева;53.9205701;27.5766583
вуліца Куйбышава;17;улица Куйбышева;53.9205701;27.5766583
вуліца Куйбышава;45;улица Куйбышева;53.9205701;27.5766583
вуліца Куйбышава;50;улица Куйбышева;53.9205701;27.5766583
вуліца Куйбышава;22;улица Куйбышева;53.9205701;27.5766583
вуліца Куйбышава;93;улица Куйбышева;53.9205701;27.5766583
вуліца Куйбышава;65;улица Куйбышева;53.9205701;27.5766583
вуліца Куйбышава;14;улица Куйбышева;53.9205701;27.5766583
вуліца Куйбышава;35;улица Куйбышева;53.9205701;27.5766583
вуліца Куйбышава;97;улица Куйбышева;53.9205701;27.5766583
вуліца Куйбышава;91;улица Куйбышева;53.9205701;27.5766583
вуліца Куйбышава;101;улица Куйбышева;53.9205701;27.5766583
вуліца Куйбышава;48;улица Куйбышева;53.9205701;27.5766583
вуліца Куйбышава;41;улица Куйбышева;53.9205701;27.5766583
вуліца Кулібіна;18;улица Кулибина;53.8809702;27.4956157
вуліца Кулібіна;24;улица Кулибина;53.8809702;27.4956157
вуліца Кулібіна;28;улица Кулибина;53.8809702;27.4956157
вуліца Кулібіна;26;улица Кулибина;53.8809702;27.4956157
вуліца Кулібіна;20;улица Кулибина;53.8809702;27.4956157
вуліца Кулібіна;4;улица Кулибина;53.8809702;27.4956157
вуліца Кулібіна;22;улица Кулибина;53.8809702;27.4956157
вуліца Кулібіна;10;улица Кулибина;53.8809702;27.4956157
вуліца Кулібіна;2;улица Кулибина;53.8809702;27.4956157
вуліца Кулібіна;6;улица Кулибина;53.8809702;27.4956157
вуліца Кулібіна;30;улица Кулибина;53.8809702;27.4956157
вуліца Кулібіна;14;улица Кулибина;53.8809702;27.4956157
вуліца Кулібіна;16;улица Кулибина;53.8809702;27.4956157
вуліца Кульман;37;улица Кульман;53.9208684;27.5815254
вуліца Кульман;11;улица Кульман;53.9208684;27.5815254
вуліца Кульман;33А;улица Кульман;53.9208684;27.5815254
вуліца Кульман;4;улица Кульман;53.9208684;27.5815254
вуліца Кульман;22;улица Кульман;53.9208684;27.5815254
вуліца Кульман;3;улица Кульман;53.9208684;27.5815254
вуліца Кульман;9;улица Кульман;53.9208684;27.5815254
вуліца Кульман;14;улица Кульман;53.9208684;27.5815254
вуліца Кульман;3 оф317В;улица Кульман;53.9208684;27.5815254
вуліца Кульман;15;улица Кульман;53.9208684;27.5815254
вуліца Кульман;42309;улица Кульман;53.9208684;27.5815254
вуліца Кульман;38;улица Кульман;53.9208684;27.5815254
вуліца Кульман;31;улица Кульман;53.9208684;27.5815254
вуліца Кульман;13;улица Кульман;53.9208684;27.5815254
вуліца Кульман;1;улица Кульман;53.9208684;27.5815254
вуліца Кульман;2;улица Кульман;53.9208684;27.5815254
вуліца Кульман;21Б;улица Кульман;53.9208684;27.5815254
вуліца Кульман;21А;улица Кульман;53.9208684;27.5815254
вуліца Кульман;35;улица Кульман;53.9208684;27.5815254
вуліца Кульман;5Б;улица Кульман;53.9208684;27.5815254
вуліца Кульман;20А;улица Кульман;53.9208684;27.5815254
вуліца Куляшова;12;улица Кулешова;53.8628482;27.6243701
вуліца Куляшова;17;улица Кулешова;53.8628482;27.6243701
вуліца Куляшова;15;улица Кулешова;53.8628482;27.6243701
вуліца Куляшова;49;улица Кулешова;53.8628482;27.6243701
вуліца Куляшова;18;улица Кулешова;53.8628482;27.6243701
вуліца Куляшова;14;улица Кулешова;53.8628482;27.6243701
вуліца Куляшова;22;улица Кулешова;53.8628482;27.6243701
вуліца Куляшова;24;улица Кулешова;53.8628482;27.6243701
вуліца Куляшова;44;улица Кулешова;53.8628482;27.6243701
вуліца Куляшова;42;улица Кулешова;53.8628482;27.6243701
вуліца Куляшова;32;улица Кулешова;53.8628482;27.6243701
вуліца Куляшова;40;улица Кулешова;53.8628482;27.6243701
вуліца Куляшова;36;улица Кулешова;53.8628482;27.6243701
вуліца Куляшова;34;улица Кулешова;53.8628482;27.6243701
вуліца Куляшова;30;улица Кулешова;53.8628482;27.6243701
вуліца Куляшова;38;улица Кулешова;53.8628482;27.6243701
вуліца Кунцаўшчына;37;улица Кунцевщина;53.9157141;27.4369904
вуліца Кунцаўшчына;19;улица Кунцевщина;53.9157141;27.4369904
вуліца Кунцаўшчына;27;улица Кунцевщина;53.9157141;27.4369904
вуліца Кунцаўшчына;2А;улица Кунцевщина;53.9157141;27.4369904
вуліца Кунцаўшчына;35;улица Кунцевщина;53.9157141;27.4369904
вуліца Кунцаўшчына;15;улица Кунцевщина;53.9157141;27.4369904
вуліца Кунцаўшчына;26;улица Кунцевщина;53.9157141;27.4369904
вуліца Кунцаўшчына;8;улица Кунцевщина;53.9157141;27.4369904
вуліца Кунцаўшчына;13;улица Кунцевщина;53.9157141;27.4369904
вуліца Кунцаўшчына;10;улица Кунцевщина;53.9157141;27.4369904
вуліца Кунцаўшчына;28;улица Кунцевщина;53.9157141;27.4369904
вуліца Купрыянава;2А;улица Куприянова;53.8986231;27.5189375
вуліца Купрыянава;1;улица Куприянова;53.8986231;27.5189375
вуліца Купрыянава;1А;улица Куприянова;53.8986231;27.5189375
вуліца Купрыянава;8;улица Куприянова;53.8986231;27.5189375
вуліца Курчатава;1;улица Академика Курчатова;53.8386342;27.4739323
вуліца Курчатава;10;улица Академика Курчатова;53.8386342;27.4739323
вуліца Курчатава;8;улица Академика Курчатова;53.8386342;27.4739323
вуліца Курчатава;6;улица Академика Курчатова;53.8386342;27.4739323
вуліца Курчатава;5;улица Академика Курчатова;53.8386342;27.4739323
вуліца Кутузава;15;улица Кутузова;53.9355071;27.6295945
вуліца Кутузава;2;улица Кутузова;53.9355071;27.6295945
вуліца Кутузава;1;улица Кутузова;53.9355071;27.6295945
вуліца Лабанка;107;улица Лобанка;53.8915497;27.4282758
вуліца Лабанка;109;улица Лобанка;53.8915497;27.4282758
вуліца Лабанка;93;улица Лобанка;53.8915497;27.4282758
вуліца Лабанка;94;улица Лобанка;53.8915497;27.4282758
вуліца Лабанка;22;улица Лобанка;53.8915497;27.4282758
вуліца Лабанка;77;улица Лобанка;53.8915497;27.4282758
вуліца Лабанка;14;улица Лобанка;53.8915497;27.4282758
вуліца Лабанка;26;улица Лобанка;53.8915497;27.4282758
вуліца Лабанка;4;улица Лобанка;53.8915497;27.4282758
вуліца Лабанка;81;улица Лобанка;53.8915497;27.4282758
вуліца Лабанка;79;улица Лобанка;53.8915497;27.4282758
вуліца Лабанка;58;улица Лобанка;53.8915497;27.4282758
вуліца Лабанка;50;улица Лобанка;53.8915497;27.4282758
вуліца Лабанка;1;улица Лобанка;53.8915497;27.4282758
вуліца Лабанка;105;улица Лобанка;53.8915497;27.4282758
вуліца Лабанка;86;улица Лобанка;53.8915497;27.4282758
вуліца Лабанка;13;улица Лобанка;53.8915497;27.4282758
вуліца Лабанка;7;улица Лобанка;53.8915497;27.4282758
вуліца Лабанка;11А;улица Лобанка;53.8915497;27.4282758
вуліца Лабанка;101;улица Лобанка;53.8915497;27.4282758
вуліца Лабанка;95;улица Лобанка;53.8915497;27.4282758
вуліца Лабанка;9 к2;улица Лобанка;53.8915497;27.4282758
вуліца Лабанка;9 к1;улица Лобанка;53.8915497;27.4282758
вуліца Лабанка;9 к3;улица Лобанка;53.8915497;27.4282758
вуліца Лабанка;11;улица Лобанка;53.8915497;27.4282758
вуліца Лабанка;13 к1;улица Лобанка;53.8915497;27.4282758
вуліца Лабанка;15;улица Лобанка;53.8915497;27.4282758
вуліца Лабанка;13 к2;улица Лобанка;53.8915497;27.4282758
вуліца Лабанка;19;улица Лобанка;53.8915497;27.4282758
вуліца Лабанка;17;улица Лобанка;53.8915497;27.4282758
вуліца Лабанка;18;улица Лобанка;53.8915497;27.4282758
вуліца Лабанка;20;улица Лобанка;53.8915497;27.4282758
вуліца Лабанка;60;улица Лобанка;53.8915497;27.4282758
вуліца Лабанка;28 к2;улица Лобанка;53.8915497;27.4282758
вуліца Лабанка;32;улица Лобанка;53.8915497;27.4282758
вуліца Лабанка;28 к1;улица Лобанка;53.8915497;27.4282758
вуліца Лабанка;30;улица Лобанка;53.8915497;27.4282758
вуліца Лабанка;34;улица Лобанка;53.8915497;27.4282758
вуліца Лабанка;48;улица Лобанка;53.8915497;27.4282758
вуліца Лабанка;54;улица Лобанка;53.8915497;27.4282758
вуліца Лабанка;52;улица Лобанка;53.8915497;27.4282758
вуліца Лабанка;62;улица Лобанка;53.8915497;27.4282758
вуліца Лабанка;85;улица Лобанка;53.8915497;27.4282758
вуліца Лабанка;89;улица Лобанка;53.8915497;27.4282758
вуліца Лабанка;97;улица Лобанка;53.8915497;27.4282758
вуліца Лабанка;84;улица Лобанка;53.8915497;27.4282758
вуліца Лабанка;94А;улица Лобанка;53.8915497;27.4282758
вуліца Лабанка;44;улица Лобанка;53.8915497;27.4282758
вуліца Лабанка;91;улица Лобанка;53.8915497;27.4282758
вуліца Лабанка;64;улица Лобанка;53.8915497;27.4282758
вуліца Лазарава;38;улица Лазарова;53.8705752;27.6760986
вуліца Лазарава;43;улица Лазарова;53.8705752;27.6760986
вуліца Лазарава;12;улица Лазарова;53.8705752;27.6760986
вуліца Лазо;14;улица Лазо;53.8723623;27.6599311
вуліца Лазо;50;улица Лазо;53.8723623;27.6599311
вуліца Лазо;38;улица Лазо;53.8723623;27.6599311
вуліца Лазо;1;улица Лазо;53.8723623;27.6599311
вуліца Лазо;10;улица Лазо;53.8723623;27.6599311
вуліца Лазо;6;улица Лазо;53.8723623;27.6599311
вуліца Ламаносава;3;улица Ломоносова;53.9311693;27.5978384
вуліца Ландэра;88;улица Ландера;53.8414388;27.4847055
вуліца Ландэра;120;улица Ландера;53.8414388;27.4847055
вуліца Лапаціна;19;улица Лопатина;53.9532374;27.6802603
вуліца Лапаціна;4А;улица Лопатина;53.9532374;27.6802603
вуліца Лапаціна;6;улица Лопатина;53.9532374;27.6802603
вуліца Лапаціна;7А;улица Лопатина;53.9532374;27.6802603
вуліца Лапаціна;5;улица Лопатина;53.9532374;27.6802603
вуліца Лапаціна;1;улица Лопатина;53.9532374;27.6802603
вуліца Лапаціна;17;улица Лопатина;53.9532374;27.6802603
вуліца Лапаціна;20;улица Лопатина;53.9532374;27.6802603
вуліца Лапаціна;15Г;улица Лопатина;53.9532374;27.6802603
вуліца Лапаціна;15В;улица Лопатина;53.9532374;27.6802603
вуліца Леанарда да Вінчы;2;улица Леонардо да Винчи;53.9521357;27.6678024
вуліца Леанарда да Вінчы;1;улица Леонардо да Винчи;53.9521357;27.6678024
вуліца Леанарда да Вінчы;3;улица Леонардо да Винчи;53.9521357;27.6678024
вуліца Леаніда Бяды;4;улица Леонида Беды;53.93423;27.5913123
вуліца Леаніда Бяды;2Б;улица Леонида Беды;53.93423;27.5913123
вуліца Леаніда Бяды;2;улица Леонида Беды;53.93423;27.5913123
вуліца Леаніда Бяды;11 к1;улица Леонида Беды;53.93423;27.5913123
вуліца Леаніда Бяды;26Б;улица Леонида Беды;53.93423;27.5913123
вуліца Леаніда Бяды;46;улица Леонида Беды;53.93423;27.5913123
вуліца Леаніда Бяды;44;улица Леонида Беды;53.93423;27.5913123
вуліца Леаніда Бяды;33;улица Леонида Беды;53.93423;27.5913123
вуліца Леаніда Бяды;26А;улица Леонида Беды;53.93423;27.5913123
вуліца Леаніда Бяды;42;улица Леонида Беды;53.93423;27.5913123
вуліца Леаніда Бяды;42А;улица Леонида Беды;53.93423;27.5913123
вуліца Леаніда Левіна;13;улица Леонида Левина;53.8663994;27.5308841
вуліца Леаніда Левіна;11;улица Леонида Левина;53.8663994;27.5308841
вуліца Леаніда Левіна;9;улица Леонида Левина;53.8663994;27.5308841
вуліца Леаніда Левіна;8;улица Леонида Левина;53.8663994;27.5308841
вуліца Леаніда Шчамялёва;18;улица Леонида Щемелёва;53.8579478;27.5494651
вуліца Леаніда Шчамялёва;9;улица Леонида Щемелёва;53.8579478;27.5494651
вуліца Леаніда Шчамялёва;14;улица Леонида Щемелёва;53.8579478;27.5494651
вуліца Леаніда Шчамялёва;16;улица Леонида Щемелёва;53.8579478;27.5494651
вуліца Лейтэнанта Кіжаватава;88;улица Лейтенанта Кижеватова;53.8504498;27.5366965
вуліца Лейтэнанта Кіжаватава;44;улица Лейтенанта Кижеватова;53.8504498;27.5366965
вуліца Лейтэнанта Кіжаватава;78;улица Лейтенанта Кижеватова;53.8504498;27.5366965
вуліца Лейтэнанта Кіжаватава;84;улица Лейтенанта Кижеватова;53.8504498;27.5366965
вуліца Лейтэнанта Кіжаватава;7 к2;улица Лейтенанта Кижеватова;53.8504498;27.5366965
вуліца Лейтэнанта Кіжаватава;60 к1;улица Лейтенанта Кижеватова;53.8504498;27.5366965
вуліца Лейтэнанта Кіжаватава;58;улица Лейтенанта Кижеватова;53.8504498;27.5366965
вуліца Лейтэнанта Кіжаватава;72 к1;улица Лейтенанта Кижеватова;53.8504498;27.5366965
вуліца Лейтэнанта Кіжаватава;12;улица Лейтенанта Кижеватова;53.8504498;27.5366965
вуліца Лейтэнанта Кіжаватава;72 к2;улица Лейтенанта Кижеватова;53.8504498;27.5366965
вуліца Лейтэнанта Кіжаватава;46032;улица Лейтенанта Кижеватова;53.8504498;27.5366965
вуліца Лейтэнанта Кіжаватава;73 к1;улица Лейтенанта Кижеватова;53.8504498;27.5366965
вуліца Лейтэнанта Кіжаватава;60Д;улица Лейтенанта Кижеватова;53.8504498;27.5366965
вуліца Лейтэнанта Кіжаватава;3А;улица Лейтенанта Кижеватова;53.8504498;27.5366965
вуліца Лейтэнанта Кіжаватава;3Б;улица Лейтенанта Кижеватова;53.8504498;27.5366965
вуліца Лейтэнанта Кіжаватава;1А;улица Лейтенанта Кижеватова;53.8504498;27.5366965
вуліца Лейтэнанта Кіжаватава;46033;улица Лейтенанта Кижеватова;53.8504498;27.5366965
вуліца Лейтэнанта Кіжаватава;60А;улица Лейтенанта Кижеватова;53.8504498;27.5366965
вуліца Лейтэнанта Кіжаватава;60 к7;улица Лейтенанта Кижеватова;53.8504498;27.5366965
вуліца Лейтэнанта Кіжаватава;60 к6;улица Лейтенанта Кижеватова;53.8504498;27.5366965
вуліца Лейтэнанта Кіжаватава;60Д к1;улица Лейтенанта Кижеватова;53.8504498;27.5366965
вуліца Лейтэнанта Кіжаватава;60 к5;улица Лейтенанта Кижеватова;53.8504498;27.5366965
вуліца Лейтэнанта Кіжаватава;58Б;улица Лейтенанта Кижеватова;53.8504498;27.5366965
вуліца Лейтэнанта Кіжаватава;60А к4;улица Лейтенанта Кижеватова;53.8504498;27.5366965
вуліца Лейтэнанта Кіжаватава;58А;улица Лейтенанта Кижеватова;53.8504498;27.5366965
вуліца Лейтэнанта Кіжаватава;58Г;улица Лейтенанта Кижеватова;53.8504498;27.5366965
вуліца Лейтэнанта Кіжаватава;74;улица Лейтенанта Кижеватова;53.8504498;27.5366965
вуліца Лейтэнанта Кіжаватава;68;улица Лейтенанта Кижеватова;53.8504498;27.5366965
вуліца Лейтэнанта Кіжаватава;70;улица Лейтенанта Кижеватова;53.8504498;27.5366965
вуліца Лейтэнанта Кіжаватава;86;улица Лейтенанта Кижеватова;53.8504498;27.5366965
вуліца Лейтэнанта Кіжаватава;36;улица Лейтенанта Кижеватова;53.8504498;27.5366965
вуліца Лейтэнанта Кіжаватава;28;улица Лейтенанта Кижеватова;53.8504498;27.5366965
вуліца Лейтэнанта Кіжаватава;34;улица Лейтенанта Кижеватова;53.8504498;27.5366965
вуліца Лейтэнанта Кіжаватава;24;улица Лейтенанта Кижеватова;53.8504498;27.5366965
вуліца Лейтэнанта Кіжаватава;22;улица Лейтенанта Кижеватова;53.8504498;27.5366965
вуліца Лейтэнанта Кіжаватава;40;улица Лейтенанта Кижеватова;53.8504498;27.5366965
вуліца Лейтэнанта Кіжаватава;42;улица Лейтенанта Кижеватова;53.8504498;27.5366965
вуліца Лейтэнанта Кіжаватава;38;улица Лейтенанта Кижеватова;53.8504498;27.5366965
вуліца Лейтэнанта Кіжаватава;20;улица Лейтенанта Кижеватова;53.8504498;27.5366965
вуліца Лейтэнанта Кіжаватава;30;улица Лейтенанта Кижеватова;53.8504498;27.5366965
вуліца Лейтэнанта Кіжаватава;26;улица Лейтенанта Кижеватова;53.8504498;27.5366965
вуліца Лейтэнанта Кіжаватава;60 к3;улица Лейтенанта Кижеватова;53.8504498;27.5366965
вуліца Лейтэнанта Кіжаватава;64;улица Лейтенанта Кижеватова;53.8504498;27.5366965
вуліца Лейтэнанта Кіжаватава;62;улица Лейтенанта Кижеватова;53.8504498;27.5366965
вуліца Лейтэнанта Кіжаватава;72 к3;улица Лейтенанта Кижеватова;53.8504498;27.5366965
вуліца Лейтэнанта Кіжаватава;80 к1;улица Лейтенанта Кижеватова;53.8504498;27.5366965
вуліца Лейтэнанта Кіжаватава;66;улица Лейтенанта Кижеватова;53.8504498;27.5366965
вуліца Лейтэнанта Кіжаватава;76;улица Лейтенанта Кижеватова;53.8504498;27.5366965
вуліца Лейтэнанта Кіжаватава;32;улица Лейтенанта Кижеватова;53.8504498;27.5366965
вуліца Лейтэнанта Кіжаватава;9;улица Лейтенанта Кижеватова;53.8504498;27.5366965
вуліца Лейтэнанта Кіжаватава;60 к2;улица Лейтенанта Кижеватова;53.8504498;27.5366965
вуліца Лейтэнанта Кіжаватава;60 к4;улица Лейтенанта Кижеватова;53.8504498;27.5366965
вуліца Лейтэнанта Кіжаватава;50;улица Лейтенанта Кижеватова;53.8504498;27.5366965
вуліца Лейтэнанта Кіжаватава;48;улица Лейтенанта Кижеватова;53.8504498;27.5366965
вуліца Лейтэнанта Кіжаватава;52;улица Лейтенанта Кижеватова;53.8504498;27.5366965
вуліца Лейтэнанта Кіжаватава;51;улица Лейтенанта Кижеватова;53.8504498;27.5366965
вуліца Лейтэнанта Кіжаватава;53;улица Лейтенанта Кижеватова;53.8504498;27.5366965
вуліца Лейтэнанта Кіжаватава;50А;улица Лейтенанта Кижеватова;53.8504498;27.5366965
вуліца Лейтэнанта Кіжаватава;58Е;улица Лейтенанта Кижеватова;53.8504498;27.5366965
вуліца Лейтэнанта Кіжаватава;58/2;улица Лейтенанта Кижеватова;53.8504498;27.5366965
вуліца Лейтэнанта Кіжаватава;58/5;улица Лейтенанта Кижеватова;53.8504498;27.5366965
вуліца Лейтэнанта Кіжаватава;62В;улица Лейтенанта Кижеватова;53.8504498;27.5366965
вуліца Лейтэнанта Кіжаватава;86А;улица Лейтенанта Кижеватова;53.8504498;27.5366965
вуліца Лейтэнанта Кіжаватава;60;улица Лейтенанта Кижеватова;53.8504498;27.5366965
вуліца Лейтэнанта Кіжаватава;62Г;улица Лейтенанта Кижеватова;53.8504498;27.5366965
вуліца Лейтэнанта Кіжаватава;58/3;улица Лейтенанта Кижеватова;53.8504498;27.5366965
вуліца Лейтэнанта Кіжаватава;58/4;улица Лейтенанта Кижеватова;53.8504498;27.5366965
вуліца Леніна;15;улица Ленина;53.8965412;27.5641578
вуліца Леніна;5;улица Ленина;53.8965412;27.5641578
вуліца Леніна;3;улица Ленина;53.8965412;27.5641578
вуліца Леніна;27;улица Ленина;53.8965412;27.5641578
вуліца Леніна;50;улица Ленина;53.8965412;27.5641578
вуліца Леніна;11;улица Ленина;53.8965412;27.5641578
вуліца Леніна;7;улица Ленина;53.8965412;27.5641578
вуліца Леніна;13;улица Ленина;53.8965412;27.5641578
вуліца Леніна;22;улица Ленина;53.8965412;27.5641578
вуліца Леніна;16;улица Ленина;53.8965412;27.5641578
вуліца Леніна;12;улица Ленина;53.8965412;27.5641578
вуліца Леніна;1;улица Ленина;53.8965412;27.5641578
вуліца Леніна;9;улица Ленина;53.8965412;27.5641578
вуліца Леніна;30;улица Ленина;53.8965412;27.5641578
вуліца Леніна;18;улица Ленина;53.8965412;27.5641578
вуліца Леніна;46;улица Ленина;53.8965412;27.5641578
вуліца Леніна;15А;улица Ленина;53.8965412;27.5641578
вуліца Леніна;19;улица Ленина;53.8965412;27.5641578
вуліца Леніна;20;улица Ленина;53.8965412;27.5641578
вуліца Леніна;28;улица Ленина;53.8965412;27.5641578
вуліца Леніна;17;улица Ленина;53.8965412;27.5641578
вуліца Леніна;4;улица Ленина;53.8965412;27.5641578
вуліца Леніна;5А;улица Ленина;53.8965412;27.5641578
вуліца Леніна;48;улица Ленина;53.8965412;27.5641578
вуліца Лермантава;17;улица Лермонтова;53.8897262;27.5153155
вуліца Лермантава;41;улица Лермонтова;53.8897262;27.5153155
вуліца Лермантава;49;улица Лермонтова;53.8897262;27.5153155
вуліца Лермантава;38;улица Лермонтова;53.8897262;27.5153155
вуліца Лермантава;43;улица Лермонтова;53.8897262;27.5153155
вуліца Лермантава;32;улица Лермонтова;53.8897262;27.5153155
вуліца Лермантава;24;улица Лермонтова;53.8897262;27.5153155
вуліца Лермантава;22;улица Лермонтова;53.8897262;27.5153155
вуліца Лермантава;27;улица Лермонтова;53.8897262;27.5153155
вуліца Лесі Украінкі;22;улица Леси Украинки;53.9291785;27.501001
вуліца Лесі Украінкі;22А;улица Леси Украинки;53.9291785;27.501001
вуліца Лесі Украінкі;22 3Б;улица Леси Украинки;53.9291785;27.501001
вуліца Лесі Украінкі;16, оф.10;улица Леси Украинки;53.9291785;27.501001
вуліца Лесі Украінкі;6к1;улица Леси Украинки;53.9291785;27.501001
вуліца Лілі Карастаянавай;15;улица Лили Карастояновой;53.9301402;27.5657585
вуліца Лілі Карастаянавай;2А;улица Лили Карастояновой;53.9301402;27.5657585
вуліца Лілі Карастаянавай;7;улица Лили Карастояновой;53.9301402;27.5657585
вуліца Лілі Карастаянавай;9;улица Лили Карастояновой;53.9301402;27.5657585
вуліца Лукʼяновіча;51;улица Лукьяновича;53.9454105;27.5963228
вуліца Лукʼяновіча;53;улица Лукьяновича;53.9454105;27.5963228
вуліца Лукʼяновіча;14;улица Лукьяновича;53.9454105;27.5963228
вуліца Лукʼяновіча;16;улица Лукьяновича;53.9454105;27.5963228
вуліца Лукʼяновіча;18;улица Лукьяновича;53.9454105;27.5963228
вуліца Лукʼяновіча;4Б;улица Лукьяновича;53.9454105;27.5963228
вуліца Лукʼяновіча;2А;улица Лукьяновича;53.9454105;27.5963228
вуліца Лукʼяновіча;4;улица Лукьяновича;53.9454105;27.5963228
вуліца Лукʼяновіча;75;улица Лукьяновича;53.9454105;27.5963228
вуліца Лукʼяновіча;6;улица Лукьяновича;53.9454105;27.5963228
вуліца Льва Сапегі;5;улица Льва Сапеги;53.8767322;27.4945433
вуліца Льва Сапегі;3;улица Льва Сапеги;53.8767322;27.4945433
вуліца Льва Сапегі;15;улица Льва Сапеги;53.8767322;27.4945433
вуліца Льва Талстога;10;улица Льва Толстого;53.8893426;27.5443038
вуліца Льва Талстога;1;улица Льва Толстого;53.8893426;27.5443038
вуліца Льва Талстога;32;улица Льва Толстого;53.8893426;27.5443038
вуліца Льва Талстога;4;улица Льва Толстого;53.8893426;27.5443038
вуліца Льва Талстога;8;улица Льва Толстого;53.8893426;27.5443038
вуліца Ляўкова;9;улица Левкова;53.8728103;27.5549451
вуліца Ляўкова;45;улица Левкова;53.8728103;27.5549451
вуліца Ляўкова;30;улица Левкова;53.8728103;27.5549451
вуліца Ляўкова;19;улица Левкова;53.8728103;27.5549451
вуліца Ляўкова;37;улица Левкова;53.8728103;27.5549451
вуліца Ляўкова;43;улица Левкова;53.8728103;27.5549451
вуліца Ляўкова;33 к2;улица Левкова;53.8728103;27.5549451
вуліца Ляўкова;8А;улица Левкова;53.8728103;27.5549451
вуліца Ляўкова;6 к3;улица Левкова;53.8728103;27.5549451
вуліца Ляўкова;4;улица Левкова;53.8728103;27.5549451
вуліца Ляўкова;8 к1;улица Левкова;53.8728103;27.5549451
вуліца Ляўкова;3 к1;улица Левкова;53.8728103;27.5549451
вуліца Ляўкова;10;улица Левкова;53.8728103;27.5549451
вуліца Ляшчынскага;1;улица Лещинского;53.9092762;27.452689
вуліца Ляшчынскага;46036;улица Лещинского;53.9092762;27.452689
вуліца Ляшчынскага;14;улица Лещинского;53.9092762;27.452689
вуліца Ляшчынскага;8;улица Лещинского;53.9092762;27.452689
вуліца Ляшчынскага;2;улица Лещинского;53.9092762;27.452689
вуліца Ляшчынскага;14А-228;улица Лещинского;53.9092762;27.452689
вуліца Ляшчынскага;14А-201;улица Лещинского;53.9092762;27.452689
вуліца Ляшчынскага;19;улица Лещинского;53.9092762;27.452689
вуліца Ляшчынскага;55;улица Лещинского;53.9092762;27.452689
вуліца Мажайскага;70;улица Можайского;53.9407391;27.5811189
вуліца Мажайскага;72;улица Можайского;53.9407391;27.5811189
вуліца Мазурава;2;улица Мазурова;53.8953434;27.4169165
вуліца Мазурава;22;улица Мазурова;53.8953434;27.4169165
вуліца Мазурава;1;улица Мазурова;53.8953434;27.4169165
вуліца Мазурава;6;улица Мазурова;53.8953434;27.4169165
вуліца Мазурава;18;улица Мазурова;53.8953434;27.4169165
вуліца Мазурава;16;улица Мазурова;53.8953434;27.4169165
вуліца Мазурава;4;улица Мазурова;53.8953434;27.4169165
вуліца Мазурава;14;улица Мазурова;53.8953434;27.4169165
вуліца Мазурава;20;улица Мазурова;53.8953434;27.4169165
вуліца Мазурава;24;улица Мазурова;53.8953434;27.4169165
вуліца Макаёнка;12;улица Макаёнка;53.9173905;27.6217737
вуліца Макаёнка;13Б;улица Макаёнка;53.9173905;27.6217737
вуліца Макаёнка;17;улица Макаёнка;53.9173905;27.6217737
вуліца Макаёнка;3;улица Макаёнка;53.9173905;27.6217737
вуліца Макаёнка;1;улица Макаёнка;53.9173905;27.6217737
вуліца Макаёнка;12Б;улица Макаёнка;53.9173905;27.6217737
вуліца Макаёнка;12А;улица Макаёнка;53.9173905;27.6217737
вуліца Макаёнка;12В;улица Макаёнка;53.9173905;27.6217737
вуліца Макаёнка;11;улица Макаёнка;53.9173905;27.6217737
вуліца Макаёнка;23В;улица Макаёнка;53.9173905;27.6217737
вуліца Максіма Багдановіча;53;улица Максима Богдановича;53.9363768;27.5822208
вуліца Максіма Багдановіча;15;улица Максима Богдановича;53.9363768;27.5822208
вуліца Максіма Багдановіча;78;улица Максима Богдановича;53.9363768;27.5822208
вуліца Максіма Багдановіча;143;улица Максима Богдановича;53.9363768;27.5822208
вуліца Максіма Багдановіча;23;улица Максима Богдановича;53.9363768;27.5822208
вуліца Максіма Багдановіча;46;улица Максима Богдановича;53.9363768;27.5822208
вуліца Максіма Багдановіча;1;улица Максима Богдановича;53.9363768;27.5822208
вуліца Максіма Багдановіча;66;улица Максима Богдановича;53.9363768;27.5822208
вуліца Максіма Багдановіча;257;улица Максима Богдановича;53.9363768;27.5822208
вуліца Максіма Багдановіча;261;улица Максима Богдановича;53.9363768;27.5822208
вуліца Максіма Багдановіча;263;улица Максима Богдановича;53.9363768;27.5822208
вуліца Максіма Багдановіча;267;улица Максима Богдановича;53.9363768;27.5822208
вуліца Максіма Багдановіча;269;улица Максима Богдановича;53.9363768;27.5822208
вуліца Максіма Багдановіча;236;улица Максима Богдановича;53.9363768;27.5822208
вуліца Максіма Багдановіча;8;улица Максима Богдановича;53.9363768;27.5822208
вуліца Максіма Багдановіча;27;улица Максима Богдановича;53.9363768;27.5822208
вуліца Максіма Багдановіча;153;улица Максима Богдановича;53.9363768;27.5822208
вуліца Максіма Багдановіча;135;улица Максима Богдановича;53.9363768;27.5822208
вуліца Максіма Багдановіча;9;улица Максима Богдановича;53.9363768;27.5822208
вуліца Максіма Багдановіча;21;улица Максима Богдановича;53.9363768;27.5822208
вуліца Максіма Багдановіча;60;улица Максима Богдановича;53.9363768;27.5822208
вуліца Максіма Багдановіча;124;улица Максима Богдановича;53.9363768;27.5822208
вуліца Максіма Багдановіча;134;улица Максима Богдановича;53.9363768;27.5822208
вуліца Максіма Багдановіча;56;улица Максима Богдановича;53.9363768;27.5822208
вуліца Максіма Багдановіча;62;улица Максима Богдановича;53.9363768;27.5822208
вуліца Максіма Багдановіча;142;улица Максима Богдановича;53.9363768;27.5822208
вуліца Максіма Багдановіча;234;улица Максима Богдановича;53.9363768;27.5822208
вуліца Максіма Багдановіча;229;улица Максима Богдановича;53.9363768;27.5822208
вуліца Максіма Багдановіча;172;улица Максима Богдановича;53.9363768;27.5822208
вуліца Максіма Багдановіча;24;улица Максима Богдановича;53.9363768;27.5822208
вуліца Максіма Багдановіча;10;улица Максима Богдановича;53.9363768;27.5822208
вуліца Максіма Багдановіча;6;улица Максима Богдановича;53.9363768;27.5822208
вуліца Максіма Багдановіча;128А;улица Максима Богдановича;53.9363768;27.5822208
вуліца Максіма Багдановіча;120;улица Максима Богдановича;53.9363768;27.5822208
вуліца Максіма Багдановіча;192;улица Максима Богдановича;53.9363768;27.5822208
вуліца Максіма Багдановіча;133;улица Максима Богдановича;53.9363768;27.5822208
вуліца Максіма Багдановіча;70;улица Максима Богдановича;53.9363768;27.5822208
вуліца Максіма Багдановіча;11;улица Максима Богдановича;53.9363768;27.5822208
вуліца Максіма Багдановіча;76;улица Максима Богдановича;53.9363768;27.5822208
вуліца Максіма Багдановіча;89;улица Максима Богдановича;53.9363768;27.5822208
вуліца Максіма Багдановіча;132;улица Максима Богдановича;53.9363768;27.5822208
вуліца Максіма Багдановіча;102;улица Максима Богдановича;53.9363768;27.5822208
вуліца Максіма Багдановіча;137;улица Максима Богдановича;53.9363768;27.5822208
вуліца Максіма Багдановіча;68;улица Максима Богдановича;53.9363768;27.5822208
вуліца Максіма Багдановіча;29 к3;улица Максима Богдановича;53.9363768;27.5822208
вуліца Максіма Багдановіча;19;улица Максима Богдановича;53.9363768;27.5822208
вуліца Максіма Багдановіча;7;улица Максима Богдановича;53.9363768;27.5822208
вуліца Максіма Багдановіча;155;улица Максима Богдановича;53.9363768;27.5822208
вуліца Максіма Багдановіча;254;улица Максима Богдановича;53.9363768;27.5822208
вуліца Максіма Багдановіча;155А;улица Максима Богдановича;53.9363768;27.5822208
вуліца Максіма Багдановіча;120Б;улица Максима Богдановича;53.9363768;27.5822208
вуліца Максіма Багдановіча;39;улица Максима Богдановича;53.9363768;27.5822208
вуліца Максіма Багдановіча;35;улица Максима Богдановича;53.9363768;27.5822208
вуліца Максіма Багдановіча;29 к4;улица Максима Богдановича;53.9363768;27.5822208
вуліца Максіма Багдановіча;29 к2;улица Максима Богдановича;53.9363768;27.5822208
вуліца Максіма Багдановіча;3;улица Максима Богдановича;53.9363768;27.5822208
вуліца Максіма Багдановіча;13;улица Максима Богдановича;53.9363768;27.5822208
вуліца Максіма Багдановіча;46114;улица Максима Богдановича;53.9363768;27.5822208
вуліца Максіма Багдановіча;46083;улица Максима Богдановича;53.9363768;27.5822208
вуліца Максіма Багдановіча;17А;улица Максима Богдановича;53.9363768;27.5822208
вуліца Максіма Багдановіча;122;улица Максима Богдановича;53.9363768;27.5822208
вуліца Максіма Багдановіча;130;улица Максима Богдановича;53.9363768;27.5822208
вуліца Максіма Багдановіча;118;улица Максима Богдановича;53.9363768;27.5822208
вуліца Максіма Багдановіча;114;улица Максима Богдановича;53.9363768;27.5822208
вуліца Максіма Багдановіча;112;улица Максима Богдановича;53.9363768;27.5822208
вуліца Максіма Багдановіча;37;улица Максима Богдановича;53.9363768;27.5822208
вуліца Максіма Багдановіча;22;улица Максима Богдановича;53.9363768;27.5822208
вуліца Максіма Багдановіча;25;улица Максима Богдановича;53.9363768;27.5822208
вуліца Максіма Багдановіча;153Б;улица Максима Богдановича;53.9363768;27.5822208
вуліца Максіма Багдановіча;110;улица Максима Богдановича;53.9363768;27.5822208
вуліца Максіма Багдановіча;187;улица Максима Богдановича;53.9363768;27.5822208
вуліца Максіма Багдановіча;185;улица Максима Богдановича;53.9363768;27.5822208
вуліца Максіма Багдановіча;230;улица Максима Богдановича;53.9363768;27.5822208
вуліца Максіма Багдановіча;232;улица Максима Богдановича;53.9363768;27.5822208
вуліца Максіма Багдановіча;228;улица Максима Богдановича;53.9363768;27.5822208
вуліца Максіма Багдановіча;226;улица Максима Богдановича;53.9363768;27.5822208
вуліца Максіма Багдановіча;128;улица Максима Богдановича;53.9363768;27.5822208
вуліца Максіма Багдановіча;164;улица Максима Богдановича;53.9363768;27.5822208
вуліца Максіма Багдановіча;162;улица Максима Богдановича;53.9363768;27.5822208
вуліца Максіма Багдановіча;166;улица Максима Богдановича;53.9363768;27.5822208
вуліца Максіма Багдановіча;168;улица Максима Богдановича;53.9363768;27.5822208
вуліца Максіма Багдановіча;194;улица Максима Богдановича;53.9363768;27.5822208
вуліца Максіма Багдановіча;198;улица Максима Богдановича;53.9363768;27.5822208
вуліца Максіма Багдановіча;26;улица Максима Богдановича;53.9363768;27.5822208
вуліца Максіма Багдановіча;4;улица Максима Богдановича;53.9363768;27.5822208
вуліца Максіма Багдановіча;2;улица Максима Богдановича;53.9363768;27.5822208
вуліца Максіма Багдановіча;5;улица Максима Богдановича;53.9363768;27.5822208
вуліца Максіма Багдановіча;14;улица Максима Богдановича;53.9363768;27.5822208
вуліца Максіма Багдановіча;140;улица Максима Богдановича;53.9363768;27.5822208
вуліца Максіма Багдановіча;144;улица Максима Богдановича;53.9363768;27.5822208
вуліца Максіма Багдановіча;136;улица Максима Богдановича;53.9363768;27.5822208
вуліца Максіма Багдановіча;126;улица Максима Богдановича;53.9363768;27.5822208
вуліца Максіма Багдановіча;46024;улица Максима Богдановича;53.9363768;27.5822208
вуліца Максіма Багдановіча;46055;улица Максима Богдановича;53.9363768;27.5822208
вуліца Максіма Багдановіча;216;улица Максима Богдановича;53.9363768;27.5822208
вуліца Максіма Багдановіча;138;улица Максима Богдановича;53.9363768;27.5822208
вуліца Максіма Гарэцкага;10;улица Максима Горецкого;53.8887872;27.4423077
вуліца Максіма Гарэцкага;1Л/2;улица Максима Горецкого;53.8887872;27.4423077
вуліца Максіма Гарэцкага;2Л/5;улица Максима Горецкого;53.8887872;27.4423077
вуліца Максіма Гарэцкага;49;улица Максима Горецкого;53.8887872;27.4423077
вуліца Максіма Гарэцкага;2Л/3;улица Максима Горецкого;53.8887872;27.4423077
вуліца Максіма Гарэцкага;55;улица Максима Горецкого;53.8887872;27.4423077
вуліца Максіма Гарэцкага;43;улица Максима Горецкого;53.8887872;27.4423077
вуліца Максіма Гарэцкага;51;улица Максима Горецкого;53.8887872;27.4423077
вуліца Максіма Гарэцкага;7 к2;улица Максима Горецкого;53.8887872;27.4423077
вуліца Максіма Гарэцкага;95;улица Максима Горецкого;53.8887872;27.4423077
вуліца Максіма Гарэцкага;2Л/4;улица Максима Горецкого;53.8887872;27.4423077
вуліца Максіма Гарэцкага;71;улица Максима Горецкого;53.8887872;27.4423077
вуліца Максіма Гарэцкага;30;улица Максима Горецкого;53.8887872;27.4423077
вуліца Максіма Гарэцкага;73;улица Максима Горецкого;53.8887872;27.4423077
вуліца Максіма Гарэцкага;27А;улица Максима Горецкого;53.8887872;27.4423077
вуліца Максіма Гарэцкага;32;улица Максима Горецкого;53.8887872;27.4423077
вуліца Максіма Гарэцкага;20;улица Максима Горецкого;53.8887872;27.4423077
вуліца Максіма Гарэцкага;93 к1;улица Максима Горецкого;53.8887872;27.4423077
вуліца Максіма Гарэцкага;2;улица Максима Горецкого;53.8887872;27.4423077
вуліца Максіма Гарэцкага;3;улица Максима Горецкого;53.8887872;27.4423077
вуліца Максіма Гарэцкага;53;улица Максима Горецкого;53.8887872;27.4423077
вуліца Максіма Гарэцкага;77;улица Максима Горецкого;53.8887872;27.4423077
вуліца Максіма Гарэцкага;81;улица Максима Горецкого;53.8887872;27.4423077
вуліца Максіма Гарэцкага;47;улица Максима Горецкого;53.8887872;27.4423077
вуліца Максіма Гарэцкага;95к2;улица Максима Горецкого;53.8887872;27.4423077
вуліца Максіма Гарэцкага;40;улица Максима Горецкого;53.8887872;27.4423077
вуліца Максіма Гарэцкага;22;улица Максима Горецкого;53.8887872;27.4423077
вуліца Максіма Гарэцкага;26;улица Максима Горецкого;53.8887872;27.4423077
вуліца Максіма Гарэцкага;36;улица Максима Горецкого;53.8887872;27.4423077
вуліца Максіма Гарэцкага;24;улица Максима Горецкого;53.8887872;27.4423077
вуліца Максіма Гарэцкага;28;улица Максима Горецкого;53.8887872;27.4423077
вуліца Максіма Гарэцкага;2А;улица Максима Горецкого;53.8887872;27.4423077
вуліца Максіма Гарэцкага;12;улица Максима Горецкого;53.8887872;27.4423077
вуліца Максіма Гарэцкага;38;улица Максима Горецкого;53.8887872;27.4423077
вуліца Максіма Гарэцкага;29А;улица Максима Горецкого;53.8887872;27.4423077
вуліца Максіма Гарэцкага;1А;улица Максима Горецкого;53.8887872;27.4423077
вуліца Максіма Гарэцкага;2 к1;улица Максима Горецкого;53.8887872;27.4423077
вуліца Максіма Гарэцкага;41;улица Максима Горецкого;53.8887872;27.4423077
вуліца Максіма Танка;8;улица Максима Танка;53.9090359;27.5271418
вуліца Максіма Танка;30;улица Максима Танка;53.9090359;27.5271418
вуліца Максіма Танка;34 к2;улица Максима Танка;53.9090359;27.5271418
вуліца Максіма Танка;16;улица Максима Танка;53.9090359;27.5271418
вуліца Максіма Танка;2;улица Максима Танка;53.9090359;27.5271418
вуліца Максіма Танка;81;улица Максима Танка;53.9090359;27.5271418
вуліца Максіма Танка;22;улица Максима Танка;53.9090359;27.5271418
вуліца Максіма Танка;4;улица Максима Танка;53.9090359;27.5271418
вуліца Максіма Танка;12;улица Максима Танка;53.9090359;27.5271418
вуліца Максіма Танка;22А;улица Максима Танка;53.9090359;27.5271418
вуліца Малаковіч;4;улица Малакович;53.8746268;27.4444856
вуліца Малініна;26А;улица Малинина;53.8552734;27.6242415
вуліца Малініна;36 к1;улица Малинина;53.8552734;27.6242415
вуліца Малініна;46170;улица Малинина;53.8552734;27.6242415
вуліца Малініна;24;улица Малинина;53.8552734;27.6242415
вуліца Малініна;34;улица Малинина;53.8552734;27.6242415
вуліца Малініна;38;улица Малинина;53.8552734;27.6242415
вуліца Маляўкі;13А;улица Малявки;53.8470704;27.6014719
вуліца Маляўкі;7;улица Малявки;53.8470704;27.6014719
вуліца Маляўкі;1А;улица Малявки;53.8470704;27.6014719
вуліца Мантажнікаў;2;улица Монтажников;53.8722861;27.4061581
вуліца Мантажнікаў;3А/1;улица Монтажников;53.8722861;27.4061581
вуліца Мантажнікаў;9;улица Монтажников;53.8722861;27.4061581
вуліца Мантажнікаў;46151;улица Монтажников;53.8722861;27.4061581
вуліца Мантажнікаў;46069;улица Монтажников;53.8722861;27.4061581
вуліца Мантажнікаў;16;улица Монтажников;53.8722861;27.4061581
вуліца Мантажнікаў;8;улица Монтажников;53.8722861;27.4061581
вуліца Мантажнікаў;9 к3;улица Монтажников;53.8722861;27.4061581
вуліца Мантажнікаў;46121;улица Монтажников;53.8722861;27.4061581
вуліца Мантажнікаў;3А;улица Монтажников;53.8722861;27.4061581
вуліца Марата;19;улица Марата;53.8626276;27.5652773
вуліца Марата;21;улица Марата;53.8626276;27.5652773
вуліца Маршала Лосіка;31;улица Маршала Лосика;53.8732862;27.4556545
вуліца Маршала Лосіка;4;улица Маршала Лосика;53.8732862;27.4556545
вуліца Маршала Лосіка;4А;улица Маршала Лосика;53.8732862;27.4556545
вуліца Маршала Лосіка;53;улица Маршала Лосика;53.8732862;27.4556545
вуліца Маршала Лосіка;32;улица Маршала Лосика;53.8732862;27.4556545
вуліца Маршала Лосіка;27;улица Маршала Лосика;53.8732862;27.4556545
вуліца Маршала Лосіка;14;улица Маршала Лосика;53.8732862;27.4556545
вуліца Маршала Лосіка;29;улица Маршала Лосика;53.8732862;27.4556545
вуліца Маршала Лосіка;6;улица Маршала Лосика;53.8732862;27.4556545
вуліца Маршала Лосіка;25;улица Маршала Лосика;53.8732862;27.4556545
вуліца Маршала Лосіка;18;улица Маршала Лосика;53.8732862;27.4556545
вуліца Маршала Лосіка;16;улица Маршала Лосика;53.8732862;27.4556545
вуліца Маршала Лосіка;31А;улица Маршала Лосика;53.8732862;27.4556545
вуліца Маршала Лосіка;55;улица Маршала Лосика;53.8732862;27.4556545
вуліца Маршала Лосіка;57;улица Маршала Лосика;53.8732862;27.4556545
вуліца Маршала Лосіка;44;улица Маршала Лосика;53.8732862;27.4556545
вуліца Маршала Лосіка;53Б;улица Маршала Лосика;53.8732862;27.4556545
вуліца Маршала Лосіка;53В;улица Маршала Лосика;53.8732862;27.4556545
вуліца Маршала Лосіка;53А;улица Маршала Лосика;53.8732862;27.4556545
вуліца Маршала Лосіка;59;улица Маршала Лосика;53.8732862;27.4556545
вуліца Маршала Лосіка;50;улица Маршала Лосика;53.8732862;27.4556545
вуліца Масюкоўшчына;2А к3;улица Масюковщина;53.9310638;27.4521799
вуліца Масюкоўшчына;1;улица Масюковщина;53.9310638;27.4521799
вуліца Масюкоўшчына;34В;улица Масюковщина;53.9310638;27.4521799
вуліца Масюкоўшчына;56В;улица Масюковщина;53.9310638;27.4521799
вуліца Масюкоўшчына;2А;улица Масюковщина;53.9310638;27.4521799
вуліца Масюкоўшчына;2Ак4;улица Масюковщина;53.9310638;27.4521799
вуліца Масюкоўшчына;2Ак1;улица Масюковщина;53.9310638;27.4521799
вуліца Масюкоўшчына;2Ак6;улица Масюковщина;53.9310638;27.4521799
вуліца Масюкоўшчына;4А;улица Масюковщина;53.9310638;27.4521799
вуліца Масюкоўшчына;1В;улица Масюковщина;53.9310638;27.4521799
вуліца Масюкоўшчына;35;улица Масюковщина;53.9310638;27.4521799
вуліца Масюкоўшчына;26;улица Масюковщина;53.9310638;27.4521799
вуліца Масюкоўшчына;28А;улица Масюковщина;53.9310638;27.4521799
вуліца Масюкоўшчына;33А;улица Масюковщина;53.9310638;27.4521799
вуліца Масюкоўшчына;29;улица Масюковщина;53.9310638;27.4521799
вуліца Масюкоўшчына;28;улица Масюковщина;53.9310638;27.4521799
вуліца Масюкоўшчына;33;улица Масюковщина;53.9310638;27.4521799
вуліца Масюкоўшчына;5;улица Масюковщина;53.9310638;27.4521799
вуліца Масюкоўшчына;22;улица Масюковщина;53.9310638;27.4521799
вуліца Масюкоўшчына;41;улица Масюковщина;53.9310638;27.4521799
вуліца Масюкоўшчына;1Б;улица Масюковщина;53.9310638;27.4521799
вуліца Масюкоўшчына;37;улица Масюковщина;53.9310638;27.4521799
вуліца Масюкоўшчына;24;улица Масюковщина;53.9310638;27.4521799
вуліца Масюкоўшчына;1А;улица Масюковщина;53.9310638;27.4521799
вуліца Масюкоўшчына;6;улица Масюковщина;53.9310638;27.4521799
вуліца Масюкоўшчына;31;улица Масюковщина;53.9310638;27.4521799
вуліца Масюкоўшчына;43;улица Масюковщина;53.9310638;27.4521799
вуліца Масюкоўшчына;39А;улица Масюковщина;53.9310638;27.4521799
вуліца Масюкоўшчына;4;улица Масюковщина;53.9310638;27.4521799
вуліца Масюкоўшчына;5А;улица Масюковщина;53.9310638;27.4521799
вуліца Масюкоўшчына;2ВК1;улица Масюковщина;53.9310638;27.4521799
вуліца Масюкоўшчына;2В;улица Масюковщина;53.9310638;27.4521799
вуліца Масюкоўшчына;37А;улица Масюковщина;53.9310638;27.4521799
вуліца Масюкоўшчына;20;улица Масюковщина;53.9310638;27.4521799
вуліца Масюкоўшчына;2Ак3;улица Масюковщина;53.9310638;27.4521799
вуліца Масюкоўшчына;2Б;улица Масюковщина;53.9310638;27.4521799
вуліца Масюкоўшчына;44;улица Масюковщина;53.9310638;27.4521799
вуліца Масюкоўшчына;2АК9;улица Масюковщина;53.9310638;27.4521799
вуліца Масюкоўшчына;2Ак2;улица Масюковщина;53.9310638;27.4521799
вуліца Матросава;10;улица Матросова;53.8784303;27.512053
вуліца Матросава;1;улица Матросова;53.8784303;27.512053
вуліца Матусевіча;35А;улица Матусевича;53.9152343;27.4838405
вуліца Матусевіча;7;улица Матусевича;53.9152343;27.4838405
вуліца Матусевіча;72;улица Матусевича;53.9152343;27.4838405
вуліца Матусевіча;76;улица Матусевича;53.9152343;27.4838405
вуліца Матусевіча;90;улица Матусевича;53.9152343;27.4838405
вуліца Матусевіча;35;улица Матусевича;53.9152343;27.4838405
вуліца Матусевіча;66;улица Матусевича;53.9152343;27.4838405
вуліца Матусевіча;64;улица Матусевича;53.9152343;27.4838405
вуліца Матусевіча;18;улица Матусевича;53.9152343;27.4838405
вуліца Матусевіча;68;улица Матусевича;53.9152343;27.4838405
вуліца Матусевіча;20;улица Матусевича;53.9152343;27.4838405
вуліца Матусевіча;56;улица Матусевича;53.9152343;27.4838405
вуліца Матусевіча;42;улица Матусевича;53.9152343;27.4838405
вуліца Матусевіча;23;улица Матусевича;53.9152343;27.4838405
вуліца Матусевіча;13;улица Матусевича;53.9152343;27.4838405
вуліца Матусевіча;44Б;улица Матусевича;53.9152343;27.4838405
вуліца Матусевіча;74;улица Матусевича;53.9152343;27.4838405
вуліца Матусевіча;50;улица Матусевича;53.9152343;27.4838405
вуліца Матусевіча;33/2-1;улица Матусевича;53.9152343;27.4838405
вуліца Матусевіча;69;улица Матусевича;53.9152343;27.4838405
вуліца Матусевіча;21;улица Матусевича;53.9152343;27.4838405
вуліца Матусевіча;42/2;улица Матусевича;53.9152343;27.4838405
вуліца Матусевіча;79;улица Матусевича;53.9152343;27.4838405
вуліца Матусевіча;33/2;улица Матусевича;53.9152343;27.4838405
вуліца Матусевіча;27;улица Матусевича;53.9152343;27.4838405
вуліца Матусевіча;35/1;улица Матусевича;53.9152343;27.4838405
вуліца Матусевіча;5;улица Матусевича;53.9152343;27.4838405
вуліца Матусевіча;61;улица Матусевича;53.9152343;27.4838405
вуліца Матусевіча;88;улица Матусевича;53.9152343;27.4838405
вуліца Матусевіча;86;улица Матусевича;53.9152343;27.4838405
вуліца Матусевіча;80;улица Матусевича;53.9152343;27.4838405
вуліца Матусевіча;75;улица Матусевича;53.9152343;27.4838405
вуліца Матусевіча;78;улица Матусевича;53.9152343;27.4838405
вуліца Матусевіча;84;улица Матусевича;53.9152343;27.4838405
вуліца Матусевіча;35Г;улица Матусевича;53.9152343;27.4838405
вуліца Матусевіча;2;улица Матусевича;53.9152343;27.4838405
вуліца Машынабудаўнікоў;5Б;улица Машиностроителей;53.8533628;27.6427963
вуліца Машынабудаўнікоў;34;улица Машиностроителей;53.8533628;27.6427963
вуліца Машынабудаўнікоў;14А;улица Машиностроителей;53.8533628;27.6427963
вуліца Машынабудаўнікоў;29;улица Машиностроителей;53.8533628;27.6427963
вуліца Машынабудаўнікоў;6;улица Машиностроителей;53.8533628;27.6427963
вуліца Машынабудаўнікоў;32;улица Машиностроителей;53.8533628;27.6427963
вуліца Машынабудаўнікоў;29-111;улица Машиностроителей;53.8533628;27.6427963
вуліца Машынабудаўнікоў;29А;улица Машиностроителей;53.8533628;27.6427963
вуліца Машыністаў;20;улица Машинистов;53.866333;27.5151485
вуліца Машыністаў;42;улица Машинистов;53.866333;27.5151485
вуліца Машыністаў;18;улица Машинистов;53.866333;27.5151485
вуліца Машыністаў;14;улица Машинистов;53.866333;27.5151485
вуліца Машыністаў;16;улица Машинистов;53.866333;27.5151485
вуліца Маякоўскага;164;улица Маяковского;53.8851062;27.5672945
вуліца Маякоўскага;18;улица Маяковского;53.8851062;27.5672945
вуліца Маякоўскага;115;улица Маяковского;53.8851062;27.5672945
вуліца Маякоўскага;162;улица Маяковского;53.8851062;27.5672945
вуліца Маякоўскага;176;улица Маяковского;53.8851062;27.5672945
вуліца Маякоўскага;146;улица Маяковского;53.8851062;27.5672945
вуліца Маякоўскага;24;улица Маяковского;53.8851062;27.5672945
вуліца Маякоўскага;22 к1;улица Маяковского;53.8851062;27.5672945
вуліца Маякоўскага;174;улица Маяковского;53.8851062;27.5672945
вуліца Маякоўскага;16;улица Маяковского;53.8851062;27.5672945
вуліца Маякоўскага;111;улица Маяковского;53.8851062;27.5672945
вуліца Маякоўскага;129A/2;улица Маяковского;53.8851062;27.5672945
вуліца Маякоўскага;160;улица Маяковского;53.8851062;27.5672945
вуліца Маякоўскага;24, помещение 2Н;улица Маяковского;53.8851062;27.5672945
вуліца Маякоўскага;2;улица Маяковского;53.8851062;27.5672945
вуліца Маякоўскага;101Г;улица Маяковского;53.8851062;27.5672945
вуліца Маякоўскага;101Б;улица Маяковского;53.8851062;27.5672945
вуліца Маякоўскага;14;улица Маяковского;53.8851062;27.5672945
вуліца Маякоўскага;6;улица Маяковского;53.8851062;27.5672945
вуліца Маякоўскага;127/3;улица Маяковского;53.8851062;27.5672945
вуліца Маякоўскага;97/1;улица Маяковского;53.8851062;27.5672945
вуліца Маякоўскага;101;улица Маяковского;53.8851062;27.5672945
вуліца Маякоўскага;142;улица Маяковского;53.8851062;27.5672945
вуліца Маякоўскага;140;улица Маяковского;53.8851062;27.5672945
вуліца Маякоўскага;144;улица Маяковского;53.8851062;27.5672945
вуліца Маякоўскага;101А;улица Маяковского;53.8851062;27.5672945
вуліца Маякоўскага;105;улица Маяковского;53.8851062;27.5672945
вуліца Мележа;1;улица Мележа;53.9408129;27.5981993
вуліца Мележа;5 к3;улица Мележа;53.9408129;27.5981993
вуліца Мележа;46058;улица Мележа;53.9408129;27.5981993
вуліца Мележа;5 к2 оф510;улица Мележа;53.9408129;27.5981993
вуліца Мележа;46027;улица Мележа;53.9408129;27.5981993
вуліца Мележа;5/1 - 217;улица Мележа;53.9408129;27.5981993
вуліца Мележа;5 к2;улица Мележа;53.9408129;27.5981993
вуліца Мележа;5;улица Мележа;53.9408129;27.5981993
вуліца Мележа;3;улица Мележа;53.9408129;27.5981993
вуліца Мельнікайтэ;2;улица Мельникайте;53.9062071;27.5416214
вуліца Мельнікайтэ;1;улица Мельникайте;53.9062071;27.5416214
вуліца Мельнікайтэ;4;улица Мельникайте;53.9062071;27.5416214
вуліца Мельнікайтэ;2а;улица Мельникайте;53.9062071;27.5416214
вуліца Мельнікайтэ;7;улица Мельникайте;53.9062071;27.5416214
вуліца Мельнікайтэ;16;улица Мельникайте;53.9062071;27.5416214
вуліца Мельнікайтэ;5;улица Мельникайте;53.9062071;27.5416214
вуліца Мельнікайтэ;9;улица Мельникайте;53.9062071;27.5416214
вуліца Мельнікайтэ;13;улица Мельникайте;53.9062071;27.5416214
вуліца Мендзялеева;4;улица Менделеева;53.9011047;27.6217383
вуліца Мендзялеева;25;улица Менделеева;53.9011047;27.6217383
вуліца Мендзялеева;8;улица Менделеева;53.9011047;27.6217383
вуліца Мендзялеева;1;улица Менделеева;53.9011047;27.6217383
вуліца Мендзялеева;23;улица Менделеева;53.9011047;27.6217383
вуліца Мендзялеева;6а;улица Менделеева;53.9011047;27.6217383
вуліца Мендзялеева;21А;улица Менделеева;53.9011047;27.6217383
вуліца Мендзялеева;14а;улица Менделеева;53.9011047;27.6217383
вуліца Мендзялеева;14;улица Менделеева;53.9011047;27.6217383
вуліца Мендзялеева;10А;улица Менделеева;53.9011047;27.6217383
вуліца Мендзялеева;10;улица Менделеева;53.9011047;27.6217383
вуліца Мендзялеева;3;улица Менделеева;53.9011047;27.6217383
вуліца Мендзялеева;6;улица Менделеева;53.9011047;27.6217383
вуліца Мендзялеева;20;улица Менделеева;53.9011047;27.6217383
вуліца Мендзялеева;24;улица Менделеева;53.9011047;27.6217383
вуліца Мендзялеева;22;улица Менделеева;53.9011047;27.6217383
вуліца Мендзялеева;19;улица Менделеева;53.9011047;27.6217383
вуліца Мендзялеева;17;улица Менделеева;53.9011047;27.6217383
вуліца Мендзялеева;21;улица Менделеева;53.9011047;27.6217383
вуліца Мендзялеева;30;улица Менделеева;53.9011047;27.6217383
вуліца Мендзялеева;15;улица Менделеева;53.9011047;27.6217383
вуліца Мендзялеева;12;улица Менделеева;53.9011047;27.6217383
вуліца Мендзялеева;9;улица Менделеева;53.9011047;27.6217383
вуліца Мендзялеева;11;улица Менделеева;53.9011047;27.6217383
вуліца Мендзялеева;5;улица Менделеева;53.9011047;27.6217383
вуліца Мендзялеева;7;улица Менделеева;53.9011047;27.6217383
вуліца Мендзялеева;13;улица Менделеева;53.9011047;27.6217383
вуліца Мендзялеева;36;улица Менделеева;53.9011047;27.6217383
вуліца Мікалая Камава;7а;улица Николая Камова;53.9639884;27.666054
вуліца Мікалая Камава;3;улица Николая Камова;53.9639884;27.666054
вуліца Мікалая Камава;15;улица Николая Камова;53.9639884;27.666054
вуліца Мікалая Камава;1;улица Николая Камова;53.9639884;27.666054
вуліца Мікалая Міхайлашава;1;улица Николая Михайлашева;53.9609971;27.6725018
вуліца Мікалая Міхайлашава;5;улица Николая Михайлашева;53.9609971;27.6725018
вуліца Мірашнічэнкі;1;улица Мирошниченко;53.9567724;27.6035942
вуліца Мірашнічэнкі;55;улица Мирошниченко;53.9567724;27.6035942
вуліца Мірашнічэнкі;55 к2;улица Мирошниченко;53.9567724;27.6035942
вуліца Мірашнічэнкі;37А;улица Мирошниченко;53.9567724;27.6035942
вуліца Мірашнічэнкі;3;улица Мирошниченко;53.9567724;27.6035942
вуліца Мірашнічэнкі;2;улица Мирошниченко;53.9567724;27.6035942
вуліца Мірашнічэнкі;49;улица Мирошниченко;53.9567724;27.6035942
вуліца Мірашнічэнкі;41;улица Мирошниченко;53.9567724;27.6035942
вуліца Мірашнічэнкі;25;улица Мирошниченко;53.9567724;27.6035942
вуліца Мірашнічэнкі;23;улица Мирошниченко;53.9567724;27.6035942
вуліца Мірашнічэнкі;1А;улица Мирошниченко;53.9567724;27.6035942
вуліца Мірашнічэнкі;12 к1;улица Мирошниченко;53.9567724;27.6035942
вуліца Мірашнічэнкі;12 к2;улица Мирошниченко;53.9567724;27.6035942
вуліца Мірашнічэнкі;43;улица Мирошниченко;53.9567724;27.6035942
вуліца Мірашнічэнкі;45;улица Мирошниченко;53.9567724;27.6035942
вуліца Мірашнічэнкі;39;улица Мирошниченко;53.9567724;27.6035942
вуліца Мірашнічэнкі;16 к2;улица Мирошниченко;53.9567724;27.6035942
вуліца Мірашнічэнкі;53;улица Мирошниченко;53.9567724;27.6035942
вуліца Мірашнічэнкі;47;улица Мирошниченко;53.9567724;27.6035942
вуліца Мірашнічэнкі;51;улица Мирошниченко;53.9567724;27.6035942
вуліца Мірашнічэнкі;37;улица Мирошниченко;53.9567724;27.6035942
вуліца Мірашнічэнкі;10 к1;улица Мирошниченко;53.9567724;27.6035942
вуліца Мірашнічэнкі;13;улица Мирошниченко;53.9567724;27.6035942
вуліца Мірашнічэнкі;21;улица Мирошниченко;53.9567724;27.6035942
вуліца Мірашнічэнкі;33;улица Мирошниченко;53.9567724;27.6035942
вуліца Мірашнічэнкі;31;улица Мирошниченко;53.9567724;27.6035942
вуліца Мірашнічэнкі;4;улица Мирошниченко;53.9567724;27.6035942
вуліца Мірашнічэнкі;15;улица Мирошниченко;53.9567724;27.6035942
вуліца Мірашнічэнкі;11;улица Мирошниченко;53.9567724;27.6035942
вуліца Мірашнічэнкі;27;улица Мирошниченко;53.9567724;27.6035942
вуліца Мірашнічэнкі;6;улица Мирошниченко;53.9567724;27.6035942
вуліца Мірашнічэнкі;9;улица Мирошниченко;53.9567724;27.6035942
вуліца Мірашнічэнкі;35;улица Мирошниченко;53.9567724;27.6035942
вуліца Мірашнічэнкі;35А;улица Мирошниченко;53.9567724;27.6035942
вуліца Мірашнічэнкі;43А;улица Мирошниченко;53.9567724;27.6035942
вуліца Мірашнічэнкі;3Б;улица Мирошниченко;53.9567724;27.6035942
вуліца Мірашнічэнкі;3А;улица Мирошниченко;53.9567724;27.6035942
вуліца Мірашнічэнкі;17;улица Мирошниченко;53.9567724;27.6035942
вуліца Мірашнічэнкі;7;улица Мирошниченко;53.9567724;27.6035942
вуліца Мірашнічэнкі;5;улица Мирошниченко;53.9567724;27.6035942
вуліца Мірашнічэнкі;2А;улица Мирошниченко;53.9567724;27.6035942
вуліца Міру;20;улица Мира;53.9382705;27.4274457
вуліца Міру;26;улица Мира;53.9382705;27.4274457
вуліца Міру;2;улица Мира;53.9382705;27.4274457
вуліца Міру;8;улица Мира;53.9382705;27.4274457
вуліца Міру;14;улица Мира;53.9382705;27.4274457
вуліца Міруткі;51;улица Мирутко;53.8312869;27.528898
вуліца Міруткі;5;улица Мирутко;53.8312869;27.528898
вуліца Міруткі;7;улица Мирутко;53.8312869;27.528898
вуліца Міруткі;8;улица Мирутко;53.8312869;27.528898
вуліца Міруткі;3;улица Мирутко;53.8312869;27.528898
вуліца Міруткі;10;улица Мирутко;53.8312869;27.528898
вуліца Міруткі;9;улица Мирутко;53.8312869;27.528898
вуліца Міруткі;12;улица Мирутко;53.8312869;27.528898
вуліца Міруткі;6;улица Мирутко;53.8312869;27.528898
вуліца Міруткі;14;улица Мирутко;53.8312869;27.528898
вуліца Міруткі;68;улица Мирутко;53.8312869;27.528898
вуліца Міхаіла Міля;1;улица Михаила Миля;53.9567798;27.6586711
вуліца Міхаіла Міля;26;улица Михаила Миля;53.9567798;27.6586711
вуліца Міхаіла Міля;16;улица Михаила Миля;53.9567798;27.6586711
вуліца Міхаіла Міля;22;улица Михаила Миля;53.9567798;27.6586711
вуліца Міхаіла Міля;24;улица Михаила Миля;53.9567798;27.6586711
вуліца Міхаіла Міля;18;улица Михаила Миля;53.9567798;27.6586711
вуліца Міхаіла Міля;20;улица Михаила Миля;53.9567798;27.6586711
вуліца Міхаіла Міля;9;улица Михаила Миля;53.9567798;27.6586711
вуліца Міхаіла Міля;3;улица Михаила Миля;53.9567798;27.6586711
вуліца Міхаіла Міля;13;улица Михаила Миля;53.9567798;27.6586711
вуліца Міхаіла Міля;11;улица Михаила Миля;53.9567798;27.6586711
вуліца Міхаіла Пташука;11;улица Михаила Пташука;53.8358365;27.5949994
вуліца Міхаіла Пташука;17;улица Михаила Пташука;53.8358365;27.5949994
вуліца Міхаіла Савіцкага;4;улица Михаила Савицкого;53.8663847;27.534752
вуліца Міхаіла Савіцкага;10;улица Михаила Савицкого;53.8663847;27.534752
вуліца Міхаіла Савіцкага;2;улица Михаила Савицкого;53.8663847;27.534752
вуліца Міхаіла Савіцкага;17;улица Михаила Савицкого;53.8663847;27.534752
вуліца Міхайлава;1;улица Михайлова;53.9087581;27.5845366
вуліца Міхайлава;5;улица Михайлова;53.9087581;27.5845366
вуліца Міхайлава;3;улица Михайлова;53.9087581;27.5845366
вуліца Міхалова;32;улица Михалово;53.873436;27.4618896
вуліца Міхалова;33;улица Михалово;53.873436;27.4618896
вуліца Міхалова;41;улица Михалово;53.873436;27.4618896
вуліца Міхалова;36А;улица Михалово;53.873436;27.4618896
вуліца Міхалова;37;улица Михалово;53.873436;27.4618896
вуліца Міхалова;38;улица Михалово;53.873436;27.4618896
вуліца Міхалова;34;улица Михалово;53.873436;27.4618896
вуліца Міхалова;36;улица Михалово;53.873436;27.4618896
вуліца Міхалова;39;улица Михалово;53.873436;27.4618896
вуліца Міхалова;43;улица Михалово;53.873436;27.4618896
вуліца Міхалова;35;улица Михалово;53.873436;27.4618896
вуліца Міхалова;30;улица Михалово;53.873436;27.4618896
вуліца Міхася Лынькова;57;улица Михася Лынькова;53.9272732;27.497584
вуліца Міхася Лынькова;59;улица Михася Лынькова;53.9272732;27.497584
вуліца Міхася Лынькова;19 к1;улица Михася Лынькова;53.9272732;27.497584
вуліца Міхася Лынькова;81;улица Михася Лынькова;53.9272732;27.497584
вуліца Міхася Лынькова;123;улица Михася Лынькова;53.9272732;27.497584
вуліца Міхася Лынькова;23;улица Михася Лынькова;53.9272732;27.497584
вуліца Міхася Лынькова;19 к2;улица Михася Лынькова;53.9272732;27.497584
вуліца Міхася Лынькова;46041;улица Михася Лынькова;53.9272732;27.497584
вуліца Міхася Лынькова;8;улица Михася Лынькова;53.9272732;27.497584
вуліца Міхася Лынькова;12;улица Михася Лынькова;53.9272732;27.497584
вуліца Міхася Лынькова;5;улица Михася Лынькова;53.9272732;27.497584
вуліца Міхася Лынькова;5А;улица Михася Лынькова;53.9272732;27.497584
вуліца Міхася Лынькова;46072;улица Михася Лынькова;53.9272732;27.497584
вуліца Міхася Лынькова;99;улица Михася Лынькова;53.9272732;27.497584
вуліца Міхася Лынькова;123Б;улица Михася Лынькова;53.9272732;27.497584
вуліца Міхася Лынькова;17;улица Михася Лынькова;53.9272732;27.497584
вуліца Міхася Лынькова;35;улица Михася Лынькова;53.9272732;27.497584
вуліца Міхася Лынькова;19 к3;улица Михася Лынькова;53.9272732;27.497584
вуліца Міхася Лынькова;17А;улица Михася Лынькова;53.9272732;27.497584
вуліца Міхася Лынькова;21;улица Михася Лынькова;53.9272732;27.497584
вуліца Міхася Лынькова;27;улица Михася Лынькова;53.9272732;27.497584
вуліца Міхася Лынькова;23Е;улица Михася Лынькова;53.9272732;27.497584
вуліца Міхася Лынькова;95А;улица Михася Лынькова;53.9272732;27.497584
вуліца Міхася Лынькова;69;улица Михася Лынькова;53.9272732;27.497584
вуліца Міхася Лынькова;73;улица Михася Лынькова;53.9272732;27.497584
вуліца Міхася Лынькова;39;улица Михася Лынькова;53.9272732;27.497584
вуліца Міхася Лынькова;85 к6;улица Михася Лынькова;53.9272732;27.497584
вуліца Міхася Лынькова;85А;улица Михася Лынькова;53.9272732;27.497584
вуліца Міхася Лынькова;63;улица Михася Лынькова;53.9272732;27.497584
вуліца Міхася Лынькова;123 к1;улица Михася Лынькова;53.9272732;27.497584
вуліца Міхася Лынькова;103;улица Михася Лынькова;53.9272732;27.497584
вуліца Міхася Лынькова;115;улица Михася Лынькова;53.9272732;27.497584
вуліца Міхася Лынькова;111Д;улица Михася Лынькова;53.9272732;27.497584
вуліца Міхася Лынькова;111Г;улица Михася Лынькова;53.9272732;27.497584
вуліца Міхася Лынькова;123В к3;улица Михася Лынькова;53.9272732;27.497584
вуліца Міхася Лынькова;123В к4;улица Михася Лынькова;53.9272732;27.497584
вуліца Міхася Лынькова;123 к6;улица Михася Лынькова;53.9272732;27.497584
вуліца Міхася Лынькова;123Г к4;улица Михася Лынькова;53.9272732;27.497584
вуліца Міхася Лынькова;123 к8;улица Михася Лынькова;53.9272732;27.497584
вуліца Міхася Лынькова;123 к13;улица Михася Лынькова;53.9272732;27.497584
вуліца Міхася Лынькова;123 к11;улица Михася Лынькова;53.9272732;27.497584
вуліца Міхася Лынькова;123 к14;улица Михася Лынькова;53.9272732;27.497584
вуліца Міхася Лынькова;129 к3;улица Михася Лынькова;53.9272732;27.497584
вуліца Міхася Лынькова;123 к3;улица Михася Лынькова;53.9272732;27.497584
вуліца Міхася Лынькова;123 к9;улица Михася Лынькова;53.9272732;27.497584
вуліца Міхася Лынькова;123 к12;улица Михася Лынькова;53.9272732;27.497584
вуліца Міхася Лынькова;123Г к2;улица Михася Лынькова;53.9272732;27.497584
вуліца Міхася Лынькова;123 к7;улица Михася Лынькова;53.9272732;27.497584
вуліца Міхася Лынькова;123В;улица Михася Лынькова;53.9272732;27.497584
вуліца Міхася Лынькова;123 к10;улица Михася Лынькова;53.9272732;27.497584
вуліца Міхася Лынькова;133;улица Михася Лынькова;53.9272732;27.497584
вуліца Міхася Лынькова;123 к2;улица Михася Лынькова;53.9272732;27.497584
вуліца Міхася Лынькова;3;улица Михася Лынькова;53.9272732;27.497584
вуліца Міхася Лынькова;13;улица Михася Лынькова;53.9272732;27.497584
вуліца Міхася Лынькова;11;улица Михася Лынькова;53.9272732;27.497584
вуліца Міхася Лынькова;9;улица Михася Лынькова;53.9272732;27.497584
вуліца Міхася Лынькова;7;улица Михася Лынькова;53.9272732;27.497584
вуліца Міхася Лынькова;15;улица Михася Лынькова;53.9272732;27.497584
вуліца Міхася Лынькова;23В;улица Михася Лынькова;53.9272732;27.497584
вуліца Міхася Лынькова;23Д;улица Михася Лынькова;53.9272732;27.497584
вуліца Міхася Лынькова;23А;улица Михася Лынькова;53.9272732;27.497584
вуліца Міхася Лынькова;23Б;улица Михася Лынькова;53.9272732;27.497584
вуліца Міхася Лынькова;23Г;улица Михася Лынькова;53.9272732;27.497584
вуліца Міхася Лынькова;25;улица Михася Лынькова;53.9272732;27.497584
вуліца Міхася Лынькова;29 к2;улица Михася Лынькова;53.9272732;27.497584
вуліца Міхася Лынькова;29 к3;улица Михася Лынькова;53.9272732;27.497584
вуліца Міхася Лынькова;15Б;улица Михася Лынькова;53.9272732;27.497584
вуліца Міхася Лынькова;31;улица Михася Лынькова;53.9272732;27.497584
вуліца Міхася Лынькова;29 к1;улица Михася Лынькова;53.9272732;27.497584
вуліца Міхася Лынькова;15В;улица Михася Лынькова;53.9272732;27.497584
вуліца Міхася Лынькова;15Г;улица Михася Лынькова;53.9272732;27.497584
вуліца Міхася Лынькова;15А;улица Михася Лынькова;53.9272732;27.497584
вуліца Міхася Лынькова;77;улица Михася Лынькова;53.9272732;27.497584
вуліца Міхася Лынькова;75;улица Михася Лынькова;53.9272732;27.497584
вуліца Міхася Лынькова;41;улица Михася Лынькова;53.9272732;27.497584
вуліца Міхася Лынькова;37;улица Михася Лынькова;53.9272732;27.497584
вуліца Міхася Лынькова;47;улица Михася Лынькова;53.9272732;27.497584
вуліца Міхася Лынькова;45;улица Михася Лынькова;53.9272732;27.497584
вуліца Міхася Лынькова;43;улица Михася Лынькова;53.9272732;27.497584
вуліца Міхася Лынькова;49;улица Михася Лынькова;53.9272732;27.497584
вуліца Міхася Лынькова;97;улица Михася Лынькова;53.9272732;27.497584
вуліца Міхася Лынькова;79А;улица Михася Лынькова;53.9272732;27.497584
вуліца Міхася Лынькова;93;улица Михася Лынькова;53.9272732;27.497584
вуліца Міхася Лынькова;55;улица Михася Лынькова;53.9272732;27.497584
вуліца Міхася Лынькова;65;улица Михася Лынькова;53.9272732;27.497584
вуліца Міхася Лынькова;91;улица Михася Лынькова;53.9272732;27.497584
вуліца Міхася Лынькова;95;улица Михася Лынькова;53.9272732;27.497584
вуліца Міхася Лынькова;51;улица Михася Лынькова;53.9272732;27.497584
вуліца Міхася Лынькова;79;улица Михася Лынькова;53.9272732;27.497584
вуліца Міхася Лынькова;67;улица Михася Лынькова;53.9272732;27.497584
вуліца Міхася Лынькова;71;улица Михася Лынькова;53.9272732;27.497584
вуліца Міхася Лынькова;61;улица Михася Лынькова;53.9272732;27.497584
вуліца Міхася Лынькова;99 к5;улица Михася Лынькова;53.9272732;27.497584
вуліца Міхася Лынькова;85 к1;улица Михася Лынькова;53.9272732;27.497584
вуліца Міхася Лынькова;85 к2;улица Михася Лынькова;53.9272732;27.497584
вуліца Міхася Лынькова;85 к3;улица Михася Лынькова;53.9272732;27.497584
вуліца Міхася Лынькова;85 к5;улица Михася Лынькова;53.9272732;27.497584
вуліца Міхася Лынькова;83;улица Михася Лынькова;53.9272732;27.497584
вуліца Міхася Лынькова;101 к2;улица Михася Лынькова;53.9272732;27.497584
вуліца Міхася Лынькова;85 к4;улица Михася Лынькова;53.9272732;27.497584
вуліца Міхася Лынькова;101 к3;улица Михася Лынькова;53.9272732;27.497584
вуліца Міхася Лынькова;111;улица Михася Лынькова;53.9272732;27.497584
вуліца Міхася Лынькова;105;улица Михася Лынькова;53.9272732;27.497584
вуліца Міхася Лынькова;109 к2;улица Михася Лынькова;53.9272732;27.497584
вуліца Міхася Лынькова;113;улица Михася Лынькова;53.9272732;27.497584
вуліца Міхася Лынькова;117;улица Михася Лынькова;53.9272732;27.497584
вуліца Міхася Лынькова;101 к1;улица Михася Лынькова;53.9272732;27.497584
вуліца Міхася Лынькова;109 к1;улица Михася Лынькова;53.9272732;27.497584
вуліца Міхася Лынькова;99 к4;улица Михася Лынькова;53.9272732;27.497584
вуліца Міхася Лынькова;99В;улица Михася Лынькова;53.9272732;27.497584
вуліца Міхася Лынькова;125;улица Михася Лынькова;53.9272732;27.497584
вуліца Міхася Лынькова;131;улица Михася Лынькова;53.9272732;27.497584
вуліца Міхася Лынькова;123 к5;улица Михася Лынькова;53.9272732;27.497584
вуліца Міхася Лынькова;123 к4;улица Михася Лынькова;53.9272732;27.497584
вуліца Міхася Лынькова;123 к16;улица Михася Лынькова;53.9272732;27.497584
вуліца Міхася Лынькова;123 к15;улица Михася Лынькова;53.9272732;27.497584
вуліца Міхася Лынькова;123 к21;улица Михася Лынькова;53.9272732;27.497584
вуліца Мядзвежына;22;улица Медвежино;53.8948508;27.4691638
вуліца Мядзвежына;19А;улица Медвежино;53.8948508;27.4691638
вуліца Мядзвежына;15;улица Медвежино;53.8948508;27.4691638
вуліца Мядзвежына;20;улица Медвежино;53.8948508;27.4691638
вуліца Мяржынскага;2;улица Мержинского;53.9260648;27.6091103
вуліца Мяржынскага;1;улица Мержинского;53.9260648;27.6091103
вуліца Мяржынскага;3А;улица Мержинского;53.9260648;27.6091103
вуліца Мяснікова;78;улица Мясникова;53.8987199;27.5445192
вуліца Мяснікова;34;улица Мясникова;53.8987199;27.5445192
вуліца Мяснікова;32;улица Мясникова;53.8987199;27.5445192
вуліца Мяснікова;70;улица Мясникова;53.8987199;27.5445192
вуліца Мяснікова;76;улица Мясникова;53.8987199;27.5445192
вуліца Мяснікова;11Б;улица Мясникова;53.8987199;27.5445192
вуліца Мяснікова;40;улица Мясникова;53.8987199;27.5445192
вуліца Мяснікова;11А-1Н;улица Мясникова;53.8987199;27.5445192
вуліца Мяснікова;36;улица Мясникова;53.8987199;27.5445192
вуліца Мяснікова;26;улица Мясникова;53.8987199;27.5445192
вуліца Мяснікова;35;улица Мясникова;53.8987199;27.5445192
вуліца Мяснікова;39;улица Мясникова;53.8987199;27.5445192
вуліца Мяснікова;11А;улица Мясникова;53.8987199;27.5445192
вуліца Мяснікова;7;улица Мясникова;53.8987199;27.5445192
вуліца Напалеона Орды;8;улица Наполеона Орды;53.8465635;27.4877696
вуліца Напалеона Орды;55 к1Н;улица Наполеона Орды;53.8465635;27.4877696
вуліца Напалеона Орды;23;улица Наполеона Орды;53.8465635;27.4877696
вуліца Напалеона Орды;47;улица Наполеона Орды;53.8465635;27.4877696
вуліца Напалеона Орды;55;улица Наполеона Орды;53.8465635;27.4877696
вуліца Напалеона Орды;35;улица Наполеона Орды;53.8465635;27.4877696
вуліца Напалеона Орды;33;улица Наполеона Орды;53.8465635;27.4877696
вуліца Напалеона Орды;9;улица Наполеона Орды;53.8465635;27.4877696
вуліца Напалеона Орды;6;улица Наполеона Орды;53.8465635;27.4877696
вуліца Напалеона Орды;20;улица Наполеона Орды;53.8465635;27.4877696
вуліца Напалеона Орды;7;улица Наполеона Орды;53.8465635;27.4877696
вуліца Напалеона Орды;47А;улица Наполеона Орды;53.8465635;27.4877696
вуліца Напалеона Орды;10;улица Наполеона Орды;53.8465635;27.4877696
вуліца Напалеона Орды;32А;улица Наполеона Орды;53.8465635;27.4877696
вуліца Напалеона Орды;30;улица Наполеона Орды;53.8465635;27.4877696
вуліца Напалеона Орды;32;улица Наполеона Орды;53.8465635;27.4877696
вуліца Натуралістаў;2;улица Натуралистов;53.9283484;27.6177515
вуліца Натуралістаў;4;улица Натуралистов;53.9283484;27.6177515
вуліца Натуралістаў;6;улица Натуралистов;53.9283484;27.6177515
вуліца Натуралістаў;12;улица Натуралистов;53.9283484;27.6177515
вуліца Натуралістаў;14;улица Натуралистов;53.9283484;27.6177515
вуліца Натуралістаў;8;улица Натуралистов;53.9283484;27.6177515
вуліца Нахімава;4;улица Нахимова;53.8828665;27.5983447
вуліца Нахімава;1;улица Нахимова;53.8828665;27.5983447
вуліца Нахімава;9;улица Нахимова;53.8828665;27.5983447
вуліца Нахімава;8;улица Нахимова;53.8828665;27.5983447
вуліца Нахімава;20;улица Нахимова;53.8828665;27.5983447
вуліца Несцерава;51;улица Нестерова;53.883232;27.6822371
вуліца Несцерава;98;улица Нестерова;53.883232;27.6822371
вуліца Несцерава;58;улица Нестерова;53.883232;27.6822371
вуліца Несцерава;3;улица Нестерова;53.883232;27.6822371
вуліца Несцерава;49;улица Нестерова;53.883232;27.6822371
вуліца Несцерава;60А;улица Нестерова;53.883232;27.6822371
вуліца Несцерава;64;улица Нестерова;53.883232;27.6822371
вуліца Несцерава;74;улица Нестерова;53.883232;27.6822371
вуліца Несцерава;80;улица Нестерова;53.883232;27.6822371
вуліца Несцерава;86 к3;улица Нестерова;53.883232;27.6822371
вуліца Несцерава;78;улица Нестерова;53.883232;27.6822371
вуліца Несцерава;86 к1;улица Нестерова;53.883232;27.6822371
вуліца Несцерава;92;улица Нестерова;53.883232;27.6822371
вуліца Несцерава;86 к2;улица Нестерова;53.883232;27.6822371
вуліца Несцерава;70;улица Нестерова;53.883232;27.6822371
вуліца Несцерава;62;улица Нестерова;53.883232;27.6822371
вуліца Несцерава;72;улица Нестерова;53.883232;27.6822371
вуліца Несцерава;82;улица Нестерова;53.883232;27.6822371
вуліца Несцерава;68;улица Нестерова;53.883232;27.6822371
вуліца Несцерава;84;улица Нестерова;53.883232;27.6822371
вуліца Несцерава;60;улица Нестерова;53.883232;27.6822371
вуліца Несцерава;90;улица Нестерова;53.883232;27.6822371
вуліца Несцерава;96;улица Нестерова;53.883232;27.6822371
вуліца Несцерава;94А;улица Нестерова;53.883232;27.6822371
вуліца Несцерава;94;улица Нестерова;53.883232;27.6822371
вуліца Несцерава;76;улица Нестерова;53.883232;27.6822371
вуліца Несцерава;88 к1;улица Нестерова;53.883232;27.6822371
вуліца Несцерава;88 к2;улица Нестерова;53.883232;27.6822371
вуліца Нікіфарава;10;улица Никифорова;53.9390365;27.6927291
вуліца Нікіфарава;51;улица Никифорова;53.9390365;27.6927291
вуліца Нікіфарава;25;улица Никифорова;53.9390365;27.6927291
вуліца Нікіфарава;3;улица Никифорова;53.9390365;27.6927291
вуліца Нікіфарава;2;улица Никифорова;53.9390365;27.6927291
вуліца Нікіціна;36;улица Никитина;53.9500012;27.5819506
вуліца Нікіціна;64;улица Никитина;53.9500012;27.5819506
вуліца Нікіціна;62;улица Никитина;53.9500012;27.5819506
вуліца Ніколы Тэслы;1;улица Николы Теслы;53.8694356;27.5447133
вуліца Ніколы Тэслы;46028;улица Николы Теслы;53.8694356;27.5447133
вуліца Ніколы Тэслы;8;улица Николы Теслы;53.8694356;27.5447133
вуліца Ніколы Тэслы;19;улица Николы Теслы;53.8694356;27.5447133
вуліца Няжданавай;25;улица Неждановой;53.9413513;27.5766873
вуліца Няжданавай;20;улица Неждановой;53.9413513;27.5766873
вуліца Няжданавай;43;улица Неждановой;53.9413513;27.5766873
вуліца Някрасава;73;улица Некрасова;53.9365657;27.5797537
вуліца Някрасава;22 к2;улица Некрасова;53.9365657;27.5797537
вуліца Някрасава;5;улица Некрасова;53.9365657;27.5797537
вуліца Някрасава;12724;улица Некрасова;53.9365657;27.5797537
вуліца Някрасава;3А;улица Некрасова;53.9365657;27.5797537
вуліца Някрасава;35;улица Некрасова;53.9365657;27.5797537
вуліца Някрасава;76;улица Некрасова;53.9365657;27.5797537
вуліца Някрасава;45;улица Некрасова;53.9365657;27.5797537
вуліца Някрасава;41;улица Некрасова;53.9365657;27.5797537
вуліца Някрасава;22;улица Некрасова;53.9365657;27.5797537
вуліца Някрасава;59;улица Некрасова;53.9365657;27.5797537
вуліца Някрасава;114;улица Некрасова;53.9365657;27.5797537
вуліца Някрасава;3А к1;улица Некрасова;53.9365657;27.5797537
вуліца Някрасава;3;улица Некрасова;53.9365657;27.5797537
вуліца Някрасава;21А;улица Некрасова;53.9365657;27.5797537
вуліца Някрасава;31;улица Некрасова;53.9365657;27.5797537
вуліца Някрасава;12;улица Некрасова;53.9365657;27.5797537
вуліца Някрасава;112;улица Некрасова;53.9365657;27.5797537
вуліца Няміга;28;улица Немига;53.8993882;27.5447496
вуліца Няміга;40;улица Немига;53.8993882;27.5447496
вуліца Няміга;8;улица Немига;53.8993882;27.5447496
вуліца Няміга;12Б;улица Немига;53.8993882;27.5447496
вуліца Няміга;3;улица Немига;53.8993882;27.5447496
вуліца Няміга;12А;улица Немига;53.8993882;27.5447496
вуліца Няміга;14А;улица Немига;53.8993882;27.5447496
вуліца Няміга;5;улица Немига;53.8993882;27.5447496
вуліца Няміга;2;улица Немига;53.8993882;27.5447496
вуліца Няміга;42-1H;улица Немига;53.8993882;27.5447496
вуліца Няміга;38 - 219;улица Немига;53.8993882;27.5447496
вуліца Няміга;12А-4;улица Немига;53.8993882;27.5447496
вуліца Няміга;30;улица Немига;53.8993882;27.5447496
вуліца Няміга;3А;улица Немига;53.8993882;27.5447496
вуліца Няміга;14;улица Немига;53.8993882;27.5447496
вуліца Няміга;6;улица Немига;53.8993882;27.5447496
вуліца Няміга;24;улица Немига;53.8993882;27.5447496
вуліца Пажарскага;17;улица Пожарского;53.8839407;27.6758225
вуліца Пажарскага;3;улица Пожарского;53.8839407;27.6758225
вуліца Пажарскага;5;улица Пожарского;53.8839407;27.6758225
вуліца Пажарскага;2;улица Пожарского;53.8839407;27.6758225
вуліца Пажарскага;8;улица Пожарского;53.8839407;27.6758225
вуліца Пажарскага;10;улица Пожарского;53.8839407;27.6758225
вуліца Пажарскага;11;улица Пожарского;53.8839407;27.6758225
вуліца Пажарскага;9;улица Пожарского;53.8839407;27.6758225
вуліца Панамарэнкі;43А;улица Пономаренко;53.8936299;27.4886505
вуліца Панамарэнкі;34;улица Пономаренко;53.8936299;27.4886505
вуліца Панамарэнкі;7;улица Пономаренко;53.8936299;27.4886505
вуліца Панамарэнкі;43;улица Пономаренко;53.8936299;27.4886505
вуліца Панамарэнкі;35А;улица Пономаренко;53.8936299;27.4886505
вуліца Панамарэнкі;32;улица Пономаренко;53.8936299;27.4886505
вуліца Панамарэнкі;38;улица Пономаренко;53.8936299;27.4886505
вуліца Панамарэнкі;75;улица Пономаренко;53.8936299;27.4886505
вуліца Панамарэнкі;32А;улица Пономаренко;53.8936299;27.4886505
вуліца Панамарэнкі;7к5;улица Пономаренко;53.8936299;27.4886505
вуліца Панамарэнкі;7к4;улица Пономаренко;53.8936299;27.4886505
вуліца Панамарэнкі;7к12;улица Пономаренко;53.8936299;27.4886505
вуліца Панамарэнкі;7к7;улица Пономаренко;53.8936299;27.4886505
вуліца Панамарэнкі;7к3;улица Пономаренко;53.8936299;27.4886505
вуліца Панамарэнкі;7к6;улица Пономаренко;53.8936299;27.4886505
вуліца Панамарэнкі;7к2;улица Пономаренко;53.8936299;27.4886505
вуліца Панамарэнкі;8;улица Пономаренко;53.8936299;27.4886505
вуліца Панамарэнкі;43Б;улица Пономаренко;53.8936299;27.4886505
вуліца Панамарэнкі;10А;улица Пономаренко;53.8936299;27.4886505
вуліца Панамарэнкі;7к1;улица Пономаренко;53.8936299;27.4886505
вуліца Панфілава;12;улица Панфилова;53.9142443;27.5258086
вуліца Панфілава;2;улица Панфилова;53.9142443;27.5258086
вуліца Папаніна;11;улица Папанина;53.8843165;27.5158332
вуліца Папова;23;улица Попова;53.8686574;27.5160668
вуліца Папова;22;улица Попова;53.8686574;27.5160668
вуліца Папова;31;улица Попова;53.8686574;27.5160668
вуліца Папова;26;улица Попова;53.8686574;27.5160668
вуліца Папова;2;улица Попова;53.8686574;27.5160668
вуліца Папова;14;улица Попова;53.8686574;27.5160668
вуліца Паўла Шпілеўскага;57;улица Павла Шпилевского;53.8460742;27.5690703
вуліца Паўла Шпілеўскага;54;улица Павла Шпилевского;53.8460742;27.5690703
вуліца Паўла Шпілеўскага;59;улица Павла Шпилевского;53.8460742;27.5690703
вуліца Паўла Шпілеўскага;60;улица Павла Шпилевского;53.8460742;27.5690703
вуліца Паўла Шпілеўскага;56;улица Павла Шпилевского;53.8460742;27.5690703
вуліца Паўла Шпілеўскага;52;улица Павла Шпилевского;53.8460742;27.5690703
вуліца Паўліны Мядзёлкі;24;улица Павлины Медёлки;53.9636373;27.5519749
вуліца Пімена Панчанкі;8;улица Пимена Панченко;53.8904759;27.4149957
вуліца Пімена Панчанкі;60;улица Пимена Панченко;53.8904759;27.4149957
вуліца Пімена Панчанкі;44;улица Пимена Панченко;53.8904759;27.4149957
вуліца Пімена Панчанкі;46031;улица Пимена Панченко;53.8904759;27.4149957
вуліца Пімена Панчанкі;4;улица Пимена Панченко;53.8904759;27.4149957
вуліца Пімена Панчанкі;32;улица Пимена Панченко;53.8904759;27.4149957
вуліца Пімена Панчанкі;16;улица Пимена Панченко;53.8904759;27.4149957
вуліца Пімена Панчанкі;18;улица Пимена Панченко;53.8904759;27.4149957
вуліца Пімена Панчанкі;46;улица Пимена Панченко;53.8904759;27.4149957
вуліца Пімена Панчанкі;38;улица Пимена Панченко;53.8904759;27.4149957
вуліца Пімена Панчанкі;20;улица Пимена Панченко;53.8904759;27.4149957
вуліца Пімена Панчанкі;22;улица Пимена Панченко;53.8904759;27.4149957
вуліца Пімена Панчанкі;26;улица Пимена Панченко;53.8904759;27.4149957
вуліца Пімена Панчанкі;56;улица Пимена Панченко;53.8904759;27.4149957
вуліца Пімена Панчанкі;70;улица Пимена Панченко;53.8904759;27.4149957
вуліца Пімена Панчанкі;68;улица Пимена Панченко;53.8904759;27.4149957
вуліца Пімена Панчанкі;3;улица Пимена Панченко;53.8904759;27.4149957
вуліца Пімена Панчанкі;30;улица Пимена Панченко;53.8904759;27.4149957
вуліца Пімена Панчанкі;17;улица Пимена Панченко;53.8904759;27.4149957
вуліца Пімена Панчанкі;7/1А;улица Пимена Панченко;53.8904759;27.4149957
вуліца Пімена Панчанкі;62;улица Пимена Панченко;53.8904759;27.4149957
вуліца Пімена Панчанкі;9;улица Пимена Панченко;53.8904759;27.4149957
вуліца Пірагова;5;улица Пирогова;53.8449599;27.5491281
вуліца Пірагова;15;улица Пирогова;53.8449599;27.5491281
вуліца Пірагова;3;улица Пирогова;53.8449599;27.5491281
вуліца Пірагова;18А к1;улица Пирогова;53.8449599;27.5491281
вуліца Пірагова;4;улица Пирогова;53.8449599;27.5491281
вуліца Пірагова;2;улица Пирогова;53.8449599;27.5491281
вуліца Пірагова;18А;улица Пирогова;53.8449599;27.5491281
вуліца Пірагова;1;улица Пирогова;53.8449599;27.5491281
вуліца Платонава;20;улица Платонова;53.9147823;27.6039477
вуліца Платонава;12Б;улица Платонова;53.9147823;27.6039477
вуліца Платонава;1Б;улица Платонова;53.9147823;27.6039477
вуліца Платонава;11;улица Платонова;53.9147823;27.6039477
вуліца Платонава;3А;улица Платонова;53.9147823;27.6039477
вуліца Платонава;10;улица Платонова;53.9147823;27.6039477
вуліца Платонава;40;улица Платонова;53.9147823;27.6039477
вуліца Платонава;33;улица Платонова;53.9147823;27.6039477
вуліца Платонава;43;улица Платонова;53.9147823;27.6039477
вуліца Платонава;5;улица Платонова;53.9147823;27.6039477
вуліца Платонава;22;улица Платонова;53.9147823;27.6039477
вуліца Платонава;20Бк4;улица Платонова;53.9147823;27.6039477
вуліца Платонава;37;улица Платонова;53.9147823;27.6039477
вуліца Платонава;20Б;улица Платонова;53.9147823;27.6039477
вуліца Платонава;49;улица Платонова;53.9147823;27.6039477
вуліца Платонава;18;улица Платонова;53.9147823;27.6039477
вуліца Платонава;16А;улица Платонова;53.9147823;27.6039477
вуліца Платонава;12Е;улица Платонова;53.9147823;27.6039477
вуліца Платонава;12А;улица Платонова;53.9147823;27.6039477
вуліца Платонава;15;улица Платонова;53.9147823;27.6039477
вуліца Платонава;38;улица Платонова;53.9147823;27.6039477
вуліца Платонава;12Г;улица Платонова;53.9147823;27.6039477
вуліца Платонава;45;улица Платонова;53.9147823;27.6039477
вуліца Платонава;49А;улица Платонова;53.9147823;27.6039477
вуліца Пляханава;72;улица Плеханова;53.8665116;27.6174203
вуліца Пляханава;75;улица Плеханова;53.8665116;27.6174203
вуліца Пляханава;68 к4;улица Плеханова;53.8665116;27.6174203
вуліца Пляханава;91;улица Плеханова;53.8665116;27.6174203
вуліца Пляханава;32 к1;улица Плеханова;53.8665116;27.6174203
вуліца Пляханава;42;улица Плеханова;53.8665116;27.6174203
вуліца Пляханава;52А;улица Плеханова;53.8665116;27.6174203
вуліца Пляханава;2;улица Плеханова;53.8665116;27.6174203
вуліца Пляханава;4;улица Плеханова;53.8665116;27.6174203
вуліца Пляханава;97 к4;улица Плеханова;53.8665116;27.6174203
вуліца Пляханава;53;улица Плеханова;53.8665116;27.6174203
вуліца Пляханава;89;улица Плеханова;53.8665116;27.6174203
вуліца Пляханава;36;улица Плеханова;53.8665116;27.6174203
вуліца Пляханава;27;улица Плеханова;53.8665116;27.6174203
вуліца Пляханава;1;улица Плеханова;53.8665116;27.6174203
вуліца Пляханава;34;улица Плеханова;53.8665116;27.6174203
вуліца Пляханава;74;улица Плеханова;53.8665116;27.6174203
вуліца Пляханава;60 к2;улица Плеханова;53.8665116;27.6174203
вуліца Пляханава;26А;улица Плеханова;53.8665116;27.6174203
вуліца Пляханава;40;улица Плеханова;53.8665116;27.6174203
вуліца Пляханава;105с1Н;улица Плеханова;53.8665116;27.6174203
вуліца Пляханава;43;улица Плеханова;53.8665116;27.6174203
вуліца Пляханава;51А;улица Плеханова;53.8665116;27.6174203
вуліца Пляханава;14А;улица Плеханова;53.8665116;27.6174203
вуліца Пляханава;24Бк1;улица Плеханова;53.8665116;27.6174203
вуліца Пляханава;54;улица Плеханова;53.8665116;27.6174203
вуліца Пляханава;105А;улица Плеханова;53.8665116;27.6174203
вуліца Пляханава;68А;улица Плеханова;53.8665116;27.6174203
вуліца Пляханава;127;улица Плеханова;53.8665116;27.6174203
вуліца Пляханава;31;улица Плеханова;53.8665116;27.6174203
вуліца Пляханава;28 к1;улица Плеханова;53.8665116;27.6174203
вуліца Пляханава;26;улица Плеханова;53.8665116;27.6174203
вуліца Пляханава;83;улица Плеханова;53.8665116;27.6174203
вуліца Пляханава;93;улица Плеханова;53.8665116;27.6174203
вуліца Пляханава;46;улица Плеханова;53.8665116;27.6174203
вуліца Пляханава;64;улица Плеханова;53.8665116;27.6174203
вуліца Пляханава;62;улица Плеханова;53.8665116;27.6174203
вуліца Пляханава;48;улица Плеханова;53.8665116;27.6174203
вуліца Пляханава;56 к3;улица Плеханова;53.8665116;27.6174203
вуліца Пляханава;56 к2;улица Плеханова;53.8665116;27.6174203
вуліца Пляханава;68 к3;улица Плеханова;53.8665116;27.6174203
вуліца Пляханава;56 к1;улица Плеханова;53.8665116;27.6174203
вуліца Пляханава;52 к1;улица Плеханова;53.8665116;27.6174203
вуліца Пляханава;66;улица Плеханова;53.8665116;27.6174203
вуліца Пляханава;68 к2;улица Плеханова;53.8665116;27.6174203
вуліца Пляханава;68 к1;улица Плеханова;53.8665116;27.6174203
вуліца Пляханава;37;улица Плеханова;53.8665116;27.6174203
вуліца Пляханава;33;улица Плеханова;53.8665116;27.6174203
вуліца Пляханава;45;улица Плеханова;53.8665116;27.6174203
вуліца Пляханава;41;улица Плеханова;53.8665116;27.6174203
вуліца Пляханава;50;улица Плеханова;53.8665116;27.6174203
вуліца Пляханава;54А;улица Плеханова;53.8665116;27.6174203
вуліца Пляханава;70;улица Плеханова;53.8665116;27.6174203
вуліца Пляханава;39;улица Плеханова;53.8665116;27.6174203
вуліца Пляханава;123;улица Плеханова;53.8665116;27.6174203
вуліца Праграмістаў;3;улица Программистов;53.9271885;27.693886
вуліца Праграмістаў;11;улица Программистов;53.9271885;27.693886
вуліца Праграмістаў;7;улица Программистов;53.9271885;27.693886
вуліца Праграмістаў;9;улица Программистов;53.9271885;27.693886
вуліца Праграмістаў;2;улица Программистов;53.9271885;27.693886
вуліца Прушынскіх;33;улица Прушинских;53.8355744;27.5682346
вуліца Прушынскіх;74;улица Прушинских;53.8355744;27.5682346
вуліца Прушынскіх;1;улица Прушинских;53.8355744;27.5682346
вуліца Прушынскіх;48;улица Прушинских;53.8355744;27.5682346
вуліца Прушынскіх;45;улица Прушинских;53.8355744;27.5682346
вуліца Прушынскіх;29;улица Прушинских;53.8355744;27.5682346
вуліца Прушынскіх;31А;улица Прушинских;53.8355744;27.5682346
вуліца Прушынскіх;34;улица Прушинских;53.8355744;27.5682346
вуліца Прушынскіх;78;улица Прушинских;53.8355744;27.5682346
вуліца Прушынскіх;66;улица Прушинских;53.8355744;27.5682346
вуліца Прушынскіх;4;улица Прушинских;53.8355744;27.5682346
вуліца Прушынскіх;14;улица Прушинских;53.8355744;27.5682346
вуліца Прушынскіх;6;улица Прушинских;53.8355744;27.5682346
вуліца Прушынскіх;54;улица Прушинских;53.8355744;27.5682346
вуліца Прушынскіх;58;улица Прушинских;53.8355744;27.5682346
вуліца Прушынскіх;16;улица Прушинских;53.8355744;27.5682346
вуліца Прушынскіх;18;улица Прушинских;53.8355744;27.5682346
вуліца Прушынскіх;62;улица Прушинских;53.8355744;27.5682346
вуліца Прушынскіх;60;улица Прушинских;53.8355744;27.5682346
вуліца Прушынскіх;8;улица Прушинских;53.8355744;27.5682346
вуліца Прушынскіх;2;улица Прушинских;53.8355744;27.5682346
вуліца Прушынскіх;72;улица Прушинских;53.8355744;27.5682346
вуліца Прушынскіх;70;улица Прушинских;53.8355744;27.5682346
вуліца Прушынскіх;7;улица Прушинских;53.8355744;27.5682346
вуліца Прушынскіх;9;улица Прушинских;53.8355744;27.5682346
вуліца Прушынскіх;11;улица Прушинских;53.8355744;27.5682346
вуліца Прушынскіх;55;улица Прушинских;53.8355744;27.5682346
вуліца Прытыцкага;19А;улица Притыцкого;53.9081852;27.4770571
вуліца Прытыцкага;29;улица Притыцкого;53.9081852;27.4770571
вуліца Прытыцкага;60В;улица Притыцкого;53.9081852;27.4770571
вуліца Прытыцкага;32;улица Притыцкого;53.9081852;27.4770571
вуліца Прытыцкага;39-10H;улица Притыцкого;53.9081852;27.4770571
вуліца Прытыцкага;39;улица Притыцкого;53.9081852;27.4770571
вуліца Прытыцкага;87;улица Притыцкого;53.9081852;27.4770571
вуліца Прытыцкага;75;улица Притыцкого;53.9081852;27.4770571
вуліца Прытыцкага;91;улица Притыцкого;53.9081852;27.4770571
вуліца Прытыцкага;6;улица Притыцкого;53.9081852;27.4770571
вуліца Прытыцкага;158;улица Притыцкого;53.9081852;27.4770571
вуліца Прытыцкага;23;улица Притыцкого;53.9081852;27.4770571
вуліца Прытыцкага;62 к2;улица Притыцкого;53.9081852;27.4770571
вуліца Прытыцкага;78;улица Притыцкого;53.9081852;27.4770571
вуліца Прытыцкага;83;улица Притыцкого;53.9081852;27.4770571
вуліца Прытыцкага;142;улица Притыцкого;53.9081852;27.4770571
вуліца Прытыцкага;62В;улица Притыцкого;53.9081852;27.4770571
вуліца Прытыцкага;140;улица Притыцкого;53.9081852;27.4770571
вуліца Прытыцкага;142/3;улица Притыцкого;53.9081852;27.4770571
вуліца Прытыцкага;62/5;улица Притыцкого;53.9081852;27.4770571
вуліца Прытыцкага;42А;улица Притыцкого;53.9081852;27.4770571
вуліца Прытыцкага;46024;улица Притыцкого;53.9081852;27.4770571
вуліца Прытыцкага;93;улица Притыцкого;53.9081852;27.4770571
вуліца Прытыцкага;10;улица Притыцкого;53.9081852;27.4770571
вуліца Прытыцкага;40;улица Притыцкого;53.9081852;27.4770571
вуліца Прытыцкага;65;улица Притыцкого;53.9081852;27.4770571
вуліца Прытыцкага;2;улица Притыцкого;53.9081852;27.4770571
вуліца Прытыцкага;97;улица Притыцкого;53.9081852;27.4770571
вуліца Прытыцкага;156;улица Притыцкого;53.9081852;27.4770571
вуліца Прытыцкага;101А;улица Притыцкого;53.9081852;27.4770571
вуліца Прытыцкага;79;улица Притыцкого;53.9081852;27.4770571
вуліца Прытыцкага;46083;улица Притыцкого;53.9081852;27.4770571
вуліца Прытыцкага;42;улица Притыцкого;53.9081852;27.4770571
вуліца Прытыцкага;146;улица Притыцкого;53.9081852;27.4770571
вуліца Прытыцкага;60Д;улица Притыцкого;53.9081852;27.4770571
вуліца Прытыцкага;105;улица Притыцкого;53.9081852;27.4770571
вуліца Прытыцкага;30А;улица Притыцкого;53.9081852;27.4770571
вуліца Прытыцкага;156/1;улица Притыцкого;53.9081852;27.4770571
вуліца Прытыцкага;24;улица Притыцкого;53.9081852;27.4770571
вуліца Прытыцкага;62Б;улица Притыцкого;53.9081852;27.4770571
вуліца Прытыцкага;156-9;улица Притыцкого;53.9081852;27.4770571
вуліца Прытыцкага;Переход метро;улица Притыцкого;53.9081852;27.4770571
вуліца Прытыцкага;12;улица Притыцкого;53.9081852;27.4770571
вуліца Прытыцкага;4;улица Притыцкого;53.9081852;27.4770571
вуліца Прытыцкага;38;улица Притыцкого;53.9081852;27.4770571
вуліца Прытыцкага;115;улица Притыцкого;53.9081852;27.4770571
вуліца Прытыцкага;60В/1;улица Притыцкого;53.9081852;27.4770571
вуліца Прытыцкага;101a;улица Притыцкого;53.9081852;27.4770571
вуліца Прытыцкага;8;улица Притыцкого;53.9081852;27.4770571
вуліца Прытыцкага;62к20;улица Притыцкого;53.9081852;27.4770571
вуліца Прытыцкага;28;улица Притыцкого;53.9081852;27.4770571
вуліца Прытыцкага;16;улица Притыцкого;53.9081852;27.4770571
вуліца Прытыцкага;27;улица Притыцкого;53.9081852;27.4770571
вуліца Прытыцкага;46;улица Притыцкого;53.9081852;27.4770571
вуліца Прытыцкага;65к3;улица Притыцкого;53.9081852;27.4770571
вуліца Прытыцкага;65к2;улица Притыцкого;53.9081852;27.4770571
вуліца Прытыцкага;62/17;улица Притыцкого;53.9081852;27.4770571
вуліца Прытыцкага;62/23;улица Притыцкого;53.9081852;27.4770571
вуліца Прытыцкага;62/24;улица Притыцкого;53.9081852;27.4770571
вуліца Прытыцкага;62/28;улица Притыцкого;53.9081852;27.4770571
вуліца Прытыцкага;62/11;улица Притыцкого;53.9081852;27.4770571
вуліца Прытыцкага;62/10;улица Притыцкого;53.9081852;27.4770571
вуліца Прытыцкага;62/29;улица Притыцкого;53.9081852;27.4770571
вуліца Прытыцкага;64Б;улица Притыцкого;53.9081852;27.4770571
вуліца Прытыцкага;18 к3;улица Притыцкого;53.9081852;27.4770571
вуліца Прытыцкага;18 к4;улица Притыцкого;53.9081852;27.4770571
вуліца Прытыцкага;18 к2;улица Притыцкого;53.9081852;27.4770571
вуліца Прытыцкага;22;улица Притыцкого;53.9081852;27.4770571
вуліца Прытыцкага;20;улица Притыцкого;53.9081852;27.4770571
вуліца Прытыцкага;26;улица Притыцкого;53.9081852;27.4770571
вуліца Прытыцкага;3;улица Притыцкого;53.9081852;27.4770571
вуліца Прытыцкага;48;улица Притыцкого;53.9081852;27.4770571
вуліца Прытыцкага;62Ж;улица Притыцкого;53.9081852;27.4770571
вуліца Прытыцкага;46055;улица Притыцкого;53.9081852;27.4770571
вуліца Прытыцкага;2А;улица Притыцкого;53.9081852;27.4770571
вуліца Прытыцкага;8А;улица Притыцкого;53.9081852;27.4770571
вуліца Прытыцкага;66;улица Притыцкого;53.9081852;27.4770571
вуліца Прытыцкага;97Б;улица Притыцкого;53.9081852;27.4770571
вуліца Прытыцкага;28А;улица Притыцкого;53.9081852;27.4770571
вуліца Прытыцкага;27А;улица Притыцкого;53.9081852;27.4770571
вуліца Прытыцкага;58;улица Притыцкого;53.9081852;27.4770571
вуліца Прытыцкага;14;улица Притыцкого;53.9081852;27.4770571
вуліца Прытыцкага;18 к1;улица Притыцкого;53.9081852;27.4770571
вуліца Прытыцкага;2Б;улица Притыцкого;53.9081852;27.4770571
вуліца Прытыцкага;156/2;улица Притыцкого;53.9081852;27.4770571
вуліца Прытыцкага;35;улица Притыцкого;53.9081852;27.4770571
вуліца Прытыцкага;64А;улица Притыцкого;53.9081852;27.4770571
вуліца Прытыцкага;111;улица Притыцкого;53.9081852;27.4770571
вуліца Прытыцкага;62А/1;улица Притыцкого;53.9081852;27.4770571
вуліца Прытыцкага;64к4;улица Притыцкого;53.9081852;27.4770571
вуліца Прытыцкага;62/18;улица Притыцкого;53.9081852;27.4770571
вуліца Прытыцкага;62/4;улица Притыцкого;53.9081852;27.4770571
вуліца Прытыцкага;62/22;улица Притыцкого;53.9081852;27.4770571
вуліца Прытыцкага;62/14;улица Притыцкого;53.9081852;27.4770571
вуліца Прытыцкага;62/15;улица Притыцкого;53.9081852;27.4770571
вуліца Прытыцкага;62/16;улица Притыцкого;53.9081852;27.4770571
вуліца Прытыцкага;62/7;улица Притыцкого;53.9081852;27.4770571
вуліца Прытыцкага;62;улица Притыцкого;53.9081852;27.4770571
вуліца Прытыцкага;62/2;улица Притыцкого;53.9081852;27.4770571
вуліца Пуліхава;3;улица Пулихова;53.8997092;27.5745948
вуліца Пуліхава;19;улица Пулихова;53.8997092;27.5745948
вуліца Пуліхава;35;улица Пулихова;53.8997092;27.5745948
вуліца Пуліхава;21;улица Пулихова;53.8997092;27.5745948
вуліца Пуліхава;5;улица Пулихова;53.8997092;27.5745948
вуліца Пуліхава;53;улица Пулихова;53.8997092;27.5745948
вуліца Пуліхава;7 к1;улица Пулихова;53.8997092;27.5745948
вуліца Пуліхава;3Б;улица Пулихова;53.8997092;27.5745948
вуліца Пуліхава;7 к2;улица Пулихова;53.8997092;27.5745948
вуліца Пятра Глебкі;118;улица Петра Глебки;53.925448;27.4773556
вуліца Пятра Глебкі;11;улица Петра Глебки;53.925448;27.4773556
вуліца Пятра Глебкі;30;улица Петра Глебки;53.925448;27.4773556
вуліца Пятра Глебкі;64А;улица Петра Глебки;53.925448;27.4773556
вуліца Пятра Глебкі;5;улица Петра Глебки;53.925448;27.4773556
вуліца Пятра Глебкі;2;улица Петра Глебки;53.925448;27.4773556
вуліца Пятра Глебкі;84А;улица Петра Глебки;53.925448;27.4773556
вуліца Пятра Глебкі;120;улица Петра Глебки;53.925448;27.4773556
вуліца Пятра Глебкі;17а;улица Петра Глебки;53.925448;27.4773556
вуліца Пятра Глебкі;126;улица Петра Глебки;53.925448;27.4773556
вуліца Пятра Глебкі;94;улица Петра Глебки;53.925448;27.4773556
вуліца Пятра Глебкі;92;улица Петра Глебки;53.925448;27.4773556
вуліца Пятра Глебкі;98;улица Петра Глебки;53.925448;27.4773556
вуліца Пятра Глебкі;90;улица Петра Глебки;53.925448;27.4773556
вуліца Пятра Глебкі;26;улица Петра Глебки;53.925448;27.4773556
вуліца Пятра Мсціслаўца;9;улица Петра Мстиславца;53.9337375;27.6549216
вуліца Пятра Мсціслаўца;11;улица Петра Мстиславца;53.9337375;27.6549216
вуліца Пятра Мсціслаўца;20;улица Петра Мстиславца;53.9337375;27.6549216
вуліца Пятра Мсціслаўца;17;улица Петра Мстиславца;53.9337375;27.6549216
вуліца Пятра Мсціслаўца;8;улица Петра Мстиславца;53.9337375;27.6549216
вуліца Пятра Мсціслаўца;12;улица Петра Мстиславца;53.9337375;27.6549216
вуліца Пятра Мсціслаўца;13;улица Петра Мстиславца;53.9337375;27.6549216
вуліца Пятра Мсціслаўца;18;улица Петра Мстиславца;53.9337375;27.6549216
вуліца Пятра Мсціслаўца;3;улица Петра Мстиславца;53.9337375;27.6549216
вуліца Пятра Мсціслаўца;5;улица Петра Мстиславца;53.9337375;27.6549216
вуліца Пятра Мсціслаўца;24;улица Петра Мстиславца;53.9337375;27.6549216
вуліца Пятра Мсціслаўца;6;улица Петра Мстиславца;53.9337375;27.6549216
вуліца Пятра Мсціслаўца;10;улица Петра Мстиславца;53.9337375;27.6549216
вуліца Пятра Мсціслаўца;2;улица Петра Мстиславца;53.9337375;27.6549216
вуліца Пятра Мсціслаўца;7;улица Петра Мстиславца;53.9337375;27.6549216
вуліца Пятроўшчына;35;улица Петровщина;53.8676516;27.4943392
вуліца Пятроўшчына;39;улица Петровщина;53.8676516;27.4943392
вуліца Пятроўшчына;41;улица Петровщина;53.8676516;27.4943392
вуліца Пятроўшчына;43;улица Петровщина;53.8676516;27.4943392
вуліца Пятроўшчына;45;улица Петровщина;53.8676516;27.4943392
вуліца Пятруся Броўкі;7;улица Петруся Бровки;53.9184965;27.5946647
вуліца Пятруся Броўкі;22;улица Петруся Бровки;53.9184965;27.5946647
вуліца Пятруся Броўкі;15;улица Петруся Бровки;53.9184965;27.5946647
вуліца Пятруся Броўкі;10;улица Петруся Бровки;53.9184965;27.5946647
вуліца Пятруся Броўкі;46034;улица Петруся Бровки;53.9184965;27.5946647
вуліца Пятруся Броўкі;23;улица Петруся Бровки;53.9184965;27.5946647
вуліца Пятруся Броўкі;6;улица Петруся Бровки;53.9184965;27.5946647
вуліца Пятруся Броўкі;4;улица Петруся Бровки;53.9184965;27.5946647
вуліца Пятруся Броўкі;3 к2;улица Петруся Бровки;53.9184965;27.5946647
вуліца Пятруся Броўкі;4А;улица Петруся Бровки;53.9184965;27.5946647
вуліца Пятруся Броўкі;18;улица Петруся Бровки;53.9184965;27.5946647
вуліца Пятруся Броўкі;2;улица Петруся Бровки;53.9184965;27.5946647
вуліца Пятруся Броўкі;28;улица Петруся Бровки;53.9184965;27.5946647
вуліца Пятруся Броўкі;16;улица Петруся Бровки;53.9184965;27.5946647
вуліца Пятруся Броўкі;30;улица Петруся Бровки;53.9184965;27.5946647
вуліца Пятруся Броўкі;7А;улица Петруся Бровки;53.9184965;27.5946647
вуліца Пятруся Броўкі;14;улица Петруся Бровки;53.9184965;27.5946647
вуліца Пятруся Броўкі;13;улица Петруся Бровки;53.9184965;27.5946647
вуліца Пятруся Броўкі;15А;улица Петруся Бровки;53.9184965;27.5946647
вуліца Пятруся Броўкі;24;улица Петруся Бровки;53.9184965;27.5946647
вуліца Пятруся Броўкі;21А/1;улица Петруся Бровки;53.9184965;27.5946647
вуліца Пятруся Броўкі;30/2;улица Петруся Бровки;53.9184965;27.5946647
вуліца Пятруся Броўкі;19Б;улица Петруся Бровки;53.9184965;27.5946647
вуліца Пятруся Броўкі;19А;улица Петруся Бровки;53.9184965;27.5946647
вуліца Пятруся Броўкі;46074;улица Петруся Бровки;53.9184965;27.5946647
вуліца Пятруся Броўкі;46043;улица Петруся Бровки;53.9184965;27.5946647
вуліца Пятруся Броўкі;19;улица Петруся Бровки;53.9184965;27.5946647
вуліца Пятруся Броўкі;32;улица Петруся Бровки;53.9184965;27.5946647
вуліца Пятруся Броўкі;46049;улица Петруся Бровки;53.9184965;27.5946647
вуліца Пятруся Броўкі;38Б;улица Петруся Бровки;53.9184965;27.5946647
вуліца Пятруся Броўкі;46047;улица Петруся Бровки;53.9184965;27.5946647
вуліца Пятруся Броўкі;38;улица Петруся Бровки;53.9184965;27.5946647
вуліца Пятруся Броўкі;40;улица Петруся Бровки;53.9184965;27.5946647
вуліца Пятруся Броўкі;46078;улица Петруся Бровки;53.9184965;27.5946647
вуліца Пятруся Броўкі;27;улица Петруся Бровки;53.9184965;27.5946647
вуліца Пятруся Броўкі;25;улица Петруся Бровки;53.9184965;27.5946647
вуліца Пятруся Броўкі;46065;улица Петруся Бровки;53.9184965;27.5946647
вуліца Пятруся Броўкі;5;улица Петруся Бровки;53.9184965;27.5946647
вуліца Пятруся Броўкі;46109;улица Петруся Бровки;53.9184965;27.5946647
вуліца Пятруся Броўкі;46140;улица Петруся Бровки;53.9184965;27.5946647
вуліца Пятруся Броўкі;30/14;улица Петруся Бровки;53.9184965;27.5946647
вуліца Пятруся Броўкі;46386;улица Петруся Бровки;53.9184965;27.5946647
вуліца Пятруся Броўкі;46264;улица Петруся Бровки;53.9184965;27.5946647
вуліца Пятруся Броўкі;32А;улица Петруся Бровки;53.9184965;27.5946647
вуліца Пятруся Броўкі;3;улица Петруся Бровки;53.9184965;27.5946647
вуліца Пятруся Броўкі;16А;улица Петруся Бровки;53.9184965;27.5946647
вуліца Пятруся Броўкі;46081;улица Петруся Бровки;53.9184965;27.5946647
вуліца Пятруся Броўкі;46050;улица Петруся Бровки;53.9184965;27.5946647
вуліца Пятруся Броўкі;46325;улица Петруся Бровки;53.9184965;27.5946647
вуліца Пятруся Броўкі;46139;улица Петруся Бровки;53.9184965;27.5946647
вуліца Пятруся Броўкі;19В;улица Петруся Бровки;53.9184965;27.5946647
вуліца Пятруся Броўкі;46170;улица Петруся Бровки;53.9184965;27.5946647
вуліца Радзішчава;28;улица Радищева;53.8767778;27.544842
вуліца Радзішчава;26;улица Радищева;53.8767778;27.544842
вуліца Радзішчава;30;улица Радищева;53.8767778;27.544842
вуліца Радзішчава;17;улица Радищева;53.8767778;27.544842
вуліца Радзішчава;23;улица Радищева;53.8767778;27.544842
вуліца Радзішчава;25;улица Радищева;53.8767778;27.544842
вуліца Радзішчава;40;улица Радищева;53.8767778;27.544842
вуліца Радзішчава;27;улица Радищева;53.8767778;27.544842
вуліца Радзішчава;21;улица Радищева;53.8767778;27.544842
вуліца Радзішчава;19;улица Радищева;53.8767778;27.544842
вуліца Радзішчава;32;улица Радищева;53.8767778;27.544842
вуліца Радзішчава;29;улица Радищева;53.8767778;27.544842
вуліца Радзішчава;19А;улица Радищева;53.8767778;27.544842
вуліца Радзішчава;20;улица Радищева;53.8767778;27.544842
вуліца Радзішчава;31;улица Радищева;53.8767778;27.544842
вуліца Радзішчава;33;улица Радищева;53.8767778;27.544842
вуліца Раманаўская Слабада;26;улица Романовская Слобода;53.9050057;27.5429121
вуліца Раманаўская Слабада;11;улица Романовская Слобода;53.9050057;27.5429121
вуліца Раманаўская Слабада;24;улица Романовская Слобода;53.9050057;27.5429121
вуліца Раманаўская Слабада;8;улица Романовская Слобода;53.9050057;27.5429121
вуліца Раманаўская Слабада;13;улица Романовская Слобода;53.9050057;27.5429121
вуліца Раманаўская Слабада;10А;улица Романовская Слобода;53.9050057;27.5429121
вуліца Раманаўская Слабада;3А;улица Романовская Слобода;53.9050057;27.5429121
вуліца Раманаўская Слабада;14А;улица Романовская Слобода;53.9050057;27.5429121
вуліца Раманаўская Слабада;5;улица Романовская Слобода;53.9050057;27.5429121
вуліца Раманаўская Слабада;5В;улица Романовская Слобода;53.9050057;27.5429121
вуліца Раманаўская Слабада;7А;улица Романовская Слобода;53.9050057;27.5429121
вуліца Раманаўская Слабада;3;улица Романовская Слобода;53.9050057;27.5429121
вуліца Раманаўская Слабада;1;улица Романовская Слобода;53.9050057;27.5429121
вуліца Раманаўская Слабада;22;улица Романовская Слобода;53.9050057;27.5429121
вуліца Раманаўская Слабада;18;улица Романовская Слобода;53.9050057;27.5429121
вуліца Раманаўская Слабада;20;улица Романовская Слобода;53.9050057;27.5429121
вуліца Раманаўская Слабада;9;улица Романовская Слобода;53.9050057;27.5429121
вуліца Раманаўская Слабада;7;улица Романовская Слобода;53.9050057;27.5429121
вуліца Раманаўская Слабада;5А;улица Романовская Слобода;53.9050057;27.5429121
вуліца Раманаўская Слабада;10Б;улица Романовская Слобода;53.9050057;27.5429121
вуліца Раманаўская Слабада;28;улица Романовская Слобода;53.9050057;27.5429121
вуліца Раманаўская Слабада;18А;улица Романовская Слобода;53.9050057;27.5429121
вуліца Раманаўская Слабада;16Б;улица Романовская Слобода;53.9050057;27.5429121
вуліца Раманаўская Слабада;12Б;улица Романовская Слобода;53.9050057;27.5429121
вуліца Раманаўская Слабада;14Б;улица Романовская Слобода;53.9050057;27.5429121
вуліца Раманаўская Слабада;10;улица Романовская Слобода;53.9050057;27.5429121
вуліца Раманаўская Слабада;12;улица Романовская Слобода;53.9050057;27.5429121
вуліца Раманаўская Слабада;14;улица Романовская Слобода;53.9050057;27.5429121
вуліца Раманаўская Слабада;16;улица Романовская Слобода;53.9050057;27.5429121
вуліца Рафіева;16;улица Рафиева;53.8651016;27.4538781
вуліца Рафіева;16Л/1;улица Рафиева;53.8651016;27.4538781
вуліца Рафіева;88А;улица Рафиева;53.8651016;27.4538781
вуліца Рафіева;95;улица Рафиева;53.8651016;27.4538781
вуліца Рафіева;60;улица Рафиева;53.8651016;27.4538781
вуліца Рафіева;78;улица Рафиева;53.8651016;27.4538781
вуліца Рафіева;48;улица Рафиева;53.8651016;27.4538781
вуліца Рафіева;64;улица Рафиева;53.8651016;27.4538781
вуліца Рафіева;56;улица Рафиева;53.8651016;27.4538781
вуліца Рафіева;81А;улица Рафиева;53.8651016;27.4538781
вуліца Рафіева;44;улица Рафиева;53.8651016;27.4538781
вуліца Рафіева;33;улица Рафиева;53.8651016;27.4538781
вуліца Рафіева;3 к1;улица Рафиева;53.8651016;27.4538781
вуліца Рафіева;3 к2;улица Рафиева;53.8651016;27.4538781
вуліца Рафіева;25 к1;улица Рафиева;53.8651016;27.4538781
вуліца Рафіева;7;улица Рафиева;53.8651016;27.4538781
вуліца Рафіева;11;улица Рафиева;53.8651016;27.4538781
вуліца Рафіева;58;улица Рафиева;53.8651016;27.4538781
вуліца Розы Люксембург;108;улица Розы Люксембург;53.8899793;27.5027646
вуліца Розы Люксембург;195;улица Розы Люксембург;53.8899793;27.5027646
вуліца Розы Люксембург;143;улица Розы Люксембург;53.8899793;27.5027646
вуліца Розы Люксембург;95;улица Розы Люксембург;53.8899793;27.5027646
вуліца Розы Люксембург;96;улица Розы Люксембург;53.8899793;27.5027646
вуліца Розы Люксембург;98;улица Розы Люксембург;53.8899793;27.5027646
вуліца Розы Люксембург;103;улица Розы Люксембург;53.8899793;27.5027646
вуліца Розы Люксембург;171А;улица Розы Люксембург;53.8899793;27.5027646
вуліца Розы Люксембург;104;улица Розы Люксембург;53.8899793;27.5027646
вуліца Розы Люксембург;101;улица Розы Люксембург;53.8899793;27.5027646
вуліца Розы Люксембург;105А;улица Розы Люксембург;53.8899793;27.5027646
вуліца Розы Люксембург;183;улица Розы Люксембург;53.8899793;27.5027646
вуліца Розы Люксембург;80;улица Розы Люксембург;53.8899793;27.5027646
вуліца Розы Люксембург;128;улица Розы Люксембург;53.8899793;27.5027646
вуліца Розы Люксембург;109;улица Розы Люксембург;53.8899793;27.5027646
вуліца Розы Люксембург;147;улица Розы Люксембург;53.8899793;27.5027646
вуліца Розы Люксембург;116;улица Розы Люксембург;53.8899793;27.5027646
вуліца Розы Люксембург;185;улица Розы Люксембург;53.8899793;27.5027646
вуліца Розы Люксембург;158;улица Розы Люксембург;53.8899793;27.5027646
вуліца Розы Люксембург;187;улица Розы Люксембург;53.8899793;27.5027646
вуліца Розы Люксембург;174;улица Розы Люксембург;53.8899793;27.5027646
вуліца Розы Люксембург;176;улица Розы Люксембург;53.8899793;27.5027646
вуліца Розы Люксембург;172;улица Розы Люксембург;53.8899793;27.5027646
вуліца Розы Люксембург;173;улица Розы Люксембург;53.8899793;27.5027646
вуліца Розы Люксембург;177;улица Розы Люксембург;53.8899793;27.5027646
вуліца Розы Люксембург;165;улица Розы Люксембург;53.8899793;27.5027646
вуліца Розы Люксембург;169;улица Розы Люксембург;53.8899793;27.5027646
вуліца Розы Люксембург;168 к2;улица Розы Люксембург;53.8899793;27.5027646
вуліца Розы Люксембург;197;улица Розы Люксембург;53.8899793;27.5027646
вуліца Розы Люксембург;167;улица Розы Люксембург;53.8899793;27.5027646
вуліца Розы Люксембург;175;улица Розы Люксембург;53.8899793;27.5027646
вуліца Розы Люксембург;115А;улица Розы Люксембург;53.8899793;27.5027646
вуліца Розы Люксембург;205А;улица Розы Люксембург;53.8899793;27.5027646
вуліца Розы Люксембург;110Б;улица Розы Люксембург;53.8899793;27.5027646
вуліца Розы Люксембург;178;улица Розы Люксембург;53.8899793;27.5027646
вуліца Ротмістрава;61А;улица Ротмистрова;53.8497673;27.697191
вуліца Ротмістрава;52;улица Ротмистрова;53.8497673;27.697191
вуліца Ротмістрава;42;улица Ротмистрова;53.8497673;27.697191
вуліца Ротмістрава;50Б;улица Ротмистрова;53.8497673;27.697191
вуліца Ротмістрава;2;улица Ротмистрова;53.8497673;27.697191
вуліца Ротмістрава;42а;улица Ротмистрова;53.8497673;27.697191
вуліца Ротмістрава;26;улица Ротмистрова;53.8497673;27.697191
вуліца Ротмістрава;56;улица Ротмистрова;53.8497673;27.697191
вуліца Ротмістрава;66;улица Ротмистрова;53.8497673;27.697191
вуліца Ротмістрава;64;улица Ротмистрова;53.8497673;27.697191
вуліца Ротмістрава;48;улица Ротмистрова;53.8497673;27.697191
вуліца Ротмістрава;50;улица Ротмистрова;53.8497673;27.697191
вуліца Ротмістрава;62;улица Ротмистрова;53.8497673;27.697191
вуліца Ротмістрава;38;улица Ротмистрова;53.8497673;27.697191
вуліца Ротмістрава;36 к3;улица Ротмистрова;53.8497673;27.697191
вуліца Ротмістрава;36 к4;улица Ротмистрова;53.8497673;27.697191
вуліца Ротмістрава;36 к5;улица Ротмистрова;53.8497673;27.697191
вуліца Ротмістрава;18;улица Ротмистрова;53.8497673;27.697191
вуліца Ротмістрава;22;улица Ротмистрова;53.8497673;27.697191
вуліца Ротмістрава;24;улица Ротмистрова;53.8497673;27.697191
вуліца Ротмістрава;30;улица Ротмистрова;53.8497673;27.697191
вуліца Ротмістрава;34;улица Ротмистрова;53.8497673;27.697191
вуліца Ротмістрава;36 к1;улица Ротмистрова;53.8497673;27.697191
вуліца Ротмістрава;28;улица Ротмистрова;53.8497673;27.697191
вуліца Ротмістрава;14;улица Ротмистрова;53.8497673;27.697191
вуліца Ротмістрава;8;улица Ротмистрова;53.8497673;27.697191
вуліца Ротмістрава;12;улица Ротмистрова;53.8497673;27.697191
вуліца Ротмістрава;10;улица Ротмистрова;53.8497673;27.697191
вуліца Ротмістрава;32;улица Ротмистрова;53.8497673;27.697191
вуліца Ротмістрава;6;улица Ротмистрова;53.8497673;27.697191
вуліца Ротмістрава;4;улица Ротмистрова;53.8497673;27.697191
вуліца Ротмістрава;40;улица Ротмистрова;53.8497673;27.697191
вуліца Ротмістрава;58;улица Ротмистрова;53.8497673;27.697191
вуліца Ротмістрава;60;улица Ротмистрова;53.8497673;27.697191
вуліца Ротмістрава;9;улица Ротмистрова;53.8497673;27.697191
вуліца Румянцава;16;улица Петра Румянцева;53.9088069;27.5795509
вуліца Румянцава;11;улица Петра Румянцева;53.9088069;27.5795509
вуліца Румянцава;1;улица Петра Румянцева;53.9088069;27.5795509
вуліца Румянцава;9;улица Петра Румянцева;53.9088069;27.5795509
вуліца Румянцава;5;улица Петра Румянцева;53.9088069;27.5795509
вуліца Румянцава;7;улица Петра Румянцева;53.9088069;27.5795509
вуліца Румянцава;3;улица Петра Румянцева;53.9088069;27.5795509
вуліца Румянцава;6;улица Петра Румянцева;53.9088069;27.5795509
вуліца Румянцава;2;улица Петра Румянцева;53.9088069;27.5795509
вуліца Румянцава;10;улица Петра Румянцева;53.9088069;27.5795509
вуліца Русановіча;43;улица Русановича;53.8798535;27.4710608
вуліца Русіянава;1;улица Руссиянова;53.9333761;27.6914795
вуліца Русіянава;4;улица Руссиянова;53.9333761;27.6914795
вуліца Русіянава;10;улица Руссиянова;53.9333761;27.6914795
вуліца Русіянава;12;улица Руссиянова;53.9333761;27.6914795
вуліца Русіянава;36;улица Руссиянова;53.9333761;27.6914795
вуліца Русіянава;6;улица Руссиянова;53.9333761;27.6914795
вуліца Русіянава;9;улица Руссиянова;53.9333761;27.6914795
вуліца Русіянава;7;улица Руссиянова;53.9333761;27.6914795
вуліца Русіянава;11;улица Руссиянова;53.9333761;27.6914795
вуліца Русіянава;21;улица Руссиянова;53.9333761;27.6914795
вуліца Русіянава;1 офис 8;улица Руссиянова;53.9333761;27.6914795
вуліца Русіянава;7А;улица Руссиянова;53.9333761;27.6914795
вуліца Русіянава;13 к4;улица Руссиянова;53.9333761;27.6914795
вуліца Русіянава;13 к1;улица Руссиянова;53.9333761;27.6914795
вуліца Русіянава;13 к2;улица Руссиянова;53.9333761;27.6914795
вуліца Русіянава;13 к3;улица Руссиянова;53.9333761;27.6914795
вуліца Рыбалкі;2;улица Рыбалко;53.8883266;27.594353
вуліца Рыбалкі;20;улица Рыбалко;53.8883266;27.594353
вуліца Рыбалкі;1;улица Рыбалко;53.8883266;27.594353
вуліца Рыбалкі;3;улица Рыбалко;53.8883266;27.594353
вуліца Рыбалкі;13А;улица Рыбалко;53.8883266;27.594353
вуліца Рэпіна;4;улица Репина;53.9130583;27.5265345
вуліца Савіцкага;35;улица Михаила Савицкого;53.8663847;27.534752
вуліца Савіцкага;37;улица Михаила Савицкого;53.8663847;27.534752
вуліца Савіцкага;39;улица Михаила Савицкого;53.8663847;27.534752
вуліца Сапёраў;5;улица Сапёров;53.9244951;27.5225537
вуліца Сасновы Бор;2;улица Сосновый Бор;53.9664571;27.589713
вуліца Сасновы Бор;37А;улица Сосновый Бор;53.9664571;27.589713
вуліца Сасновы Бор;77;улица Сосновый Бор;53.9664571;27.589713
вуліца Свярдлова;4;улица Свердлова;53.8927764;27.5556723
вуліца Свярдлова;26;улица Свердлова;53.8927764;27.5556723
вуліца Свярдлова;23;улица Свердлова;53.8927764;27.5556723
вуліца Свярдлова;13а;улица Свердлова;53.8927764;27.5556723
вуліца Свярдлова;32А;улица Свердлова;53.8927764;27.5556723
вуліца Свярдлова;24;улица Свердлова;53.8927764;27.5556723
вуліца Свярдлова;1;улица Свердлова;53.8927764;27.5556723
вуліца Свярдлова;28;улица Свердлова;53.8927764;27.5556723
вуліца Свярдлова;5;улица Свердлова;53.8927764;27.5556723
вуліца Свярдлова;22;улица Свердлова;53.8927764;27.5556723
вуліца Свярдлова;15;улица Свердлова;53.8927764;27.5556723
вуліца Свярдлова;20;улица Свердлова;53.8927764;27.5556723
вуліца Свярдлова;2;улица Свердлова;53.8927764;27.5556723
вуліца Свярдлова;46135;улица Свердлова;53.8927764;27.5556723
вуліца Свярдлова;11;улица Свердлова;53.8927764;27.5556723
вуліца Свярдлова;46226;улица Свердлова;53.8927764;27.5556723
вуліца Свярдлова;34;улица Свердлова;53.8927764;27.5556723
вуліца Свярдлова;32;улица Свердлова;53.8927764;27.5556723
вуліца Серафімовіча;2;улица Серафимовича;53.8886344;27.5877916
вуліца Серафімовіча;13;улица Серафимовича;53.8886344;27.5877916
вуліца Серафімовіча;25;улица Серафимовича;53.8886344;27.5877916
вуліца Серафімовіча;17;улица Серафимовича;53.8886344;27.5877916
вуліца Серафімовіча;15;улица Серафимовича;53.8886344;27.5877916
вуліца Серафімовіча;6 к2;улица Серафимовича;53.8886344;27.5877916
вуліца Серафімовіча;11;улица Серафимовича;53.8886344;27.5877916
вуліца Сердзіча;10;улица Данилы Сердича;53.9156282;27.4877558
вуліца Скрыганава;6А;улица Скрыганова;53.9083753;27.5156795
вуліца Скрыганава;4Д;улица Скрыганова;53.9083753;27.5156795
вуліца Скрыганава;39/10;улица Скрыганова;53.9083753;27.5156795
вуліца Скрыганава;14;улица Скрыганова;53.9083753;27.5156795
вуліца Скрыганава;4А;улица Скрыганова;53.9083753;27.5156795
вуліца Скрыганава;2;улица Скрыганова;53.9083753;27.5156795
вуліца Скрыганава;6;улица Скрыганова;53.9083753;27.5156795
вуліца Скрыганава;46059;улица Скрыганова;53.9083753;27.5156795
вуліца Скрыганава;1;улица Скрыганова;53.9083753;27.5156795
вуліца Скрыганава;4;улица Скрыганова;53.9083753;27.5156795
вуліца Скрыганава;9;улица Скрыганова;53.9083753;27.5156795
вуліца Скрыганава;7;улица Скрыганова;53.9083753;27.5156795
вуліца Скрыганава;3;улица Скрыганова;53.9083753;27.5156795
вуліца Скрыганава;4Б;улица Скрыганова;53.9083753;27.5156795
вуліца Скрыганава;8;улица Скрыганова;53.9083753;27.5156795
вуліца Скрыганава;10;улица Скрыганова;53.9083753;27.5156795
вуліца Скрыганава;12;улица Скрыганова;53.9083753;27.5156795
вуліца Скрыганава;16;улица Скрыганова;53.9083753;27.5156795
вуліца Скрыганава;2А;улица Скрыганова;53.9083753;27.5156795
вуліца Скрыпнікава;1;улица Скрипникова;53.8965999;27.4230155
вуліца Скрыпнікава;15А;улица Скрипникова;53.8965999;27.4230155
вуліца Скрыпнікава;11Б;улица Скрипникова;53.8965999;27.4230155
вуліца Скрыпнікава;39;улица Скрипникова;53.8965999;27.4230155
вуліца Скрыпнікава;27;улица Скрипникова;53.8965999;27.4230155
вуліца Скрыпнікава;11А;улица Скрипникова;53.8965999;27.4230155
вуліца Скрыпнікава;42;улица Скрипникова;53.8965999;27.4230155
вуліца Скрыпнікава;60;улица Скрипникова;53.8965999;27.4230155
вуліца Скрыпнікава;25;улица Скрипникова;53.8965999;27.4230155
вуліца Скрыпнікава;30;улица Скрипникова;53.8965999;27.4230155
вуліца Скрыпнікава;28;улица Скрипникова;53.8965999;27.4230155
вуліца Скрыпнікава;35;улица Скрипникова;53.8965999;27.4230155
вуліца Скрыпнікава;4;улица Скрипникова;53.8965999;27.4230155
вуліца Скрыпнікава;7;улица Скрипникова;53.8965999;27.4230155
вуліца Скрыпнікава;5;улица Скрипникова;53.8965999;27.4230155
вуліца Скрыпнікава;11;улица Скрипникова;53.8965999;27.4230155
вуліца Скрыпнікава;10;улица Скрипникова;53.8965999;27.4230155
вуліца Скрыпнікава;8;улица Скрипникова;53.8965999;27.4230155
вуліца Скрыпнікава;64;улица Скрипникова;53.8965999;27.4230155
вуліца Скрыпнікава;76;улица Скрипникова;53.8965999;27.4230155
вуліца Скрыпнікава;58а;улица Скрипникова;53.8965999;27.4230155
вуліца Славінскага;1 к. 4;улица Славинского;53.9397357;27.6330362
вуліца Славінскага;37;улица Славинского;53.9397357;27.6330362
вуліца Славінскага;46054;улица Славинского;53.9397357;27.6330362
вуліца Славінскага;46082;улица Славинского;53.9397357;27.6330362
вуліца Славінскага;37А;улица Славинского;53.9397357;27.6330362
вуліца Славінскага;46026;улица Славинского;53.9397357;27.6330362
вуліца Славінскага;25А;улица Славинского;53.9397357;27.6330362
вуліца Смалячкова;21;улица Смолячкова;53.909203;27.5829965
вуліца Смалячкова;9;улица Смолячкова;53.909203;27.5829965
вуліца Смалячкова;1;улица Смолячкова;53.909203;27.5829965
вуліца Смалячкова;2;улица Смолячкова;53.909203;27.5829965
вуліца Смалячкова;26А;улица Смолячкова;53.909203;27.5829965
вуліца Смалячкова;14А;улица Смолячкова;53.909203;27.5829965
вуліца Смірнова;19;улица Смирнова;53.879986;27.5069589
вуліца Смірнова;22;улица Смирнова;53.879986;27.5069589
вуліца Смірнова;29;улица Смирнова;53.879986;27.5069589
вуліца Смірнова;20;улица Смирнова;53.879986;27.5069589
вуліца Смірнова;26;улица Смирнова;53.879986;27.5069589
вуліца Собінава;102;улица Собинова;53.9509898;27.5915155
вуліца Собінава;109;улица Собинова;53.9509898;27.5915155
вуліца Собінава;86;улица Собинова;53.9509898;27.5915155
вуліца Собінава;88;улица Собинова;53.9509898;27.5915155
вуліца Собінава;90;улица Собинова;53.9509898;27.5915155
вуліца Собінава;99;улица Собинова;53.9509898;27.5915155
вуліца Собінава;85;улица Собинова;53.9509898;27.5915155
вуліца Собінава;106;улица Собинова;53.9509898;27.5915155
вуліца Собінава;112;улица Собинова;53.9509898;27.5915155
вуліца Собінава;108;улица Собинова;53.9509898;27.5915155
вуліца Собінава;44;улица Собинова;53.9509898;27.5915155
вуліца Собінава;82/51;улица Собинова;53.9509898;27.5915155
вуліца Солтыса;189;улица Солтыса;53.8829428;27.6568773
вуліца Солтыса;67;улица Солтыса;53.8829428;27.6568773
вуліца Солтыса;62;улица Солтыса;53.8829428;27.6568773
вуліца Солтыса;187;улица Солтыса;53.8829428;27.6568773
вуліца Солтыса;46;улица Солтыса;53.8829428;27.6568773
вуліца Солтыса;26;улица Солтыса;53.8829428;27.6568773
вуліца Солтыса;108;улица Солтыса;53.8829428;27.6568773
вуліца Солтыса;187А;улица Солтыса;53.8829428;27.6568773
вуліца Солтыса;96;улица Солтыса;53.8829428;27.6568773
вуліца Солтыса;185;улица Солтыса;53.8829428;27.6568773
вуліца Солтыса;37;улица Солтыса;53.8829428;27.6568773
вуліца Солтыса;39;улица Солтыса;53.8829428;27.6568773
вуліца Солтыса;41;улица Солтыса;53.8829428;27.6568773
вуліца Солтыса;43;улица Солтыса;53.8829428;27.6568773
вуліца Солтыса;96А;улица Солтыса;53.8829428;27.6568773
вуліца Сталетава;60;улица Столетова;53.9070537;27.6233656
вуліца Сталетава;2;улица Столетова;53.9070537;27.6233656
вуліца Сталетава;58;улица Столетова;53.9070537;27.6233656
вуліца Сталетава;62;улица Столетова;53.9070537;27.6233656
вуліца Сталетава;66;улица Столетова;53.9070537;27.6233656
вуліца Сталетава;6;улица Столетова;53.9070537;27.6233656
вуліца Сталетава;34;улица Столетова;53.9070537;27.6233656
вуліца Сталетава;8;улица Столетова;53.9070537;27.6233656
вуліца Сталетава;24;улица Столетова;53.9070537;27.6233656
вуліца Сталетава;26;улица Столетова;53.9070537;27.6233656
вуліца Сталетава;4;улица Столетова;53.9070537;27.6233656
вуліца Сталетава;28;улица Столетова;53.9070537;27.6233656
вуліца Сталетава;32;улица Столетова;53.9070537;27.6233656
вуліца Сталетава;38;улица Столетова;53.9070537;27.6233656
вуліца Сталетава;40;улица Столетова;53.9070537;27.6233656
вуліца Сталетава;64;улица Столетова;53.9070537;27.6233656
вуліца Станіслава Манюшкі;14;улица Станислава Монюшко;53.8433253;27.5787356
вуліца Станіслава Манюшкі;22;улица Станислава Монюшко;53.8433253;27.5787356
вуліца Станіслаўскага;32;улица Станиславского;53.8912809;27.5898314
вуліца Станіслаўскага;1;улица Станиславского;53.8912809;27.5898314
вуліца Станіслаўскага;46190;улица Станиславского;53.8912809;27.5898314
вуліца Стасава;15;улица Стасова;53.88813;27.5079788
вуліца Стэфаніі Станюты;12;улица Стефании Станюты;53.9510288;27.5708899
вуліца Стэфаніі Станюты;15;улица Стефании Станюты;53.9510288;27.5708899
вуліца Стэфаніі Станюты;1;улица Стефании Станюты;53.9510288;27.5708899
вуліца Стэфаніі Станюты;3;улица Стефании Станюты;53.9510288;27.5708899
вуліца Стэфаніі Станюты;5;улица Стефании Станюты;53.9510288;27.5708899
вуліца Стэфаніі Станюты;7;улица Стефании Станюты;53.9510288;27.5708899
вуліца Стэфаніі Станюты;9;улица Стефании Станюты;53.9510288;27.5708899
вуліца Стэфаніі Станюты;11;улица Стефании Станюты;53.9510288;27.5708899
вуліца Стэфаніі Станюты;13;улица Стефании Станюты;53.9510288;27.5708899
вуліца Стэфаніі Станюты;10;улица Стефании Станюты;53.9510288;27.5708899
вуліца Стэфаніі Станюты;8;улица Стефании Станюты;53.9510288;27.5708899
вуліца Стэфаніі Станюты;6;улица Стефании Станюты;53.9510288;27.5708899
вуліца Стэфаніі Станюты;4;улица Стефании Станюты;53.9510288;27.5708899
вуліца Стэфаніі Станюты;2;улица Стефании Станюты;53.9510288;27.5708899
вуліца Сувязістаў;13;улица Связистов;53.9134872;27.6753511
вуліца Судмаліса;10;улица Судмалиса;53.8889614;27.583542
вуліца Судмаліса;22;улица Судмалиса;53.8889614;27.583542
вуліца Судмаліса;18;улица Судмалиса;53.8889614;27.583542
вуліца Судмаліса;1В;улица Судмалиса;53.8889614;27.583542
вуліца Судмаліса;26;улица Судмалиса;53.8889614;27.583542
вуліца Судмаліса;13 к7;улица Судмалиса;53.8889614;27.583542
вуліца Судмаліса;13 к6;улица Судмалиса;53.8889614;27.583542
вуліца Судмаліса;13 к5;улица Судмалиса;53.8889614;27.583542
вуліца Судмаліса;13;улица Судмалиса;53.8889614;27.583542
вуліца Судмаліса;1А;улица Судмалиса;53.8889614;27.583542
вуліца Судмаліса;3А;улица Судмалиса;53.8889614;27.583542
вуліца Судмаліса;13 к3;улица Судмалиса;53.8889614;27.583542
вуліца Сурганава;15;улица Сурганова;53.9226736;27.6006747
вуліца Сурганава;48А;улица Сурганова;53.9226736;27.6006747
вуліца Сурганава;50-1;улица Сурганова;53.9226736;27.6006747
вуліца Сурганава;47А;улица Сурганова;53.9226736;27.6006747
вуліца Сурганава;41;улица Сурганова;53.9226736;27.6006747
вуліца Сурганава;2В;улица Сурганова;53.9226736;27.6006747
вуліца Сурганава;40;улица Сурганова;53.9226736;27.6006747
вуліца Сурганава;50;улица Сурганова;53.9226736;27.6006747
вуліца Сурганава;45 к4;улица Сурганова;53.9226736;27.6006747
вуліца Сурганава;46;улица Сурганова;53.9226736;27.6006747
вуліца Сурганава;14;улица Сурганова;53.9226736;27.6006747
вуліца Сурганава;16;улица Сурганова;53.9226736;27.6006747
вуліца Сурганава;44;улица Сурганова;53.9226736;27.6006747
вуліца Сурганава;43;улица Сурганова;53.9226736;27.6006747
вуліца Сурганава;57Б;улица Сурганова;53.9226736;27.6006747
вуліца Сурганава;57А;улица Сурганова;53.9226736;27.6006747
вуліца Сурганава;78А;улица Сурганова;53.9226736;27.6006747
вуліца Сурганава;37;улица Сурганова;53.9226736;27.6006747
вуліца Сурганава;20;улица Сурганова;53.9226736;27.6006747
вуліца Сурганава;11;улица Сурганова;53.9226736;27.6006747
вуліца Сурганава;7;улица Сурганова;53.9226736;27.6006747
вуліца Сурганава;36;улица Сурганова;53.9226736;27.6006747
вуліца Сурганава;24 пом5;улица Сурганова;53.9226736;27.6006747
вуліца Сурганава;11 к2;улица Сурганова;53.9226736;27.6006747
вуліца Сурганава;17;улица Сурганова;53.9226736;27.6006747
вуліца Сурганава;35;улица Сурганова;53.9226736;27.6006747
вуліца Сурганава;12;улица Сурганова;53.9226736;27.6006747
вуліца Сурганава;8;улица Сурганова;53.9226736;27.6006747
вуліца Сурганава;33;улица Сурганова;53.9226736;27.6006747
вуліца Сурганава;88;улица Сурганова;53.9226736;27.6006747
вуліца Сурганава;62;улица Сурганова;53.9226736;27.6006747
вуліца Сурганава;47Б;улица Сурганова;53.9226736;27.6006747
вуліца Сурганава;29;улица Сурганова;53.9226736;27.6006747
вуліца Сурганава;31;улица Сурганова;53.9226736;27.6006747
вуліца Сурганава;25;улица Сурганова;53.9226736;27.6006747
вуліца Сурганава;11-212;улица Сурганова;53.9226736;27.6006747
вуліца Сурганава;2В/19;улица Сурганова;53.9226736;27.6006747
вуліца Сурганава;2В/17;улица Сурганова;53.9226736;27.6006747
вуліца Сурганава;2В/16;улица Сурганова;53.9226736;27.6006747
вуліца Сурганава;2В/14;улица Сурганова;53.9226736;27.6006747
вуліца Сурганава;2В/5;улица Сурганова;53.9226736;27.6006747
вуліца Сурганава;2В/15;улица Сурганова;53.9226736;27.6006747
вуліца Сурганава;2В/6;улица Сурганова;53.9226736;27.6006747
вуліца Сурганава;28А;улица Сурганова;53.9226736;27.6006747
вуліца Сурганава;39А;улица Сурганова;53.9226736;27.6006747
вуліца Сурганава;78;улица Сурганова;53.9226736;27.6006747
вуліца Сурганава;60 к1;улица Сурганова;53.9226736;27.6006747
вуліца Сурганава;47 к5;улица Сурганова;53.9226736;27.6006747
вуліца Сурганава;82;улица Сурганова;53.9226736;27.6006747
вуліца Сурганава;86;улица Сурганова;53.9226736;27.6006747
вуліца Сурганава;70;улица Сурганова;53.9226736;27.6006747
вуліца Сурганава;49;улица Сурганова;53.9226736;27.6006747
вуліца Сурганава;2В/3;улица Сурганова;53.9226736;27.6006747
вуліца Сурганава;2В/8;улица Сурганова;53.9226736;27.6006747
вуліца Сурганава;19;улица Сурганова;53.9226736;27.6006747
вуліца Сурганава;2В/7;улица Сурганова;53.9226736;27.6006747
вуліца Сурганава;2В/1;улица Сурганова;53.9226736;27.6006747
вуліца Сурганава;6А;улица Сурганова;53.9226736;27.6006747
вуліца Сурганава;2В/28;улица Сурганова;53.9226736;27.6006747
вуліца Сурганава;2В/24;улица Сурганова;53.9226736;27.6006747
вуліца Сурганава;2Д;улица Сурганова;53.9226736;27.6006747
вуліца Сурганава;2В/4;улица Сурганова;53.9226736;27.6006747
вуліца Сурганава;2В/2;улица Сурганова;53.9226736;27.6006747
вуліца Сурганава;2В/18;улица Сурганова;53.9226736;27.6006747
вуліца Сурганава;2В/21;улица Сурганова;53.9226736;27.6006747
вуліца Сурганава;2В/27;улица Сурганова;53.9226736;27.6006747
вуліца Сурганава;2В/9;улица Сурганова;53.9226736;27.6006747
вуліца Сурганава;2В/13;улица Сурганова;53.9226736;27.6006747
вуліца Сурганава;2В/12;улица Сурганова;53.9226736;27.6006747
вуліца Сурганава;2Г;улица Сурганова;53.9226736;27.6006747
вуліца Сурыкава;50;улица Сурикова;53.8664314;27.6255786
вуліца Сурыкава;16;улица Сурикова;53.8664314;27.6255786
вуліца Сурыкава;11;улица Сурикова;53.8664314;27.6255786
вуліца Сурыкава;10;улица Сурикова;53.8664314;27.6255786
вуліца Сурыкава;2;улица Сурикова;53.8664314;27.6255786
вуліца Сурыкава;4;улица Сурикова;53.8664314;27.6255786
вуліца Сурыкава;6;улица Сурикова;53.8664314;27.6255786
вуліца Сурыкава;8;улица Сурикова;53.8664314;27.6255786
вуліца Сурыкава;9;улица Сурикова;53.8664314;27.6255786
вуліца Сурыкава;46043;улица Сурикова;53.8664314;27.6255786
вуліца Сурыкава;21;улица Сурикова;53.8664314;27.6255786
вуліца Сурыкава;23;улица Сурикова;53.8664314;27.6255786
вуліца Сурыкава;17;улица Сурикова;53.8664314;27.6255786
вуліца Сурыкава;19;улица Сурикова;53.8664314;27.6255786
вуліца Сурыкава;3;улица Сурикова;53.8664314;27.6255786
вуліца Сурыкава;32;улица Сурикова;53.8664314;27.6255786
вуліца Сурыкава;30;улица Сурикова;53.8664314;27.6255786
вуліца Сурыкава;44;улица Сурикова;53.8664314;27.6255786
вуліца Сурыкава;48;улица Сурикова;53.8664314;27.6255786
вуліца Сурыкава;26;улица Сурикова;53.8664314;27.6255786
вуліца Сурыкава;24;улица Сурикова;53.8664314;27.6255786
вуліца Сурыкава;20;улица Сурикова;53.8664314;27.6255786
вуліца Сурыкава;18;улица Сурикова;53.8664314;27.6255786
вуліца Сурыкава;7;улица Сурикова;53.8664314;27.6255786
вуліца Сурыкава;22;улица Сурикова;53.8664314;27.6255786
вуліца Сурыкава;36;улица Сурикова;53.8664314;27.6255786
вуліца Сурыкава;12;улица Сурикова;53.8664314;27.6255786
вуліца Сурыкава;38;улица Сурикова;53.8664314;27.6255786
вуліца Сурыкава;34;улица Сурикова;53.8664314;27.6255786
вуліца Сурыкава;28;улица Сурикова;53.8664314;27.6255786
вуліца Сурыкава;46;улица Сурикова;53.8664314;27.6255786
вуліца Сурыкава;21А;улица Сурикова;53.8664314;27.6255786
вуліца Сурыкава;40;улица Сурикова;53.8664314;27.6255786
вуліца Сурыкава;3А к1;улица Сурикова;53.8664314;27.6255786
вуліца Сцебянёва;3;улица Стебенёва;53.8360928;27.544088
вуліца Сцебянёва;6;улица Стебенёва;53.8360928;27.544088
вуліца Сцебянёва;2;улица Стебенёва;53.8360928;27.544088
вуліца Сцебянёва;5;улица Стебенёва;53.8360928;27.544088
вуліца Сцебянёва;2 к1;улица Стебенёва;53.8360928;27.544088
вуліца Сцебянёва;5 к1;улица Стебенёва;53.8360928;27.544088
вуліца Сцебянёва;12А;улица Стебенёва;53.8360928;27.544088
вуліца Сцебянёва;8;улица Стебенёва;53.8360928;27.544088
вуліца Сцебянёва;10А;улица Стебенёва;53.8360928;27.544088
вуліца Сцебянёва;6А;улица Стебенёва;53.8360928;27.544088
вуліца Сцебянёва;10;улица Стебенёва;53.8360928;27.544088
вуліца Сцебянёва;16 к3;улица Стебенёва;53.8360928;27.544088
вуліца Сцебянёва;14А;улица Стебенёва;53.8360928;27.544088
вуліца Сцебянёва;20 к2;улица Стебенёва;53.8360928;27.544088
вуліца Сцебянёва;20 к3;улица Стебенёва;53.8360928;27.544088
вуліца Сцебянёва;16;улица Стебенёва;53.8360928;27.544088
вуліца Сцебянёва;16 к2;улица Стебенёва;53.8360928;27.544088
вуліца Сцебянёва;20В;улица Стебенёва;53.8360928;27.544088
вуліца Сцебянёва;20А;улица Стебенёва;53.8360928;27.544088
вуліца Сцебянёва;1;улица Стебенёва;53.8360928;27.544088
вуліца Сцебянёва;21;улица Стебенёва;53.8360928;27.544088
вуліца Сцебянёва;3А;улица Стебенёва;53.8360928;27.544088
вуліца Сцебянёва;2А;улица Стебенёва;53.8360928;27.544088
вуліца Сцяпана Злобіна;14;улица Степана Злобина;53.9238245;27.4695269
вуліца Сцяпана Злобіна;16;улица Степана Злобина;53.9238245;27.4695269
вуліца Сцяпана Злобіна;12;улица Степана Злобина;53.9238245;27.4695269
вуліца Сцяпана Злобіна;10;улица Степана Злобина;53.9238245;27.4695269
вуліца Сядова;1;улица Седова;53.8673324;27.6596644
вуліца Сядова;3;улица Седова;53.8673324;27.6596644
вуліца Сядых;38А;улица Седых;53.9503683;27.6301356
вуліца Сядых;12А;улица Седых;53.9503683;27.6301356
вуліца Сядых;4;улица Седых;53.9503683;27.6301356
вуліца Сядых;1;улица Седых;53.9503683;27.6301356
вуліца Сяліцкага;38Б;улица Селицкого;53.8435296;27.706712
вуліца Сяліцкага;39Б;улица Селицкого;53.8435296;27.706712
вуліца Сяліцкага;35А;улица Селицкого;53.8435296;27.706712
вуліца Сяліцкага;49;улица Селицкого;53.8435296;27.706712
вуліца Сяліцкага;75;улица Селицкого;53.8435296;27.706712
вуліца Сяліцкага;35;улица Селицкого;53.8435296;27.706712
вуліца Сямашкі;10;улица Семашко;53.8576751;27.4969216
вуліца Сямашкі;32;улица Семашко;53.8576751;27.4969216
вуліца Сямашкі;15А;улица Семашко;53.8576751;27.4969216
вуліца Сямёнава;20;улица Семёнова;53.8710911;27.5759773
вуліца Сямёнава;11;улица Семёнова;53.8710911;27.5759773
вуліца Сямёнава;35;улица Семёнова;53.8710911;27.5759773
вуліца Сямёнава;33;улица Семёнова;53.8710911;27.5759773
вуліца Сямёнава;48;улица Семёнова;53.8710911;27.5759773
вуліца Сямёнава;10;улица Семёнова;53.8710911;27.5759773
вуліца Сямёнава;14 к1;улица Семёнова;53.8710911;27.5759773
вуліца Сямёнава;1А;улица Семёнова;53.8710911;27.5759773
вуліца Сямёнава;4;улица Семёнова;53.8710911;27.5759773
вуліца Сямёнава;22;улица Семёнова;53.8710911;27.5759773
вуліца Сямёнава;26;улица Семёнова;53.8710911;27.5759773
вуліца Сямёнава;24;улица Семёнова;53.8710911;27.5759773
вуліца Сямёнава;74;улица Семёнова;53.8710911;27.5759773
вуліца Сямёнава;2;улица Семёнова;53.8710911;27.5759773
вуліца Сямёнава;76;улица Семёнова;53.8710911;27.5759773
вуліца Сяргея Ясеніна;10;улица Сергея Есенина;53.8491095;27.468767
вуліца Сяргея Ясеніна;130;улица Сергея Есенина;53.8491095;27.468767
вуліца Сяргея Ясеніна;130А;улица Сергея Есенина;53.8491095;27.468767
вуліца Сяргея Ясеніна;6 к1;улица Сергея Есенина;53.8491095;27.468767
вуліца Сяргея Ясеніна;58;улица Сергея Есенина;53.8491095;27.468767
вуліца Сяргея Ясеніна;30;улица Сергея Есенина;53.8491095;27.468767
вуліца Сяргея Ясеніна;27;улица Сергея Есенина;53.8491095;27.468767
вуліца Сяргея Ясеніна;7;улица Сергея Есенина;53.8491095;27.468767
вуліца Сяргея Ясеніна;76;улица Сергея Есенина;53.8491095;27.468767
вуліца Сяргея Ясеніна;66;улица Сергея Есенина;53.8491095;27.468767
вуліца Сяргея Ясеніна;21;улица Сергея Есенина;53.8491095;27.468767
вуліца Сяргея Ясеніна;134А;улица Сергея Есенина;53.8491095;27.468767
вуліца Сяргея Ясеніна;141;улица Сергея Есенина;53.8491095;27.468767
вуліца Сяргея Ясеніна;6;улица Сергея Есенина;53.8491095;27.468767
вуліца Сяргея Ясеніна;35 к3;улица Сергея Есенина;53.8491095;27.468767
вуліца Сяргея Ясеніна;76 к1;улица Сергея Есенина;53.8491095;27.468767
вуліца Сяргея Ясеніна;67;улица Сергея Есенина;53.8491095;27.468767
вуліца Сяргея Ясеніна;30 пом. 1Н;улица Сергея Есенина;53.8491095;27.468767
вуліца Сяргея Ясеніна;31;улица Сергея Есенина;53.8491095;27.468767
вуліца Сяргея Ясеніна;35/3;улица Сергея Есенина;53.8491095;27.468767
вуліца Сяргея Ясеніна;26;улица Сергея Есенина;53.8491095;27.468767
вуліца Сяргея Ясеніна;14;улица Сергея Есенина;53.8491095;27.468767
вуліца Сяргея Ясеніна;134;улица Сергея Есенина;53.8491095;27.468767
вуліца Сяргея Ясеніна;125;улица Сергея Есенина;53.8491095;27.468767
вуліца Сяргея Ясеніна;43 к2;улица Сергея Есенина;53.8491095;27.468767
вуліца Сяргея Ясеніна;43 к1;улица Сергея Есенина;53.8491095;27.468767
вуліца Сяргея Ясеніна;105;улица Сергея Есенина;53.8491095;27.468767
вуліца Сяргея Ясеніна;76/1;улица Сергея Есенина;53.8491095;27.468767
вуліца Сяргея Ясеніна;28;улица Сергея Есенина;53.8491095;27.468767
вуліца Сярова;2;улица Серова;53.8435455;27.5352132
вуліца Сярова;15;улица Серова;53.8435455;27.5352132
вуліца Сярова;22А;улица Серова;53.8435455;27.5352132
вуліца Сярова;17;улица Серова;53.8435455;27.5352132
вуліца Сярова;1;улица Серова;53.8435455;27.5352132
вуліца Сярова;22;улица Серова;53.8435455;27.5352132
вуліца Сярова;17А;улица Серова;53.8435455;27.5352132
вуліца Сярова;24;улица Серова;53.8435455;27.5352132
вуліца Сярова;38;улица Серова;53.8435455;27.5352132
вуліца Сярова;3;улица Серова;53.8435455;27.5352132
вуліца Сярова;1 к1;улица Серова;53.8435455;27.5352132
вуліца Сярова;1В;улица Серова;53.8435455;27.5352132
вуліца Сярова;1Б к2;улица Серова;53.8435455;27.5352132
вуліца Сярова;1Б к1;улица Серова;53.8435455;27.5352132
вуліца Сярова;22Б;улица Серова;53.8435455;27.5352132
вуліца Сярова;18;улица Серова;53.8435455;27.5352132
вуліца Сярова;8 к1;улица Серова;53.8435455;27.5352132
вуліца Сярова;8;улица Серова;53.8435455;27.5352132
вуліца Сярова;8 к2;улица Серова;53.8435455;27.5352132
вуліца Сярова;18 к1;улица Серова;53.8435455;27.5352132
вуліца Сярова;16;улица Серова;53.8435455;27.5352132
вуліца Сярова;2А;улица Серова;53.8435455;27.5352132
вуліца Сярова;29;улица Серова;53.8435455;27.5352132
вуліца Сярова;48;улица Серова;53.8435455;27.5352132
вуліца Сярова;27;улица Серова;53.8435455;27.5352132
вуліца Сярова;46;улица Серова;53.8435455;27.5352132
вуліца Сярова;23;улица Серова;53.8435455;27.5352132
вуліца Сярова;25;улица Серова;53.8435455;27.5352132
вуліца Сярова;50;улица Серова;53.8435455;27.5352132
вуліца Сярова;31;улица Серова;53.8435455;27.5352132
вуліца Сярова;33;улица Серова;53.8435455;27.5352132
вуліца Сярова;52;улица Серова;53.8435455;27.5352132
вуліца Сярова;46А;улица Серова;53.8435455;27.5352132
вуліца Сярова;36;улица Серова;53.8435455;27.5352132
вуліца Сярова;26;улица Серова;53.8435455;27.5352132
вуліца Сярова;32;улица Серова;53.8435455;27.5352132
вуліца Сярова;34;улица Серова;53.8435455;27.5352132
вуліца Сярова;28 к3;улица Серова;53.8435455;27.5352132
вуліца Сярова;28 к2;улица Серова;53.8435455;27.5352132
вуліца Сярова;28 к1;улица Серова;53.8435455;27.5352132
вуліца Сярова;5А;улица Серова;53.8435455;27.5352132
вуліца Сярова;1А;улица Серова;53.8435455;27.5352132
вуліца Сярова;3А;улица Серова;53.8435455;27.5352132
вуліца Сярова;4;улица Серова;53.8435455;27.5352132
вуліца Сярова;1Г;улица Серова;53.8435455;27.5352132
вуліца Сярова;54;улица Серова;53.8435455;27.5352132
вуліца Талаша;15;улица Талаша;53.8832903;27.5017839
вуліца Талаша;14;улица Талаша;53.8832903;27.5017839
вуліца Талаша;12;улица Талаша;53.8832903;27.5017839
вуліца Талаша;13;улица Талаша;53.8832903;27.5017839
вуліца Талаша;16;улица Талаша;53.8832903;27.5017839
вуліца Талаша;5;улица Талаша;53.8832903;27.5017839
вуліца Талаша;20;улица Талаша;53.8832903;27.5017839
вуліца Талаша;10;улица Талаша;53.8832903;27.5017839
вуліца Талаша;21;улица Талаша;53.8832903;27.5017839
вуліца Талаша;22;улица Талаша;53.8832903;27.5017839
вуліца Талаша;11;улица Талаша;53.8832903;27.5017839
вуліца Талаша;17;улица Талаша;53.8832903;27.5017839
вуліца Талаша;6;улица Талаша;53.8832903;27.5017839
вуліца Талаша;18;улица Талаша;53.8832903;27.5017839
вуліца Талаша;3;улица Талаша;53.8832903;27.5017839
вуліца Талаша;8;улица Талаша;53.8832903;27.5017839
вуліца Талаша;19;улица Талаша;53.8832903;27.5017839
вуліца Талаша;24;улица Талаша;53.8832903;27.5017839
вуліца Талаша;7;улица Талаша;53.8832903;27.5017839
вуліца Талбухіна;13;улица Толбухина;53.9287394;27.6108074
вуліца Талбухіна;14;улица Толбухина;53.9287394;27.6108074
вуліца Талбухіна;12А;улица Толбухина;53.9287394;27.6108074
вуліца Талбухіна;4;улица Толбухина;53.9287394;27.6108074
вуліца Талбухіна;1;улица Толбухина;53.9287394;27.6108074
вуліца Талбухіна;3;улица Толбухина;53.9287394;27.6108074
вуліца Талбухіна;7;улица Толбухина;53.9287394;27.6108074
вуліца Талбухіна;15;улица Толбухина;53.9287394;27.6108074
вуліца Талбухіна;2;улица Толбухина;53.9287394;27.6108074
вуліца Талбухіна;8;улица Толбухина;53.9287394;27.6108074
вуліца Талбухіна;14А;улица Толбухина;53.9287394;27.6108074
вуліца Талбухіна;2А;улица Толбухина;53.9287394;27.6108074
вуліца Талбухіна;10А;улица Толбухина;53.9287394;27.6108074
вуліца Талстога;4;улица Льва Толстого;54.2603711;28.5004577
вуліца Талстога;8;улица Льва Толстого;54.2603711;28.5004577
вуліца Талстога;32;улица Льва Толстого;54.2603711;28.5004577
вуліца Талстога;6;улица Льва Толстого;54.2603711;28.5004577
вуліца Талстога;32А;улица Льва Толстого;54.2603711;28.5004577
вуліца Танкістаў;24;улица Танкистов;53.9427381;27.4240649
вуліца Танкістаў;28;улица Танкистов;53.9427381;27.4240649
вуліца Танкістаў;26;улица Танкистов;53.9427381;27.4240649
вуліца Танкістаў;12;улица Танкистов;53.9427381;27.4240649
вуліца Танкістаў;20;улица Танкистов;53.9427381;27.4240649
вуліца Танкістаў;1Б;улица Танкистов;53.9427381;27.4240649
вуліца Танкістаў;9;улица Танкистов;53.9427381;27.4240649
вуліца Танкістаў;19;улица Танкистов;53.9427381;27.4240649
вуліца Танкістаў;13;улица Танкистов;53.9427381;27.4240649
вуліца Танкістаў;15;улица Танкистов;53.9427381;27.4240649
вуліца Танкістаў;11;улица Танкистов;53.9427381;27.4240649
вуліца Танкістаў;17;улица Танкистов;53.9427381;27.4240649
вуліца Танкістаў;7;улица Танкистов;53.9427381;27.4240649
вуліца Танкістаў;30А;улица Танкистов;53.9427381;27.4240649
вуліца Танкістаў;32;улица Танкистов;53.9427381;27.4240649
вуліца Тарханава;9;улица Тарханова;53.9181912;27.5298144
вуліца Тарханава;1;улица Тарханова;53.9181912;27.5298144
вуліца Тарханава;22А;улица Тарханова;53.9181912;27.5298144
вуліца Тургенева;7;улица Тургенева;53.9372884;27.5852942
вуліца Тургенева;14;улица Тургенева;53.9372884;27.5852942
вуліца Тургенева;12;улица Тургенева;53.9372884;27.5852942
вуліца Тургенева;18;улица Тургенева;53.9372884;27.5852942
вуліца Тургенева;24;улица Тургенева;53.9372884;27.5852942
вуліца Тургенева;26;улица Тургенева;53.9372884;27.5852942
вуліца Тургенева;28;улица Тургенева;53.9372884;27.5852942
вуліца Тургенева;20;улица Тургенева;53.9372884;27.5852942
вуліца Тургенева;22А;улица Тургенева;53.9372884;27.5852942
вуліца Тухачэўскага;11 пом1Н;улица Тухачевского;53.8671931;27.6312635
вуліца Тухачэўскага;9;улица Тухачевского;53.8671931;27.6312635
вуліца Тухачэўскага;11;улица Тухачевского;53.8671931;27.6312635
вуліца Тухачэўскага;18;улица Тухачевского;53.8671931;27.6312635
вуліца Тухачэўскага;46А;улица Тухачевского;53.8671931;27.6312635
вуліца Тухачэўскага;46;улица Тухачевского;53.8671931;27.6312635
вуліца Тухачэўскага;48;улица Тухачевского;53.8671931;27.6312635
вуліца Тухачэўскага;44;улица Тухачевского;53.8671931;27.6312635
вуліца Тухачэўскага;30;улица Тухачевского;53.8671931;27.6312635
вуліца Тухачэўскага;42;улица Тухачевского;53.8671931;27.6312635
вуліца Тухачэўскага;40;улица Тухачевского;53.8671931;27.6312635
вуліца Тухачэўскага;38;улица Тухачевского;53.8671931;27.6312635
вуліца Тухачэўскага;24;улица Тухачевского;53.8671931;27.6312635
вуліца Тухачэўскага;28;улица Тухачевского;53.8671931;27.6312635
вуліца Тухачэўскага;22;улица Тухачевского;53.8671931;27.6312635
вуліца Тухачэўскага;32А;улица Тухачевского;53.8671931;27.6312635
вуліца Тухачэўскага;32;улица Тухачевского;53.8671931;27.6312635
вуліца Тухачэўскага;41Б;улица Тухачевского;53.8671931;27.6312635
вуліца Тышкевічаў;1;улица Тышкевичей;53.8797569;27.472052
вуліца Убарэвіча;76В;улица Уборевича;53.8342817;27.6199572
вуліца Убарэвіча;58;улица Уборевича;53.8342817;27.6199572
вуліца Убарэвіча;72;улица Уборевича;53.8342817;27.6199572
вуліца Убарэвіча;105;улица Уборевича;53.8342817;27.6199572
вуліца Убарэвіча;56;улица Уборевича;53.8342817;27.6199572
вуліца Убарэвіча;73;улица Уборевича;53.8342817;27.6199572
вуліца Убарэвіча;95А;улица Уборевича;53.8342817;27.6199572
вуліца Убарэвіча;42;улица Уборевича;53.8342817;27.6199572
вуліца Убарэвіча;6;улица Уборевича;53.8342817;27.6199572
вуліца Убарэвіча;62;улица Уборевича;53.8342817;27.6199572
вуліца Убарэвіча;176;улица Уборевича;53.8342817;27.6199572
вуліца Убарэвіча;99;улица Уборевича;53.8342817;27.6199572
вуліца Убарэвіча;93;улица Уборевича;53.8342817;27.6199572
вуліца Убарэвіча;75;улица Уборевича;53.8342817;27.6199572
вуліца Убарэвіча;67;улица Уборевича;53.8342817;27.6199572
вуліца Убарэвіча;77;улица Уборевича;53.8342817;27.6199572
вуліца Убарэвіча;16;улица Уборевича;53.8342817;27.6199572
вуліца Убарэвіча;77 к2;улица Уборевича;53.8342817;27.6199572
вуліца Убарэвіча;66 к1;улица Уборевича;53.8342817;27.6199572
вуліца Убарэвіча;103;улица Уборевича;53.8342817;27.6199572
вуліца Убарэвіча;104;улица Уборевича;53.8342817;27.6199572
вуліца Убарэвіча;111;улица Уборевича;53.8342817;27.6199572
вуліца Убарэвіча;73 к3;улица Уборевича;53.8342817;27.6199572
вуліца Убарэвіча;73 к2;улица Уборевича;53.8342817;27.6199572
вуліца Убарэвіча;106;улица Уборевича;53.8342817;27.6199572
вуліца Убарэвіча;110;улица Уборевича;53.8342817;27.6199572
вуліца Убарэвіча;73 к1;улица Уборевича;53.8342817;27.6199572
вуліца Убарэвіча;77 к1;улица Уборевича;53.8342817;27.6199572
вуліца Убарэвіча;86;улица Уборевича;53.8342817;27.6199572
вуліца Убарэвіча;86/1;улица Уборевича;53.8342817;27.6199572
вуліца Убарэвіча;88;улица Уборевича;53.8342817;27.6199572
вуліца Убарэвіча;93Б;улица Уборевича;53.8342817;27.6199572
вуліца Уладзіслава Галубка;11А;улица Владислава Голубка;53.9255882;27.4661695
вуліца Уладзіслава Галубка;2;улица Владислава Голубка;53.9255882;27.4661695
вуліца Уладзіслава Галубка;3;улица Владислава Голубка;53.9255882;27.4661695
вуліца Уладзіслава Галубка;14;улица Владислава Голубка;53.9255882;27.4661695
вуліца Ўладзіслава Сыракомлі;38;улица Владислава Сырокомли;53.8511593;27.5575005
вуліца Ўладзіслава Сыракомлі;7;улица Владислава Сырокомли;53.8511593;27.5575005
вуліца Ўладзіслава Сыракомлі;12;улица Владислава Сырокомли;53.8511593;27.5575005
вуліца Ўладзіслава Сыракомлі;7 - 340;улица Владислава Сырокомли;53.8511593;27.5575005
вуліца Ўладзіслава Сыракомлі;9;улица Владислава Сырокомли;53.8511593;27.5575005
вуліца Ўладзіслава Сыракомлі;26;улица Владислава Сырокомли;53.8511593;27.5575005
вуліца Ўладзіслава Сыракомлі;24;улица Владислава Сырокомли;53.8511593;27.5575005
вуліца Ўладзіслава Сыракомлі;28;улица Владислава Сырокомли;53.8511593;27.5575005
вуліца Ўладзіслава Сыракомлі;30;улица Владислава Сырокомли;53.8511593;27.5575005
вуліца Ўладзіслава Сыракомлі;46;улица Владислава Сырокомли;53.8511593;27.5575005
вуліца Ўладзіслава Сыракомлі;44;улица Владислава Сырокомли;53.8511593;27.5575005
вуліца Ўладзіслава Сыракомлі;48;улица Владислава Сырокомли;53.8511593;27.5575005
вуліца Ўладзіслава Сыракомлі;18;улица Владислава Сырокомли;53.8511593;27.5575005
вуліца Ўладзіслава Сыракомлі;11;улица Владислава Сырокомли;53.8511593;27.5575005
вуліца Ўладзіслава Сыракомлі;20;улица Владислава Сырокомли;53.8511593;27.5575005
вуліца Ўладзіслава Сыракомлі;1;улица Владислава Сырокомли;53.8511593;27.5575005
вуліца Ўладзіслава Сыракомлі;11А;улица Владислава Сырокомли;53.8511593;27.5575005
вуліца Ўладзіслава Сыракомлі;3;улица Владислава Сырокомли;53.8511593;27.5575005
вуліца Ўладзіслава Сыракомлі;46092;улица Владислава Сырокомли;53.8511593;27.5575005
вуліца Ўладзіслава Сыракомлі;46064;улица Владислава Сырокомли;53.8511593;27.5575005
вуліца Ўладзіслава Сыракомлі;46033;улица Владислава Сырокомли;53.8511593;27.5575005
вуліца Усевалада Ігнатоўскага;3;улица Всеволода Игнатовского;53.9237153;27.4506807
вуліца Усевалада Ігнатоўскага;5;улица Всеволода Игнатовского;53.9237153;27.4506807
вуліца Усевалада Ігнатоўскага;1;улица Всеволода Игнатовского;53.9237153;27.4506807
вуліца Усевалада Ігнатоўскага;7;улица Всеволода Игнатовского;53.9237153;27.4506807
вуліца Ушакова;28;улица Ушакова;53.8735288;27.663474
вуліца Ушакова;35;улица Ушакова;53.8735288;27.663474
вуліца Ушакова;37;улица Ушакова;53.8735288;27.663474
вуліца Ушакова;17;улица Ушакова;53.8735288;27.663474
вуліца Фабрыцыуса;9А;улица Фабрициуса;53.8879953;27.5361202
вуліца Фабрыцыуса;28;улица Фабрициуса;53.8879953;27.5361202
вуліца Фабрыцыуса;7;улица Фабрициуса;53.8879953;27.5361202
вуліца Фабрыцыуса;8Б к1 оф05;улица Фабрициуса;53.8879953;27.5361202
вуліца Фабрыцыуса;24;улица Фабрициуса;53.8879953;27.5361202
вуліца Фабрыцыуса;8Б к1;улица Фабрициуса;53.8879953;27.5361202
вуліца Фабрыцыуса;7А;улица Фабрициуса;53.8879953;27.5361202
вуліца Фабрыцыуса;9;улица Фабрициуса;53.8879953;27.5361202
вуліца Фабрыцыуса;1;улица Фабрициуса;53.8879953;27.5361202
вуліца Фабрыцыуса;2;улица Фабрициуса;53.8879953;27.5361202
вуліца Фабрыцыуса;26;улица Фабрициуса;53.8879953;27.5361202
вуліца Фабрыцыуса;13;улица Фабрициуса;53.8879953;27.5361202
вуліца Фабрыцыуса;12;улица Фабрициуса;53.8879953;27.5361202
вуліца Фабрыцыуса;6;улица Фабрициуса;53.8879953;27.5361202
вуліца Фабрыцыуса;24А;улица Фабрициуса;53.8879953;27.5361202
вуліца Фабрыцыуса;54;улица Фабрициуса;53.8879953;27.5361202
вуліца Фабрыцыуса;36;улица Фабрициуса;53.8879953;27.5361202
вуліца Фабрыцыуса;3;улица Фабрициуса;53.8879953;27.5361202
вуліца Фабрыцыуса;14;улица Фабрициуса;53.8879953;27.5361202
вуліца Фабрыцыуса;4;улица Фабрициуса;53.8879953;27.5361202
вуліца Фаміна;29;улица Фомина;53.8519104;27.5224913
вуліца Фаміна;15;улица Фомина;53.8519104;27.5224913
вуліца Фаміна;25;улица Фомина;53.8519104;27.5224913
вуліца Фаміна;17;улица Фомина;53.8519104;27.5224913
вуліца Фаміна;21;улица Фомина;53.8519104;27.5224913
вуліца Фаміна;23;улица Фомина;53.8519104;27.5224913
вуліца Фаміна;19;улица Фомина;53.8519104;27.5224913
вуліца Фердынанда Рушчыца;4;улица Фердинанда Рущица;53.9234588;27.6466681
вуліца Філатава;1;улица Филатова;53.8737485;27.633382
вуліца Філатава;20;улица Филатова;53.8737485;27.633382
вуліца Філатава;21;улица Филатова;53.8737485;27.633382
вуліца Філатава;9;улица Филатова;53.8737485;27.633382
вуліца Філатава;2;улица Филатова;53.8737485;27.633382
вуліца Філатава;13;улица Филатова;53.8737485;27.633382
вуліца Філатава;9 к1;улица Филатова;53.8737485;27.633382
вуліца Філатава;12;улица Филатова;53.8737485;27.633382
вуліца Філатава;7;улица Филатова;53.8737485;27.633382
вуліца Філатава;9 к2;улица Филатова;53.8737485;27.633382
вуліца Філімонава;33;улица Филимонова;53.9292082;27.639614
вуліца Філімонава;51;улица Филимонова;53.9292082;27.639614
вуліца Філімонава;20;улица Филимонова;53.9292082;27.639614
вуліца Філімонава;53;улица Филимонова;53.9292082;27.639614
вуліца Філімонава;45;улица Филимонова;53.9292082;27.639614
вуліца Філімонава;55, корп.3;улица Филимонова;53.9292082;27.639614
вуліца Філімонава;25Б;улица Филимонова;53.9292082;27.639614
вуліца Філімонава;10;улица Филимонова;53.9292082;27.639614
вуліца Філімонава;5 к1;улица Филимонова;53.9292082;27.639614
вуліца Філімонава;25Г;улица Филимонова;53.9292082;27.639614
вуліца Філімонава;25В;улица Филимонова;53.9292082;27.639614
вуліца Філімонава;25;улица Филимонова;53.9292082;27.639614
вуліца Філімонава;15;улица Филимонова;53.9292082;27.639614
вуліца Філімонава;47;улица Филимонова;53.9292082;27.639614
вуліца Філімонава;55 к3;улица Филимонова;53.9292082;27.639614
вуліца Філімонава;35;улица Филимонова;53.9292082;27.639614
вуліца Філімонава;22;улица Филимонова;53.9292082;27.639614
вуліца Філімонава;55;улица Филимонова;53.9292082;27.639614
вуліца Філімонава;24;улица Филимонова;53.9292082;27.639614
вуліца Філімонава;55 к1;улица Филимонова;53.9292082;27.639614
вуліца Францыска Скарыны;4;улица Франциска Скорины;53.9245682;27.6678174
вуліца Францыска Скарыны;19;улица Франциска Скорины;53.9245682;27.6678174
вуліца Францыска Скарыны;14;улица Франциска Скорины;53.9245682;27.6678174
вуліца Францыска Скарыны;10;улица Франциска Скорины;53.9245682;27.6678174
вуліца Францыска Скарыны;12;улица Франциска Скорины;53.9245682;27.6678174
вуліца Францыска Скарыны;51 к2 оф128;улица Франциска Скорины;53.9245682;27.6678174
вуліца Францыска Скарыны;15;улица Франциска Скорины;53.9245682;27.6678174
вуліца Францыска Скарыны;11;улица Франциска Скорины;53.9245682;27.6678174
вуліца Францыска Скарыны;51 к1;улица Франциска Скорины;53.9245682;27.6678174
вуліца Францыска Скарыны;51;улица Франциска Скорины;53.9245682;27.6678174
вуліца Францыска Скарыны;15Б;улица Франциска Скорины;53.9245682;27.6678174
вуліца Францыска Скарыны;13;улица Франциска Скорины;53.9245682;27.6678174
вуліца Францыска Скарыны;15А;улица Франциска Скорины;53.9245682;27.6678174
вуліца Францыска Скарыны;2;улица Франциска Скорины;53.9245682;27.6678174
вуліца Францыска Скарыны;50;улица Франциска Скорины;53.9245682;27.6678174
вуліца Францыска Скарыны;3;улица Франциска Скорины;53.9245682;27.6678174
вуліца Францыска Скарыны;6Б;улица Франциска Скорины;53.9245682;27.6678174
вуліца Францыска Скарыны;9;улица Франциска Скорины;53.9245682;27.6678174
вуліца Францыска Скарыны;5;улица Франциска Скорины;53.9245682;27.6678174
вуліца Францыска Скарыны;38;улица Франциска Скорины;53.9245682;27.6678174
вуліца Францыска Скарыны;38/2;улица Франциска Скорины;53.9245682;27.6678174
вуліца Францыска Скарыны;4В;улица Франциска Скорины;53.9245682;27.6678174
вуліца Францыска Скарыны;11 к1;улица Франциска Скорины;53.9245682;27.6678174
вуліца Францыска Скарыны;51 к2;улица Франциска Скорины;53.9245682;27.6678174
вуліца Францыска Скарыны;26;улица Франциска Скорины;53.9245682;27.6678174
вуліца Францыска Скарыны;24;улица Франциска Скорины;53.9245682;27.6678174
вуліца Францыска Скарыны;20;улица Франциска Скорины;53.9245682;27.6678174
вуліца Францыска Скарыны;16;улица Франциска Скорины;53.9245682;27.6678174
вуліца Францыска Скарыны;57;улица Франциска Скорины;53.9245682;27.6678174
вуліца Францыска Скарыны;7;улица Франциска Скорины;53.9245682;27.6678174
вуліца Францыска Скарыны;51Б;улица Франциска Скорины;53.9245682;27.6678174
вуліца Фролікава;9;улица Фроликова;53.8999703;27.6145826
вуліца Фролікава;2;улица Фроликова;53.8999703;27.6145826
вуліца Фролікава;8;улица Фроликова;53.8999703;27.6145826
вуліца Фролікава;41А;улица Фроликова;53.8999703;27.6145826
вуліца Фролікава;30А;улица Фроликова;53.8999703;27.6145826
вуліца Фролікава;47;улица Фроликова;53.8999703;27.6145826
вуліца Фролікава;49;улица Фроликова;53.8999703;27.6145826
вуліца Фролікава;25А;улица Фроликова;53.8999703;27.6145826
вуліца Фролікава;45;улица Фроликова;53.8999703;27.6145826
вуліца Фролікава;23А;улица Фроликова;53.8999703;27.6145826
вуліца Фролікава;33;улица Фроликова;53.8999703;27.6145826
вуліца Фролікава;31 к2;улица Фроликова;53.8999703;27.6145826
вуліца Фролікава;2А;улица Фроликова;53.8999703;27.6145826
вуліца Фролікава;7;улица Фроликова;53.8999703;27.6145826
вуліца Фролікава;15;улица Фроликова;53.8999703;27.6145826
вуліца Фролікава;21;улица Фроликова;53.8999703;27.6145826
вуліца Фролікава;29А;улица Фроликова;53.8999703;27.6145826
вуліца Фролікава;31;улица Фроликова;53.8999703;27.6145826
вуліца Фролікава;11;улица Фроликова;53.8999703;27.6145826
вуліца Фролікава;23;улица Фроликова;53.8999703;27.6145826
вуліца Фролікава;29;улица Фроликова;53.8999703;27.6145826
вуліца Фролікава;25;улица Фроликова;53.8999703;27.6145826
вуліца Фролікава;27;улица Фроликова;53.8999703;27.6145826
вуліца Фролікава;19;улица Фроликова;53.8999703;27.6145826
вуліца Фролікава;17;улица Фроликова;53.8999703;27.6145826
вуліца Фролікава;41;улица Фроликова;53.8999703;27.6145826
вуліца Фролікава;1;улица Фроликова;53.8999703;27.6145826
вуліца Фролікава;3;улица Фроликова;53.8999703;27.6145826
вуліца Фролікава;5;улица Фроликова;53.8999703;27.6145826
вуліца Фролікава;31А;улица Фроликова;53.8999703;27.6145826
вуліца Фролікава;46031;улица Фроликова;53.8999703;27.6145826
вуліца Фролікава;16;улица Фроликова;53.8999703;27.6145826
вуліца Фролікава;46024;улица Фроликова;53.8999703;27.6145826
вуліца Фрунзэ;1;улица Фрунзе;53.9063409;27.5738972
вуліца Фрунзэ;2 к2;улица Фрунзе;53.9063409;27.5738972
вуліца Фрунзэ;2 к3;улица Фрунзе;53.9063409;27.5738972
вуліца Фрунзэ;4;улица Фрунзе;53.9063409;27.5738972
вуліца Фрунзэ;6;улица Фрунзе;53.9063409;27.5738972
вуліца Фрунзэ;2;улица Фрунзе;53.9063409;27.5738972
вуліца Фрунзэ;2 к7;улица Фрунзе;53.9063409;27.5738972
вуліца Фрунзэ;2 к6;улица Фрунзе;53.9063409;27.5738972
вуліца Фрунзэ;46056;улица Фрунзе;53.9063409;27.5738972
вуліца Фрунзэ;5;улица Фрунзе;53.9063409;27.5738972
вуліца Фрунзэ;11;улица Фрунзе;53.9063409;27.5738972
вуліца Фрунзэ;15;улица Фрунзе;53.9063409;27.5738972
вуліца Фрунзэ;13;улица Фрунзе;53.9063409;27.5738972
вуліца Фрунзэ;46144;улица Фрунзе;53.9063409;27.5738972
вуліца Фядотава;10;улица Федотова;53.8616611;27.6246338
вуліца Фядотава;11;улица Федотова;53.8616611;27.6246338
вуліца Фядотава;8;улица Федотова;53.8616611;27.6246338
вуліца Фядотава;9;улица Федотова;53.8616611;27.6246338
вуліца Халтурына;101;улица Халтурина;53.9449824;27.5786328
вуліца Халтурына;67;улица Халтурина;53.9449824;27.5786328
вуліца Халтурына;99;улица Халтурина;53.9449824;27.5786328
вуліца Халтурына;58;улица Халтурина;53.9449824;27.5786328
вуліца Халтурына;64;улица Халтурина;53.9449824;27.5786328
вуліца Халтурына;5;улица Халтурина;53.9449824;27.5786328
вуліца Халтурына;68;улица Халтурина;53.9449824;27.5786328
вуліца Халтурына;60;улица Халтурина;53.9449824;27.5786328
вуліца Халтурына;39;улица Халтурина;53.9449824;27.5786328
вуліца Халтурына;3;улица Халтурина;53.9449824;27.5786328
вуліца Хмялеўскага;32;улица Хмелевского;53.8927002;27.5190772
вуліца Хмялеўскага;40;улица Хмелевского;53.8927002;27.5190772
вуліца Хмялеўскага;30;улица Хмелевского;53.8927002;27.5190772
вуліца Хмялеўскага;12А;улица Хмелевского;53.8927002;27.5190772
вуліца Хмялеўскага;33;улица Хмелевского;53.8927002;27.5190772
вуліца Хмялеўскага;39;улица Хмелевского;53.8927002;27.5190772
вуліца Цікоцкага;34/2;улица Тикоцкого;53.9558679;27.6328828
вуліца Цікоцкага;46-1-112;улица Тикоцкого;53.9558679;27.6328828
вуліца Цікоцкага;10;улица Тикоцкого;53.9558679;27.6328828
вуліца Цікоцкага;59;улица Тикоцкого;53.9558679;27.6328828
вуліца Цікоцкага;46А;улица Тикоцкого;53.9558679;27.6328828
вуліца Цікоцкага;57;улица Тикоцкого;53.9558679;27.6328828
вуліца Цімашэнкі;8;улица Тимошенко;53.8965038;27.4630775
вуліца Ціміразева;66А;улица Тимирязева;53.9133683;27.5241177
вуліца Ціміразева;9;улица Тимирязева;53.9133683;27.5241177
вуліца Ціміразева;46;улица Тимирязева;53.9133683;27.5241177
вуліца Ціміразева;3;улица Тимирязева;53.9133683;27.5241177
вуліца Ціміразева;65А;улица Тимирязева;53.9133683;27.5241177
вуліца Ціміразева;129 к1;улица Тимирязева;53.9133683;27.5241177
вуліца Ціміразева;127 пав А9;улица Тимирязева;53.9133683;27.5241177
вуліца Ціміразева;65Б;улица Тимирязева;53.9133683;27.5241177
вуліца Ціміразева;127 пав. E1;улица Тимирязева;53.9133683;27.5241177
вуліца Ціміразева;114;улица Тимирязева;53.9133683;27.5241177
вуліца Ціміразева;72 к1;улица Тимирязева;53.9133683;27.5241177
вуліца Ціміразева;46А;улица Тимирязева;53.9133683;27.5241177
вуліца Ціміразева;67;улица Тимирязева;53.9133683;27.5241177
вуліца Ціміразева;114-3027;улица Тимирязева;53.9133683;27.5241177
вуліца Ціміразева;65;улица Тимирязева;53.9133683;27.5241177
вуліца Ціміразева;127;улица Тимирязева;53.9133683;27.5241177
вуліца Ціміразева;46В;улица Тимирязева;53.9133683;27.5241177
вуліца Ціміразева;10;улица Тимирязева;53.9133683;27.5241177
вуліца Ціміразева;74;улица Тимирязева;53.9133683;27.5241177
вуліца Ціміразева;129;улица Тимирязева;53.9133683;27.5241177
вуліца Ціміразева;60;улица Тимирязева;53.9133683;27.5241177
вуліца Ціміразева;76;улица Тимирязева;53.9133683;27.5241177
вуліца Ціміразева;4;улица Тимирязева;53.9133683;27.5241177
вуліца Ціміразева;74А;улица Тимирязева;53.9133683;27.5241177
вуліца Ціміразева;106;улица Тимирязева;53.9133683;27.5241177
вуліца Ціміразева;114-2016;улица Тимирязева;53.9133683;27.5241177
вуліца Ціміразева;114-2046;улица Тимирязева;53.9133683;27.5241177
вуліца Ціміразева;114-10хх;улица Тимирязева;53.9133683;27.5241177
вуліца Ціміразева;123 к2;улица Тимирязева;53.9133683;27.5241177
вуліца Ціміразева;123/2;улица Тимирязева;53.9133683;27.5241177
вуліца Ціміразева;123/1;улица Тимирязева;53.9133683;27.5241177
вуліца Ціміразева;123;улица Тимирязева;53.9133683;27.5241177
вуліца Ціміразева;8;улица Тимирязева;53.9133683;27.5241177
вуліца Ціміразева;28;улица Тимирязева;53.9133683;27.5241177
вуліца Ціміразева;46335;улица Тимирязева;53.9133683;27.5241177
вуліца Ціміразева;125;улица Тимирязева;53.9133683;27.5241177
вуліца Ціміразева;125к2;улица Тимирязева;53.9133683;27.5241177
вуліца Ціміразева;60/1;улица Тимирязева;53.9133683;27.5241177
вуліца Ціміразева;129 к5;улица Тимирязева;53.9133683;27.5241177
вуліца Ціміразева;95;улица Тимирязева;53.9133683;27.5241177
вуліца Ціміразева;91;улица Тимирязева;53.9133683;27.5241177
вуліца Ціміразева;97;улица Тимирязева;53.9133683;27.5241177
вуліца Ціміразева;85А;улица Тимирязева;53.9133683;27.5241177
вуліца Ціміразева;93;улица Тимирязева;53.9133683;27.5241177
вуліца Ціміразева;23;улица Тимирязева;53.9133683;27.5241177
вуліца Ціміразева;118;улица Тимирязева;53.9133683;27.5241177
вуліца Чабатарова;2;улица Чеботарёва;53.8901876;27.6080173
вуліца Чабатарова;1;улица Чеботарёва;53.8901876;27.6080173
вуліца Чабатарова;12;улица Чеботарёва;53.8901876;27.6080173
вуліца Чабатарова;15;улица Чеботарёва;53.8901876;27.6080173
вуліца Чабатарова;16;улица Чеботарёва;53.8901876;27.6080173
вуліца Чабатарова;18;улица Чеботарёва;53.8901876;27.6080173
вуліца Чабатарова;20;улица Чеботарёва;53.8901876;27.6080173
вуліца Чайкоўскага;10;улица Чайковского;53.9358582;27.6221814
вуліца Чайкоўскага;11;улица Чайковского;53.9358582;27.6221814
вуліца Чайкоўскага;15;улица Чайковского;53.9358582;27.6221814
вуліца Чайлыткі;2;улица Чайлытко;53.8866256;27.437773
вуліца Чайлыткі;9А;улица Чайлытко;53.8866256;27.437773
вуліца Чайлыткі;9;улица Чайлытко;53.8866256;27.437773
вуліца Чайлыткі;1;улица Чайлытко;53.8866256;27.437773
вуліца Чайлыткі;22;улица Чайлытко;53.8866256;27.437773
вуліца Чайлыткі;21;улица Чайлытко;53.8866256;27.437773
вуліца Чайлыткі;15;улица Чайлытко;53.8866256;27.437773
вуліца Чайлыткі;3;улица Чайлытко;53.8866256;27.437773
вуліца Чайлыткі;21А;улица Чайлытко;53.8866256;27.437773
вуліца Чайлыткі;9Б;улица Чайлытко;53.8866256;27.437773
вуліца Чакаліна;30;улица Чекалина;53.8855052;27.6660413
вуліца Чакаліна;32;улица Чекалина;53.8855052;27.6660413
вуліца Чакаліна;34;улица Чекалина;53.8855052;27.6660413
вуліца Чакаліна;36;улица Чекалина;53.8855052;27.6660413
вуліца Чакаліна;38;улица Чекалина;53.8855052;27.6660413
вуліца Чалюскінцаў;13;улица Челюскинцев;53.8741781;27.6478662
вуліца Чалюскінцаў;34;улица Челюскинцев;53.8741781;27.6478662
вуліца Чалюскінцаў;11;улица Челюскинцев;53.8741781;27.6478662
вуліца Чалюскінцаў;1;улица Челюскинцев;53.8741781;27.6478662
вуліца Чапаева;46086;улица Чапаева;53.9043363;27.5863901
вуліца Чапаева;5;улица Чапаева;53.9043363;27.5863901
вуліца Чапаева;3;улица Чапаева;53.9043363;27.5863901
вуліца Чапаева;1;улица Чапаева;53.9043363;27.5863901
вуліца Чарвякова;2 к4;улица Червякова;53.9211972;27.5513249
вуліца Чарвякова;23;улица Червякова;53.9211972;27.5513249
вуліца Чарвякова;57;улица Червякова;53.9211972;27.5513249
вуліца Чарвякова;3;улица Червякова;53.9211972;27.5513249
вуліца Чарвякова;2 к5;улица Червякова;53.9211972;27.5513249
вуліца Чарвякова;22;улица Червякова;53.9211972;27.5513249
вуліца Чарвякова;8;улица Червякова;53.9211972;27.5513249
вуліца Чарвякова;63;улица Червякова;53.9211972;27.5513249
вуліца Чарвякова;10А;улица Червякова;53.9211972;27.5513249
вуліца Чарвякова;64;улица Червякова;53.9211972;27.5513249
вуліца Чарвякова;16;улица Червякова;53.9211972;27.5513249
вуліца Чарвякова;4;улица Червякова;53.9211972;27.5513249
вуліца Чарвякова;62;улица Червякова;53.9211972;27.5513249
вуліца Чарвякова;24;улица Червякова;53.9211972;27.5513249
вуліца Чарнышэўскага;10А;улица Чернышевского;53.9264895;27.6018566
вуліца Чарнышэўскага;2;улица Чернышевского;53.9264895;27.6018566
вуліца Чарнышэўскага;16;улица Чернышевского;53.9264895;27.6018566
вуліца Чарнышэўскага;1;улица Чернышевского;53.9264895;27.6018566
вуліца Чарнышэўскага;15;улица Чернышевского;53.9264895;27.6018566
вуліца Чарнышэўскага;10;улица Чернышевского;53.9264895;27.6018566
вуліца Чарнышэўскага;9;улица Чернышевского;53.9264895;27.6018566
вуліца Чарнышэўскага;7А;улица Чернышевского;53.9264895;27.6018566
вуліца Чарнышэўскага;7;улица Чернышевского;53.9264895;27.6018566
вуліца Чарнышэўскага;5;улица Чернышевского;53.9264895;27.6018566
вуліца Чкалава;7;улица Чкалова;53.878247;27.5348138
вуліца Чкалава;5А;улица Чкалова;53.878247;27.5348138
вуліца Чкалава;2;улица Чкалова;53.878247;27.5348138
вуліца Чкалава;28;улица Чкалова;53.878247;27.5348138
вуліца Чкалава;32;улица Чкалова;53.878247;27.5348138
вуліца Чкалава;3А;улица Чкалова;53.878247;27.5348138
вуліца Чкалава;20;улица Чкалова;53.878247;27.5348138
вуліца Чкалава;12;улица Чкалова;53.878247;27.5348138
вуліца Чкалава;31;улица Чкалова;53.878247;27.5348138
вуліца Чкалава;36;улица Чкалова;53.878247;27.5348138
вуліца Чкалава;24;улица Чкалова;53.878247;27.5348138
вуліца Чкалава;25;улица Чкалова;53.878247;27.5348138
вуліца Чкалава;30;улица Чкалова;53.878247;27.5348138
вуліца Чкалава;1 к4;улица Чкалова;53.878247;27.5348138
вуліца Чкалава;15 к3;улица Чкалова;53.878247;27.5348138
вуліца Чкалава;14;улица Чкалова;53.878247;27.5348138
вуліца Чкалава;5;улица Чкалова;53.878247;27.5348138
вуліца Чкалава;6;улица Чкалова;53.878247;27.5348138
вуліца Чкалава;26А;улица Чкалова;53.878247;27.5348138
вуліца Чкалава;32А;улица Чкалова;53.878247;27.5348138
вуліца Чкалава;38/1;улица Чкалова;53.878247;27.5348138
вуліца Чкалава;1 к3;улица Чкалова;53.878247;27.5348138
вуліца Чкалава;4;улица Чкалова;53.878247;27.5348138
вуліца Чкалава;8;улица Чкалова;53.878247;27.5348138
вуліца Чкалава;1 к1;улица Чкалова;53.878247;27.5348138
вуліца Чкалава;9 к2;улица Чкалова;53.878247;27.5348138
вуліца Чкалава;18 к3;улица Чкалова;53.878247;27.5348138
вуліца Чкалава;18 к1;улица Чкалова;53.878247;27.5348138
вуліца Чкалава;16;улица Чкалова;53.878247;27.5348138
вуліца Чкалава;10;улица Чкалова;53.878247;27.5348138
вуліца Чкалава;18 к2;улица Чкалова;53.878247;27.5348138
вуліца Чкалава;22;улица Чкалова;53.878247;27.5348138
вуліца Чкалава;23 к2;улица Чкалова;53.878247;27.5348138
вуліца Чкалава;29;улица Чкалова;53.878247;27.5348138
вуліца Чкалава;34;улица Чкалова;53.878247;27.5348138
вуліца Чкалава;35/3;улица Чкалова;53.878247;27.5348138
вуліца Чкалава;33;улица Чкалова;53.878247;27.5348138
вуліца Чкалава;35;улица Чкалова;53.878247;27.5348138
вуліца Чкалава;27;улица Чкалова;53.878247;27.5348138
вуліца Чкалава;23 к1;улица Чкалова;53.878247;27.5348138
вуліца Чкалава;18;улица Чкалова;53.878247;27.5348138
вуліца Чкалава;2А;улица Чкалова;53.878247;27.5348138
вуліца Чурлёніса;7;улица Чюрлёниса;53.8566486;27.4834432
вуліца Чурлёніса;6;улица Чюрлёниса;53.8566486;27.4834432
вуліца Чурлёніса;4;улица Чюрлёниса;53.8566486;27.4834432
вуліца Чурлёніса;1;улица Чюрлёниса;53.8566486;27.4834432
вуліца Чыгладзэ;2;улица Чигладзе;53.9260482;27.4928002
вуліца Чыгладзэ;12;улица Чигладзе;53.9260482;27.4928002
вуліца Чыгладзэ;29;улица Чигладзе;53.9260482;27.4928002
вуліца Чыгладзэ;22;улица Чигладзе;53.9260482;27.4928002
вуліца Чыгладзэ;4А;улица Чигладзе;53.9260482;27.4928002
вуліца Чыгладзэ;6 к2;улица Чигладзе;53.9260482;27.4928002
вуліца Чыгладзэ;4;улица Чигладзе;53.9260482;27.4928002
вуліца Чыгладзэ;8;улица Чигладзе;53.9260482;27.4928002
вуліца Чыгладзэ;10;улица Чигладзе;53.9260482;27.4928002
вуліца Чыгладзэ;31;улица Чигладзе;53.9260482;27.4928002
вуліца Чыгладзэ;6 к1;улица Чигладзе;53.9260482;27.4928002
вуліца Чыгладзэ;9;улица Чигладзе;53.9260482;27.4928002
вуліца Чыгладзэ;13;улица Чигладзе;53.9260482;27.4928002
вуліца Чыгладзэ;11;улица Чигладзе;53.9260482;27.4928002
вуліца Чыгладзэ;19;улица Чигладзе;53.9260482;27.4928002
вуліца Чыгладзэ;21;улица Чигладзе;53.9260482;27.4928002
вуліца Чыгладзэ;7;улица Чигладзе;53.9260482;27.4928002
вуліца Чыгладзэ;15;улица Чигладзе;53.9260482;27.4928002
вуліца Чыгладзэ;37;улица Чигладзе;53.9260482;27.4928002
вуліца Чыгладзэ;35;улица Чигладзе;53.9260482;27.4928002
вуліца Чыгладзэ;39;улица Чигладзе;53.9260482;27.4928002
вуліца Чыгладзэ;33;улица Чигладзе;53.9260482;27.4928002
вуліца Чыгладзэ;45;улица Чигладзе;53.9260482;27.4928002
вуліца Чыгладзэ;43;улица Чигладзе;53.9260482;27.4928002
вуліца Чыгладзэ;41;улица Чигладзе;53.9260482;27.4928002
вуліца Чыгладзэ;84;улица Чигладзе;53.9260482;27.4928002
вуліца Чыгладзэ;77;улица Чигладзе;53.9260482;27.4928002
вуліца Чыгладзэ;90;улица Чигладзе;53.9260482;27.4928002
вуліца Чыгладзэ;81;улица Чигладзе;53.9260482;27.4928002
вуліца Чыгладзэ;78;улица Чигладзе;53.9260482;27.4928002
вуліца Чыжэўскіх;17;улица Чижевских;53.8489669;27.5758429
вуліца Чыжэўскіх;36;улица Чижевских;53.8489669;27.5758429
вуліца Чычурына;2;улица Чичурина;53.9219317;27.4589577
вуліца Чычурына;8;улица Чичурина;53.9219317;27.4589577
вуліца Чычурына;4;улица Чичурина;53.9219317;27.4589577
вуліца Чычурына;6;улица Чичурина;53.9219317;27.4589577
вуліца Чычэрына;1;улица Чичурина;53.9133024;27.5643231
вуліца Чычэрына;19;улица Чичурина;53.9133024;27.5643231
вуліца Чычэрына;16;улица Чичурина;53.9133024;27.5643231
вуліца Чычэрына;15;улица Чичурина;53.9133024;27.5643231
вуліца Чычэрына;18;улица Чичурина;53.9133024;27.5643231
вуліца Чычэрына;17;улица Чичурина;53.9133024;27.5643231
вуліца Чычэрына;7;улица Чичурина;53.9133024;27.5643231
вуліца Чычэрына;6;улица Чичурина;53.9133024;27.5643231
вуліца Чычэрына;14А;улица Чичурина;53.9133024;27.5643231
вуліца Чычэрына;14;улица Чичурина;53.9133024;27.5643231
вуліца Чычэрына;5;улица Чичурина;53.9133024;27.5643231
вуліца Чэрнышэўскага;10А;улица Чернышевского;;
вуліца Шабаны;5;улица Шабаны;53.8358726;27.6975802
вуліца Шабаны;1;улица Шабаны;53.8358726;27.6975802
вуліца Шабаны;7;улица Шабаны;53.8358726;27.6975802
вуліца Шабаны;9;улица Шабаны;53.8358726;27.6975802
вуліца Шабаны;13;улица Шабаны;53.8358726;27.6975802
вуліца Шабаны;11;улица Шабаны;53.8358726;27.6975802
вуліца Шабаны;16;улица Шабаны;53.8358726;27.6975802
вуліца Шабаны;3;улица Шабаны;53.8358726;27.6975802
вуліца Шабаны;14;улица Шабаны;53.8358726;27.6975802
вуліца Шабаны;15;улица Шабаны;53.8358726;27.6975802
вуліца Шабаны;10;улица Шабаны;53.8358726;27.6975802
вуліца Шабаны;17;улица Шабаны;53.8358726;27.6975802
вуліца Шаблоўскага;5;улица Шабловского;53.853094;27.5232641
вуліца Шаблоўскага;13;улица Шабловского;53.853094;27.5232641
вуліца Шаблоўскага;8;улица Шабловского;53.853094;27.5232641
вуліца Шаблоўскага;18;улица Шабловского;53.853094;27.5232641
вуліца Шаблоўскага;7;улица Шабловского;53.853094;27.5232641
вуліца Шаблоўскага;9;улица Шабловского;53.853094;27.5232641
вуліца Шаблоўскага;4;улица Шабловского;53.853094;27.5232641
вуліца Шаблоўскага;22;улица Шабловского;53.853094;27.5232641
вуліца Шаблоўскага;21;улица Шабловского;53.853094;27.5232641
вуліца Шаблоўскага;11;улица Шабловского;53.853094;27.5232641
вуліца Шаблоўскага;6;улица Шабловского;53.853094;27.5232641
вуліца Шаблоўскага;16;улица Шабловского;53.853094;27.5232641
вуліца Шаблоўскага;17;улица Шабловского;53.853094;27.5232641
вуліца Шаблоўскага;19;улица Шабловского;53.853094;27.5232641
вуліца Шаблоўскага;20;улица Шабловского;53.853094;27.5232641
вуліца Шаблоўскага;14;улица Шабловского;53.853094;27.5232641
вуліца Шаблоўскага;10;улица Шабловского;53.853094;27.5232641
вуліца Шаблоўскага;12;улица Шабловского;53.853094;27.5232641
вуліца Шаблоўскага;3;улица Шабловского;53.853094;27.5232641
вуліца Шаблоўскага;15;улица Шабловского;53.853094;27.5232641
вуліца Шаранговіча;51;улица Шаранговича;53.8847486;27.4478758
вуліца Шаранговіча;65;улица Шаранговича;53.8847486;27.4478758
вуліца Шаранговіча;48;улица Шаранговича;53.8847486;27.4478758
вуліца Шаранговіча;67;улица Шаранговича;53.8847486;27.4478758
вуліца Шаранговіча;19;улица Шаранговича;53.8847486;27.4478758
вуліца Шаранговіча;7;улица Шаранговича;53.8847486;27.4478758
вуліца Шаранговіча;25;улица Шаранговича;53.8847486;27.4478758
вуліца Шаранговіча;19/14;улица Шаранговича;53.8847486;27.4478758
вуліца Шаранговіча;78;улица Шаранговича;53.8847486;27.4478758
вуліца Шаранговіча;46072;улица Шаранговича;53.8847486;27.4478758
вуліца Шаранговіча;19/20;улица Шаранговича;53.8847486;27.4478758
вуліца Шаранговіча;19/19;улица Шаранговича;53.8847486;27.4478758
вуліца Шаранговіча;19/18;улица Шаранговича;53.8847486;27.4478758
вуліца Шаранговіча;11;улица Шаранговича;53.8847486;27.4478758
вуліца Шаранговіча;34;улица Шаранговича;53.8847486;27.4478758
вуліца Шаранговіча;3;улица Шаранговича;53.8847486;27.4478758
вуліца Шаранговіча;1;улица Шаранговича;53.8847486;27.4478758
вуліца Шаранговіча;34А;улица Шаранговича;53.8847486;27.4478758
вуліца Шаранговіча;42;улица Шаранговича;53.8847486;27.4478758
вуліца Шаранговіча;22 к2;улица Шаранговича;53.8847486;27.4478758
вуліца Шаранговіча;63А;улица Шаранговича;53.8847486;27.4478758
вуліца Шаранговіча;46026;улица Шаранговича;53.8847486;27.4478758
вуліца Шаранговіча;79;улица Шаранговича;53.8847486;27.4478758
вуліца Шаранговіча;4;улица Шаранговича;53.8847486;27.4478758
вуліца Шаранговіча;84;улица Шаранговича;53.8847486;27.4478758
вуліца Шаранговіча;21;улица Шаранговича;53.8847486;27.4478758
вуліца Шаранговіча;53А;улица Шаранговича;53.8847486;27.4478758
вуліца Шаранговіча;19/P;улица Шаранговича;53.8847486;27.4478758
вуліца Шаранговіча;19Б;улица Шаранговича;53.8847486;27.4478758
вуліца Шаранговіча;79 к.1;улица Шаранговича;53.8847486;27.4478758
вуліца Шацько;22;улица Шатько;53.8809546;27.5110149
вуліца Шацько;1;улица Шатько;53.8809546;27.5110149
вуліца Шацько;3;улица Шатько;53.8809546;27.5110149
вуліца Шацько;5;улица Шатько;53.8809546;27.5110149
вуліца Шугаева;21;улица Шугаева;53.9333032;27.6903612
вуліца Шугаева;46035;улица Шугаева;53.9333032;27.6903612
вуліца Шугаева;17 к3;улица Шугаева;53.9333032;27.6903612
вуліца Шугаева;21 к2;улица Шугаева;53.9333032;27.6903612
вуліца Шугаева;17;улица Шугаева;53.9333032;27.6903612
вуліца Шчадрына;102;улица Щедрина;53.9341814;27.5437186
вуліца Шчадрына;83;улица Щедрина;53.9341814;27.5437186
вуліца Шчарбакова;4;улица Щербакова;53.8846827;27.6066821
вуліца Шчарбакова;1;улица Щербакова;53.8846827;27.6066821
вуліца Шчарбакова;18;улица Щербакова;53.8846827;27.6066821
вуліца Шчарбакова;2;улица Щербакова;53.8846827;27.6066821
вуліца Шчарбакова;38;улица Щербакова;53.8846827;27.6066821
вуліца Шчарбакова;32;улица Щербакова;53.8846827;27.6066821
вуліца Шчарбакова;30;улица Щербакова;53.8846827;27.6066821
вуліца Шчарбакова;20;улица Щербакова;53.8846827;27.6066821
вуліца Шчарбакова;39-2Н;улица Щербакова;53.8846827;27.6066821
вуліца Шчарбакова;34;улица Щербакова;53.8846827;27.6066821
вуліца Шчарбакова;35;улица Щербакова;53.8846827;27.6066821
вуліца Шчарбакова;23;улица Щербакова;53.8846827;27.6066821
вуліца Шчорса;11;улица Щорса;53.8815217;27.5202536
вуліца Шчорса;3;улица Щорса;53.8815217;27.5202536
вуліца Шчорса;4А;улица Щорса;53.8815217;27.5202536
вуліца Шчорса;44;улица Щорса;53.8815217;27.5202536
вуліца Шчорса;46;улица Щорса;53.8815217;27.5202536
вуліца Шчорса;5А;улица Щорса;53.8815217;27.5202536
вуліца Шчорса;1;улица Щорса;53.8815217;27.5202536
вуліца Шчорса;15;улица Щорса;53.8815217;27.5202536
вуліца Шчотаўка;1;улица Щётовка;53.8570354;27.6256697
вуліца Шышкіна;26;улица Шишкина;53.8611111;27.6346028
вуліца Шышкіна;2;улица Шишкина;53.8611111;27.6346028
вуліца Шышкіна;24;улица Шишкина;53.8611111;27.6346028
вуліца Шышкіна;28;улица Шишкина;53.8611111;27.6346028
вуліца Шышкіна;1;улица Шишкина;53.8611111;27.6346028
вуліца Шышкіна;1А;улица Шишкина;53.8611111;27.6346028
вуліца Шышкіна;3;улица Шишкина;53.8611111;27.6346028
вуліца Шышкіна;46054;улица Шишкина;53.8611111;27.6346028
вуліца Шышкіна;20;улица Шишкина;53.8611111;27.6346028
вуліца Шэйпічы;22;улица Шейпичи;53.8671837;27.5836626
вуліца Шэйпічы;14;улица Шейпичи;53.8671837;27.5836626
вуліца Шэйпічы;18;улица Шейпичи;53.8671837;27.5836626
вуліца Шэйпічы;4;улица Шейпичи;53.8671837;27.5836626
вуліца Шэйпічы;20А;улица Шейпичи;53.8671837;27.5836626
вуліца Шэйпічы;8;улица Шейпичи;53.8671837;27.5836626
вуліца Шэйпічы;16;улица Шейпичи;53.8671837;27.5836626
вуліца Шэйпічы;4А;улица Шейпичи;53.8671837;27.5836626
вуліца Шэйпічы;10;улица Шейпичи;53.8671837;27.5836626
вуліца Шэйпічы;2;улица Шейпичи;53.8671837;27.5836626
вуліца Шэйпічы;6;улица Шейпичи;53.8671837;27.5836626
вуліца Энгельса;34А/2;улица Энгельса;53.9025331;27.5595904
вуліца Энгельса;34;улица Энгельса;53.9025331;27.5595904
вуліца Энгельса;10;улица Энгельса;53.9025331;27.5595904
вуліца Энгельса;16;улица Энгельса;53.9025331;27.5595904
вуліца Энгельса;24;улица Энгельса;53.9025331;27.5595904
вуліца Энгельса;20;улица Энгельса;53.9025331;27.5595904
вуліца Энгельса;22;улица Энгельса;53.9025331;27.5595904
вуліца Энгельса;14;улица Энгельса;53.9025331;27.5595904
вуліца Энгельса;8;улица Энгельса;53.9025331;27.5595904
вуліца Энгельса;2;улица Энгельса;53.9025331;27.5595904
вуліца Энгельса;17;улица Энгельса;53.9025331;27.5595904
вуліца Энгельса;25;улица Энгельса;53.9025331;27.5595904
вуліца Энгельса;3;улица Энгельса;53.9025331;27.5595904
вуліца Энгельса;1;улица Энгельса;53.9025331;27.5595904
вуліца Энгельса;4;улица Энгельса;53.9025331;27.5595904
вуліца Энгельса;6;улица Энгельса;53.9025331;27.5595904
вуліца Энгельса;26;улица Энгельса;53.9025331;27.5595904
вуліца Энгельса;7;улица Энгельса;53.9025331;27.5595904
вуліца Энгельса;34А к1;улица Энгельса;53.9025331;27.5595904
вуліца Энгельса;34А к2;улица Энгельса;53.9025331;27.5595904
вуліца Энгельса;28;улица Энгельса;53.9025331;27.5595904
вуліца Энгельса;32А;улица Энгельса;53.9025331;27.5595904
вуліца Энгельса;12;улица Энгельса;53.9025331;27.5595904
вуліца Энгельса;7А;улица Энгельса;53.9025331;27.5595904
вуліца Энгельса;30;улица Энгельса;53.9025331;27.5595904
вуліца Энгельса;27А;улица Энгельса;53.9025331;27.5595904
вуліца Энгельса;18;улица Энгельса;53.9025331;27.5595904
вуліца Энгельса;4А;улица Энгельса;53.9025331;27.5595904
вуліца Энгельса;26 к1;улица Энгельса;53.9025331;27.5595904
вуліца Энгельса;17A;улица Энгельса;53.9025331;27.5595904
вуліца Энергетыкаў;28;улица Энергетикав;53.0145384;27.5000088
вуліца Юрыя Семянякі;2;улица Юрия Семеняко;53.8750958;27.4552427
вуліца Юрыя Семянякі;27;улица Юрия Семеняко;53.8750958;27.4552427
вуліца Юрыя Семянякі;29;улица Юрия Семеняко;53.8750958;27.4552427
вуліца Юрыя Семянякі;25;улица Юрия Семеняко;53.8750958;27.4552427
вуліца Юрыя Семянякі;21;улица Юрия Семеняко;53.8750958;27.4552427
вуліца Юрыя Семянякі;15;улица Юрия Семеняко;53.8750958;27.4552427
вуліца Юрыя Семянякі;23;улица Юрия Семеняко;53.8750958;27.4552427
вуліца Юрыя Семянякі;14;улица Юрия Семеняко;53.8750958;27.4552427
вуліца Юрыя Семянякі;22;улица Юрия Семеняко;53.8750958;27.4552427
вуліца Юрыя Семянякі;30;улица Юрия Семеняко;53.8750958;27.4552427
вуліца Юрыя Семянякі;12;улица Юрия Семеняко;53.8750958;27.4552427
вуліца Юрыя Семянякі;24;улица Юрия Семеняко;53.8750958;27.4552427
вуліца Юрыя Семянякі;26;улица Юрия Семеняко;53.8750958;27.4552427
вуліца Юрыя Семянякі;4;улица Юрия Семеняко;53.8750958;27.4552427
вуліца Юрыя Семянякі;28;улица Юрия Семеняко;53.8750958;27.4552427
вуліца Юрыя Семянякі;6;улица Юрия Семеняко;53.8750958;27.4552427
вуліца Юрыя Семянякі;42;улица Юрия Семеняко;53.8750958;27.4552427
вуліца Юрыя Семянякі;36;улица Юрия Семеняко;53.8750958;27.4552427
вуліца Юрыя Семянякі;8;улица Юрия Семеняко;53.8750958;27.4552427
вуліца Юрыя Семянякі;44;улица Юрия Семеняко;53.8750958;27.4552427
вуліца Юрыя Семянякі;36А;улица Юрия Семеняко;53.8750958;27.4552427
вуліца Юрыя Семянякі;22А;улица Юрия Семеняко;53.8750958;27.4552427
вуліца Юрыя Семянякі;10;улица Юрия Семеняко;53.8750958;27.4552427
вуліца Юрыя Семянякі;38;улица Юрия Семеняко;53.8750958;27.4552427
вуліца Юрыя Семянякі;17;улица Юрия Семеняко;53.8750958;27.4552427
вуліца Юрыя Семянякі;31;улица Юрия Семеняко;53.8750958;27.4552427
вуліца Язэпа Драздовіча;3;улица Язепа Дроздовича;53.8469033;27.5640121
вуліца Язэпа Драздовіча;4;улица Язепа Дроздовича;53.8469033;27.5640121
вуліца Якуба Коласа;30;улица Якуба Коласа;53.9208527;27.5882516
вуліца Якуба Коласа;35;улица Якуба Коласа;53.9208527;27.5882516
вуліца Якуба Коласа;33;улица Якуба Коласа;53.9208527;27.5882516
вуліца Якуба Коласа;63;улица Якуба Коласа;53.9208527;27.5882516
вуліца Якуба Коласа;52;улица Якуба Коласа;53.9208527;27.5882516
вуліца Якуба Коласа;31;улица Якуба Коласа;53.9208527;27.5882516
вуліца Якуба Коласа;7А;улица Якуба Коласа;53.9208527;27.5882516
вуліца Якуба Коласа;32;улица Якуба Коласа;53.9208527;27.5882516
вуліца Якуба Коласа;69;улица Якуба Коласа;53.9208527;27.5882516
вуліца Якуба Коласа;67;улица Якуба Коласа;53.9208527;27.5882516
вуліца Якуба Коласа;4;улица Якуба Коласа;53.9208527;27.5882516
вуліца Якуба Коласа;50;улица Якуба Коласа;53.9208527;27.5882516
вуліца Якуба Коласа;19;улица Якуба Коласа;53.9208527;27.5882516
вуліца Якуба Коласа;59/2;улица Якуба Коласа;53.9208527;27.5882516
вуліца Якуба Коласа;37;улица Якуба Коласа;53.9208527;27.5882516
вуліца Якуба Коласа;3;улица Якуба Коласа;53.9208527;27.5882516
вуліца Якуба Коласа;48;улица Якуба Коласа;53.9208527;27.5882516
вуліца Якуба Коласа;28;улица Якуба Коласа;53.9208527;27.5882516
вуліца Якуба Коласа;39А;улица Якуба Коласа;53.9208527;27.5882516
вуліца Якуба Коласа;14;улица Якуба Коласа;53.9208527;27.5882516
вуліца Якуба Коласа;1;улица Якуба Коласа;53.9208527;27.5882516
вуліца Якуба Коласа;12;улица Якуба Коласа;53.9208527;27.5882516
вуліца Якуба Коласа;8;улица Якуба Коласа;53.9208527;27.5882516
вуліца Якуба Коласа;21;улица Якуба Коласа;53.9208527;27.5882516
вуліца Якуба Коласа;25А;улица Якуба Коласа;53.9208527;27.5882516
вуліца Якуба Коласа;50/1;улица Якуба Коласа;53.9208527;27.5882516
вуліца Якуба Коласа;34Б;улица Якуба Коласа;53.9208527;27.5882516
вуліца Якуба Коласа;44586;улица Якуба Коласа;53.9208527;27.5882516
вуліца Якуба Коласа;73 к3;улица Якуба Коласа;53.9208527;27.5882516
вуліца Якуба Коласа;51/1;улица Якуба Коласа;53.9208527;27.5882516
вуліца Якуба Коласа;10А;улица Якуба Коласа;53.9208527;27.5882516
вуліца Якуба Коласа;38;улица Якуба Коласа;53.9208527;27.5882516
вуліца Якуба Коласа;40;улица Якуба Коласа;53.9208527;27.5882516
вуліца Якуба Коласа;41;улица Якуба Коласа;53.9208527;27.5882516
вуліца Якуба Коласа;24Б;улица Якуба Коласа;53.9208527;27.5882516
вуліца Якуба Коласа;35/1;улица Якуба Коласа;53.9208527;27.5882516
вуліца Якуба Коласа;24;улица Якуба Коласа;53.9208527;27.5882516
вуліца Якуба Коласа;29А;улица Якуба Коласа;53.9208527;27.5882516
вуліца Якуба Коласа;3А/1;улица Якуба Коласа;53.9208527;27.5882516
вуліца Якуба Коласа;13к1;улица Якуба Коласа;53.9208527;27.5882516
вуліца Якуба Коласа;15А;улица Якуба Коласа;53.9208527;27.5882516
вуліца Якуба Коласа;17;улица Якуба Коласа;53.9208527;27.5882516
вуліца Якуба Коласа;13А;улица Якуба Коласа;53.9208527;27.5882516
вуліца Якуба Коласа;18;улица Якуба Коласа;53.9208527;27.5882516
вуліца Якуба Коласа;22;улица Якуба Коласа;53.9208527;27.5882516
вуліца Якуба Коласа;4Б/5;улица Якуба Коласа;53.9208527;27.5882516
вуліца Якуба Коласа;5;улица Якуба Коласа;53.9208527;27.5882516
вуліца Якуба Коласа;2;улица Якуба Коласа;53.9208527;27.5882516
вуліца Якуба Коласа;50 к3;улица Якуба Коласа;53.9208527;27.5882516
вуліца Якуба Коласа;65;улица Якуба Коласа;53.9208527;27.5882516
вуліца Якуба Коласа;61 к1;улица Якуба Коласа;53.9208527;27.5882516
вуліца Якуба Коласа;59 к1;улица Якуба Коласа;53.9208527;27.5882516
вуліца Якуба Коласа;53 к1;улица Якуба Коласа;53.9208527;27.5882516
вуліца Якуба Коласа;57 к1;улица Якуба Коласа;53.9208527;27.5882516
вуліца Якуба Коласа;55 к1;улица Якуба Коласа;53.9208527;27.5882516
вуліца Якуба Коласа;51 к1;улица Якуба Коласа;53.9208527;27.5882516
вуліца Якуба Коласа;49;улица Якуба Коласа;53.9208527;27.5882516
вуліца Якуба Коласа;45 к1;улица Якуба Коласа;53.9208527;27.5882516
вуліца Якуба Коласа;43 к1;улица Якуба Коласа;53.9208527;27.5882516
вуліца Якуба Коласа;47 к1;улица Якуба Коласа;53.9208527;27.5882516
вуліца Якуба Коласа;34;улица Якуба Коласа;53.9208527;27.5882516
вуліца Якуба Коласа;42;улица Якуба Коласа;53.9208527;27.5882516
вуліца Якуба Коласа;36;улица Якуба Коласа;53.9208527;27.5882516
вуліца Якуба Коласа;39;улица Якуба Коласа;53.9208527;27.5882516
вуліца Якуба Коласа;26;улица Якуба Коласа;53.9208527;27.5882516
вуліца Якуба Коласа;11;улица Якуба Коласа;53.9208527;27.5882516
вуліца Якуба Коласа;29;улица Якуба Коласа;53.9208527;27.5882516
вуліца Якуба Коласа;25 к1;улица Якуба Коласа;53.9208527;27.5882516
вуліца Якуба Коласа;27 к1;улица Якуба Коласа;53.9208527;27.5882516
вуліца Якуба Коласа;9;улица Якуба Коласа;53.9208527;27.5882516
вуліца Якуба Коласа;23 к1;улица Якуба Коласа;53.9208527;27.5882516
вуліца Якуба Коласа;15;улица Якуба Коласа;53.9208527;27.5882516
вуліца Якуба Коласа;7;улица Якуба Коласа;53.9208527;27.5882516
вуліца Якуба Коласа;10;улица Якуба Коласа;53.9208527;27.5882516
вуліца Якуба Коласа;6;улица Якуба Коласа;53.9208527;27.5882516
вуліца Якуба Коласа;73 к1;улица Якуба Коласа;53.9208527;27.5882516
вуліца Якуба Коласа;47 к2;улица Якуба Коласа;53.9208527;27.5882516
вуліца Якуба Коласа;65А;улица Якуба Коласа;53.9208527;27.5882516
вуліца Якуба Коласа;73 к2;улица Якуба Коласа;53.9208527;27.5882516
вуліца Якуба Коласа;73;улица Якуба Коласа;53.9208527;27.5882516
вуліца Якуба Коласа;16;улица Якуба Коласа;53.9208527;27.5882516
вуліца Якуба Коласа;12 к2;улица Якуба Коласа;53.9208527;27.5882516
вуліца Якубава;82;улица Якубова;53.8524724;27.5960267
вуліца Якубава;58;улица Якубова;53.8524724;27.5960267
вуліца Якубава;66/2;улица Якубова;53.8524724;27.5960267
вуліца Якубава;64-2;улица Якубова;53.8524724;27.5960267
вуліца Якубава;64-1;улица Якубова;53.8524724;27.5960267
вуліца Якубава;56 к1;улица Якубова;53.8524724;27.5960267
вуліца Якубава;46244;улица Якубова;53.8524724;27.5960267
вуліца Якубава;30;улица Якубова;53.8524724;27.5960267
вуліца Якубава;6А;улица Якубова;53.8524724;27.5960267
вуліца Якубава;2 к2;улица Якубова;53.8524724;27.5960267
вуліца Якубава;22;улица Якубова;53.8524724;27.5960267
вуліца Якубава;66 к2;улица Якубова;53.8524724;27.5960267
вуліца Якубава;74;улица Якубова;53.8524724;27.5960267
вуліца Якубава;70А;улица Якубова;53.8524724;27.5960267
вуліца Якубава;70;улица Якубова;53.8524724;27.5960267
вуліца Якубава;60;улица Якубова;53.8524724;27.5960267
вуліца Якубава;68;улица Якубова;53.8524724;27.5960267
вуліца Якубава;78;улица Якубова;53.8524724;27.5960267
вуліца Якубава;80;улица Якубова;53.8524724;27.5960267
вуліца Якубава;76;улица Якубова;53.8524724;27.5960267
вуліца Якубава;66 к4;улица Якубова;53.8524724;27.5960267
вуліца Якубава;66 к3;улица Якубова;53.8524724;27.5960267
вуліца Якубава;66 к1;улица Якубова;53.8524724;27.5960267
вуліца Якубава;76А;улица Якубова;53.8524724;27.5960267
вуліца Якубоўскага;60;улица Якубовского;53.8916087;27.4535047
вуліца Якубоўскага;33;улица Якубовского;53.8916087;27.4535047
вуліца Якубоўскага;52А;улица Якубовского;53.8916087;27.4535047
вуліца Якубоўскага;30 к1;улица Якубовского;53.8916087;27.4535047
вуліца Якубоўскага;52Б;улица Якубовского;53.8916087;27.4535047
вуліца Якубоўскага;28;улица Якубовского;53.8916087;27.4535047
вуліца Якубоўскага;32А;улица Якубовского;53.8916087;27.4535047
вуліца Якубоўскага;123;улица Якубовского;53.8916087;27.4535047
вуліца Якубоўскага;45;улица Якубовского;53.8916087;27.4535047
вуліца Якубоўскага;46052;улица Якубовского;53.8916087;27.4535047
вуліца Якубоўскага;66;улица Якубовского;53.8916087;27.4535047
вуліца Якубоўскага;53/4;улица Якубовского;53.8916087;27.4535047
вуліца Якубоўскага;52/2;улица Якубовского;53.8916087;27.4535047
вуліца Якубоўскага;52/1;улица Якубовского;53.8916087;27.4535047
вуліца Якубоўскага;54А;улица Якубовского;53.8916087;27.4535047
вуліца Якубоўскага;52/3;улица Якубовского;53.8916087;27.4535047
вуліца Якубоўскага;70;улица Якубовского;53.8916087;27.4535047
вуліца Якубоўскага;66 к1;улица Якубовского;53.8916087;27.4535047
вуліца Якубоўскага;68;улица Якубовского;53.8916087;27.4535047
вуліца Якубоўскага;50;улица Якубовского;53.8916087;27.4535047
вуліца Якубоўскага;54;улица Якубовского;53.8916087;27.4535047
вуліца Якубоўскага;48 к1;улица Якубовского;53.8916087;27.4535047
вуліца Якубоўскага;80;улица Якубовского;53.8916087;27.4535047
вуліца Якубоўскага;76;улица Якубовского;53.8916087;27.4535047
вуліца Якубоўскага;78;улица Якубовского;53.8916087;27.4535047
вуліца Якубоўскага;53/2;улица Якубовского;53.8916087;27.4535047
вуліца Якубоўскага;46;улица Якубовского;53.8916087;27.4535047
вуліца Якубоўскага;68/1;улица Якубовского;53.8916087;27.4535047
вуліца Якубоўскага;68А;улица Якубовского;53.8916087;27.4535047
вуліца Якубоўскага;52;улица Якубовского;53.8916087;27.4535047
вуліца Якубоўскага;53/10;улица Якубовского;53.8916087;27.4535047
вуліца Якубоўскага;66/6;улица Якубовского;53.8916087;27.4535047
вуліца Якубоўскага;52/4;улица Якубовского;53.8916087;27.4535047
вуліца Якубоўскага;53/5;улица Якубовского;53.8916087;27.4535047
вуліца Якубоўскага;53/3;улица Якубовского;53.8916087;27.4535047
вуліца Яна Райніса;9;улица Яна Райниса;53.8724386;27.6194964
вуліца Яна Райніса;1Д;улица Яна Райниса;53.8724386;27.6194964
вуліца Яна Райніса;1Г;улица Яна Райниса;53.8724386;27.6194964
вуліца Яна Райніса;6;улица Яна Райниса;53.8724386;27.6194964
вуліца Яна Чачота;11;улица Яна Чечота;53.8475672;27.484859
вуліца Яна Чачота;7;улица Яна Чечота;53.8475672;27.484859
вуліца Яна Чачота;25;улица Яна Чечота;53.8475672;27.484859
вуліца Яна Чачота;20;улица Яна Чечота;53.8475672;27.484859
вуліца Яна Чачота;6;улица Яна Чечота;53.8475672;27.484859
вуліца Яна Чачота;4;улица Яна Чечота;53.8475672;27.484859
вуліца Яна Чачота;2А;улица Яна Чечота;53.8475672;27.484859
вуліца Янкі Брыля;6Л/8;улица Янки Брыля;53.8795479;27.4832358
вуліца Янкі Брыля;22;улица Янки Брыля;53.8795479;27.4832358
вуліца Янкі Брыля;11Л/7;улица Янки Брыля;53.8795479;27.4832358
вуліца Янкі Брыля;6Л/9;улица Янки Брыля;53.8795479;27.4832358
вуліца Янкі Брыля;24;улица Янки Брыля;53.8795479;27.4832358
вуліца Янкі Брыля;2;улица Янки Брыля;53.8795479;27.4832358
вуліца Янкі Брыля;30;улица Янки Брыля;53.8795479;27.4832358
вуліца Янкі Брыля;24А;улица Янки Брыля;53.8795479;27.4832358
вуліца Янкі Брыля;26;улица Янки Брыля;53.8795479;27.4832358
вуліца Янкі Брыля;3;улица Янки Брыля;53.8795479;27.4832358
вуліца Янкі Брыля;9;улица Янки Брыля;53.8795479;27.4832358
вуліца Янкі Брыля;5;улица Янки Брыля;53.8795479;27.4832358
вуліца Янкі Брыля;7;улица Янки Брыля;53.8795479;27.4832358
вуліца Янкі Брыля;5А;улица Янки Брыля;53.8795479;27.4832358
вуліца Янкі Брыля;9А;улица Янки Брыля;53.8795479;27.4832358
вуліца Янкі Брыля;3А;улица Янки Брыля;53.8795479;27.4832358
вуліца Янкі Купалы;25;улица Янки Купалы;53.9070858;27.5628101
вуліца Янкі Купалы;23;улица Янки Купалы;53.9070858;27.5628101
вуліца Янкі Купалы;15;улица Янки Купалы;53.9070858;27.5628101
вуліца Янкі Купалы;9;улица Янки Купалы;53.9070858;27.5628101
вуліца Янкі Купалы;13;улица Янки Купалы;53.9070858;27.5628101
вуліца Янкі Купалы;19;улица Янки Купалы;53.9070858;27.5628101
вуліца Янкі Купалы;17;улица Янки Купалы;53.9070858;27.5628101
вуліца Янкі Купалы;7;улица Янки Купалы;53.9070858;27.5628101
вуліца Янкі Купалы;5;улица Янки Купалы;53.9070858;27.5628101
вуліца Янкі Купалы;4;улица Янки Купалы;53.9070858;27.5628101
вуліца Янкі Купалы;11;улица Янки Купалы;53.9070858;27.5628101
вуліца Янкі Купалы;6А;улица Янки Купалы;53.9070858;27.5628101
вуліца Янкі Купалы;3;улица Янки Купалы;53.9070858;27.5628101
вуліца Янкі Купалы;31;улица Янки Купалы;53.9070858;27.5628101
вуліца Янкі Купалы;6;улица Янки Купалы;53.9070858;27.5628101
вуліца Янкі Купалы;2;улица Янки Купалы;53.9070858;27.5628101
вуліца Янкі Купалы;18;улица Янки Купалы;53.9070858;27.5628101
вуліца Янкі Купалы;43;улица Янки Купалы;53.9070858;27.5628101
вуліца Янкі Купалы;20;улица Янки Купалы;53.9070858;27.5628101
вуліца Янкі Купалы;37;улица Янки Купалы;53.9070858;27.5628101
вуліца Янкі Купалы;16;улица Янки Купалы;53.9070858;27.5628101
вуліца Янкі Купалы;14;улица Янки Купалы;53.9070858;27.5628101
вуліца Янкі Купалы;39;улица Янки Купалы;53.9070858;27.5628101
вуліца Янкі Купалы;41;улица Янки Купалы;53.9070858;27.5628101
вуліца Янкі Купалы;12;улица Янки Купалы;53.9070858;27.5628101
вуліца Янкі Купалы;8;улица Янки Купалы;53.9070858;27.5628101
вуліца Янкі Купалы;33;улица Янки Купалы;53.9070858;27.5628101
вуліца Янкі Купалы;35;улица Янки Купалы;53.9070858;27.5628101
вуліца Янкі Купалы;29;улица Янки Купалы;53.9070858;27.5628101
вуліца Янкі Купалы;27;улица Янки Купалы;53.9070858;27.5628101
вуліца Янкі Купалы;21;улица Янки Купалы;53.9070858;27.5628101
вуліца Янкі Купалы;10;улица Янки Купалы;53.9070858;27.5628101
вуліца Янкі Купалы;5А;улица Янки Купалы;53.9070858;27.5628101
вуліца Янкі Купалы;9 к1;улица Янки Купалы;53.9070858;27.5628101
вуліца Янкі Лучыны;22;улица Янки Лучины;53.8396124;27.5896364
вуліца Янкі Лучыны;28;улица Янки Лучины;53.8396124;27.5896364
вуліца Янкі Лучыны;4;улица Янки Лучины;53.8396124;27.5896364
вуліца Янкі Лучыны;60;улица Янки Лучины;53.8396124;27.5896364
вуліца Янкі Лучыны;18;улица Янки Лучины;53.8396124;27.5896364
вуліца Янкі Лучыны;44;улица Янки Лучины;53.8396124;27.5896364
вуліца Янкі Лучыны;38;улица Янки Лучины;53.8396124;27.5896364
вуліца Янкі Лучыны;30;улица Янки Лучины;53.8396124;27.5896364
вуліца Янкі Лучыны;14;улица Янки Лучины;53.8396124;27.5896364
вуліца Янкі Лучыны;58;улица Янки Лучины;53.8396124;27.5896364
вуліца Янкі Лучыны;56;улица Янки Лучины;53.8396124;27.5896364
вуліца Янкі Лучыны;54;улица Янки Лучины;53.8396124;27.5896364
вуліца Янкі Лучыны;46;улица Янки Лучины;53.8396124;27.5896364
вуліца Янкі Лучыны;34;улица Янки Лучины;53.8396124;27.5896364
вуліца Янкі Лучыны;32;улица Янки Лучины;53.8396124;27.5896364
вуліца Янкі Лучыны;26;улица Янки Лучины;53.8396124;27.5896364
вуліца Янкі Лучыны;48;улица Янки Лучины;53.8396124;27.5896364
вуліца Янкі Лучыны;36;улица Янки Лучины;53.8396124;27.5896364
вуліца Янкі Лучыны;6;улица Янки Лучины;53.8396124;27.5896364
вуліца Янкі Лучыны;5;улица Янки Лучины;53.8396124;27.5896364
вуліца Янкі Лучыны;7;улица Янки Лучины;53.8396124;27.5896364
вуліца Янкі Лучыны;70;улица Янки Лучины;53.8396124;27.5896364
вуліца Янкі Лучыны;72;улица Янки Лучины;53.8396124;27.5896364
вуліца Янкі Маўра;22;улица Янки Мавра;53.9057141;27.4889425
вуліца Янкі Маўра;44;улица Янки Мавра;53.9057141;27.4889425
вуліца Янкі Маўра;20;улица Янки Мавра;53.9057141;27.4889425
вуліца Янкі Маўра;62;улица Янки Мавра;53.9057141;27.4889425
Вуліца Янкі Маўра;33117;улица Янки Мавра;53.9057141;27.4889425
вуліца Янкі Маўра;33А;улица Янки Мавра;53.9057141;27.4889425
вуліца Янкі Маўра;9А;улица Янки Мавра;53.9057141;27.4889425
вуліца Янкі Маўра;46;улица Янки Мавра;53.9057141;27.4889425
вуліца Янкі Маўра;22А;улица Янки Мавра;53.9057141;27.4889425
вуліца Янкі Маўра;24;улица Янки Мавра;53.9057141;27.4889425
вуліца Янкі Маўра;47;улица Янки Мавра;53.9057141;27.4889425
вуліца Янкі Маўра;41;улица Янки Мавра;53.9057141;27.4889425
вуліца Янкі Маўра;1;улица Янки Мавра;53.9057141;27.4889425
вуліца Янкі Маўра;35;улица Янки Мавра;53.9057141;27.4889425
вуліца Янкі Маўра;53;улица Янки Мавра;53.9057141;27.4889425
вуліца Янкі Маўра;1А;улица Янки Мавра;53.9057141;27.4889425
вуліца Янкоўскага;2А;улица Янковского;53.8795644;27.4516394
вуліца Янкоўскага;40;улица Янковского;53.8795644;27.4516394
вуліца Янкоўскага;44;улица Янковского;53.8795644;27.4516394
вуліца Янкоўскага;1;улица Янковского;53.8795644;27.4516394
вуліца Янкоўскага;39;улица Янковского;53.8795644;27.4516394
вуліца Янкоўскага;23;улица Янковского;53.8795644;27.4516394
вуліца Янкоўскага;6А;улица Янковского;53.8795644;27.4516394
вуліца Янкоўскага;8;улица Янковского;53.8795644;27.4516394
вуліца Ясеніна;14;улица Есенина;53.0337527;27.5794197
вуліца Яўгена Глебава;6;улица Евгения Глебова;53.9255953;27.6523233
вуліца Яўгена Глебава;8;улица Евгения Глебова;53.9255953;27.6523233
вуліца Яўгена Глебава;4;улица Евгения Глебова;53.9255953;27.6523233
вуліца Яўгена Глебава;10;улица Евгения Глебова;53.9255953;27.6523233
вуліца Яўгена Глебава;12;улица Евгения Глебова;53.9255953;27.6523233
вуліца Яўгена Глебава;14;улица Евгения Глебова;53.9255953;27.6523233
вуліца Яўгена Глебава;1;улица Евгения Глебова;53.9255953;27.6523233
вуліца Яўгена Глебава;3;улица Евгения Глебова;53.9255953;27.6523233
вуліца Яўгена Глебава;5;улица Евгения Глебова;53.9255953;27.6523233
вуліца Яўгена Глебава;9;улица Евгения Глебова;53.9255953;27.6523233
вуліца Яўгена Глебава;16;улица Евгения Глебова;53.9255953;27.6523233
вуліца Яўгена Глебава;18;улица Евгения Глебова;53.9255953;27.6523233
вуліца Яўгена Глебава;7;улица Евгения Глебова;53.9255953;27.6523233
вуліца Яўгена Міркоўскага;2;улица Евгения Мирковского;53.8639686;27.634037
вуліца. Маршала Лосіка;25;улица Маршала Лосика;53.8732862;27.4556545
вуліцаАлешава;4;улица Алешава;;
Вучнёўскі завулак;2;Ученический переулок;53.8845241;27.6089541
Вучнёўскі завулак;1;Ученический переулок;53.8845241;27.6089541
Вучнёўскі завулак;11;Ученический переулок;53.8845241;27.6089541
Вучнёўскі завулак;12;Ученический переулок;53.8845241;27.6089541
Высокая вуліца;11Д;Высокая улица;53.9173266;27.6741749
Высокая вуліца;12;Высокая улица;53.9173266;27.6741749
Высокая вуліца;8;Высокая улица;53.9173266;27.6741749
Высокая вуліца;3А;Высокая улица;53.9173266;27.6741749
Высокая вуліца;15;Высокая улица;53.9173266;27.6741749
Высокая вуліца;1;Высокая улица;53.9173266;27.6741749
Высокая вуліца;16;Высокая улица;53.9173266;27.6741749
Высокая вуліца;5;Высокая улица;53.9173266;27.6741749
Высокі завулак;4;Высокий переулок;53.917552;27.6726404
Вязынская вуліца;5;Вязынская улица;53.9380732;27.434662
Вязынская вуліца;23;Вязынская улица;53.9380732;27.434662
Вязынская вуліца;21;Вязынская улица;53.9380732;27.434662
Вязынская вуліца;25;Вязынская улица;53.9380732;27.434662
Вязынская вуліца;19;Вязынская улица;53.9380732;27.434662
Вязынская вуліца;26;Вязынская улица;53.9380732;27.434662
Вязынская вуліца;15;Вязынская улица;53.9380732;27.434662
Вязынская вуліца;38;Вязынская улица;53.9380732;27.434662
Вязынская вуліца;22;Вязынская улица;53.9380732;27.434662
Вязынская вуліца;4;Вязынская улица;53.9380732;27.434662
Вязынская вуліца;9;Вязынская улица;53.9380732;27.434662
Вязынская вуліца;8;Вязынская улица;53.9380732;27.434662
Вязынская вуліца;13;Вязынская улица;53.9380732;27.434662
Вязынская вуліца;7;Вязынская улица;53.9380732;27.434662
Вязынская вуліца;2;Вязынская улица;53.9380732;27.434662
Вязынская вуліца;11;Вязынская улица;53.9380732;27.434662
Вязынская вуліца;24;Вязынская улица;53.9380732;27.434662
Вязынская вуліца;6;Вязынская улица;53.9380732;27.434662
Вязынская вуліца;32;Вязынская улица;53.9380732;27.434662
Вязынская вуліца;17;Вязынская улица;53.9380732;27.434662
Вязынская вуліца;30;Вязынская улица;53.9380732;27.434662
Вязынская вуліца;28;Вязынская улица;53.9380732;27.434662
Вялікаморская вуліца;1;Великоморская улица;53.8661479;27.5686462
Вялікаморская вуліца;4;Великоморская улица;53.8661479;27.5686462
Вялікаморская вуліца;6;Великоморская улица;53.8661479;27.5686462
Вясёлкавая вуліца;2;Радужная улица;53.9336165;27.4941832
Вясёлкавая вуліца;17;Радужная улица;53.9336165;27.4941832
Вясёлкавая вуліца;7;Радужная улица;53.9336165;27.4941832
Вясёлкавая вуліца;5;Радужная улица;53.9336165;27.4941832
Вясёлкавая вуліца;3;Радужная улица;53.9336165;27.4941832
Вясёлкавая вуліца;1Б;Радужная улица;53.9336165;27.4941832
Вясёлкавая вуліца;38;Радужная улица;53.9336165;27.4941832
Вясёлкавая вуліца;36;Радужная улица;53.9336165;27.4941832
Вясёлкавая вуліца;32А;Радужная улица;53.9336165;27.4941832
Вясёлкавая вуліца;51;Радужная улица;53.9336165;27.4941832
Вясёлкавая вуліца;49;Радужная улица;53.9336165;27.4941832
Вясёлкавая вуліца;45;Радужная улица;53.9336165;27.4941832
Вясёлкавая вуліца;35;Радужная улица;53.9336165;27.4941832
Вясёлкавая вуліца;31;Радужная улица;53.9336165;27.4941832
Вясёлкавая вуліца;24;Радужная улица;53.9336165;27.4941832
Вясёлкавая вуліца;28;Радужная улица;53.9336165;27.4941832
Вясёлкавая вуліца;27;Радужная улица;53.9336165;27.4941832
Вясёлкавая вуліца;48;Радужная улица;53.9336165;27.4941832
Вясёлкавая вуліца;44;Радужная улица;53.9336165;27.4941832
Вясёлкавая вуліца;43;Радужная улица;53.9336165;27.4941832
Вясёлкавая вуліца;38А;Радужная улица;53.9336165;27.4941832
Вясёлкавая вуліца;25;Радужная улица;53.9336165;27.4941832
Вясенняя вуліца;1;Весенняя улица;53.9354414;27.6236084
Вясенняя вуліца;11;Весенняя улица;53.9354414;27.6236084
Вясенняя вуліца;12;Весенняя улица;53.9354414;27.6236084
Вясенняя вуліца;2;Весенняя улица;53.9354414;27.6236084
Вясенняя вуліца;9;Весенняя улица;53.9354414;27.6236084
Вясновая вуліца;5;Весенняя улица;54.2026961;28.5538076
Вясновая вуліца;6;Весенняя улица;54.2026961;28.5538076
Вясновая вуліца;10;Весенняя улица;54.2026961;28.5538076
Вясновая вуліца;7;Весенняя улица;54.2026961;28.5538076
Вясновая вуліца;8;Весенняя улица;54.2026961;28.5538076
Вясновая вуліца;3;Весенняя улица;54.2026961;28.5538076
Гарадзецкая вуліца;15;Городецкая улица;53.9450886;27.6712666
Гарадзецкая вуліца;14;Городецкая улица;53.9450886;27.6712666
Гарадзецкая вуліца;22;Городецкая улица;53.9450886;27.6712666
Гарадзецкая вуліца;71;Городецкая улица;53.9450886;27.6712666
Гарадзецкая вуліца;69;Городецкая улица;53.9450886;27.6712666
Гарадзецкая вуліца;30;Городецкая улица;53.9450886;27.6712666
Гарадзецкая вуліца;72;Городецкая улица;53.9450886;27.6712666
Гарадзецкая вуліца;3;Городецкая улица;53.9450886;27.6712666
Гарадзецкая вуліца;36 к2;Городецкая улица;53.9450886;27.6712666
Гарадзецкая вуліца;36 к1;Городецкая улица;53.9450886;27.6712666
Гарадзецкая вуліца;34;Городецкая улица;53.9450886;27.6712666
Гарадская вуліца;5А-1;Городская улица;53.501458;28.1280541
Гарадская вуліца;4;Городская улица;53.501458;28.1280541
Гарадская вуліца;11;Городская улица;53.501458;28.1280541
Гарадская вуліца;10;Городская улица;53.501458;28.1280541
Гарадская вуліца;2;Городская улица;53.501458;28.1280541
Гарадская вуліца;12;Городская улица;53.501458;28.1280541
Гарадская вуліца;1;Городская улица;53.501458;28.1280541
Гарадская вуліца;7;Городская улица;53.501458;28.1280541
Гарадская вуліца;6;Городская улица;53.501458;28.1280541
Гарадская вуліца;13;Городская улица;53.501458;28.1280541
Гарадская вуліца;20;Городская улица;53.501458;28.1280541
Гарадская вуліца;3;Городская улица;53.501458;28.1280541
Гарадская вуліца;5;Городская улица;53.501458;28.1280541
Гарадская вуліца;9;Городская улица;53.501458;28.1280541
Гарадская вуліца;16;Городская улица;53.501458;28.1280541
Гарадская вуліца;17;Городская улица;53.501458;28.1280541
Гарадская вуліца;21;Городская улица;53.501458;28.1280541
Гарадская вуліца;15;Городская улица;53.501458;28.1280541
Гарадская вуліца;14;Городская улица;53.501458;28.1280541
Гарадская вуліца;19;Городская улица;53.501458;28.1280541
Гарадская вуліца;18;Городская улица;53.501458;28.1280541
Гарадская вуліца;23;Городская улица;53.501458;28.1280541
Гарадская вуліца;5А;Городская улица;53.501458;28.1280541
Гвардзейская вуліца;14;Гвардейская улица;53.9144798;27.5320594
Гвардзейская вуліца;7;Гвардейская улица;53.9144798;27.5320594
Гвардзейская вуліца;16;Гвардейская улица;53.9144798;27.5320594
Гвардзейская вуліца;10;Гвардейская улица;53.9144798;27.5320594
Гвардзейская вуліца;12;Гвардейская улица;53.9144798;27.5320594
Геалагічная вуліца;10;Геологическая улица;53.9159448;27.6685643
Геалагічная вуліца;59 к1;Геологическая улица;53.9159448;27.6685643
Геалагічная вуліца;87Г;Геологическая улица;53.9159448;27.6685643
Геалагічная вуліца;42А;Геологическая улица;53.9159448;27.6685643
Геалагічная вуліца;117;Геологическая улица;53.9159448;27.6685643
Геалагічная вуліца;59Б;Геологическая улица;53.9159448;27.6685643
Геалагічная вуліца;94;Геологическая улица;53.9159448;27.6685643
Геалагічны завулак;1;Геологическая аллея;53.9105268;27.6593222
Германаўская вуліца;19;Германовская улица;53.8690758;27.5545047
Германаўская вуліца;17;Германовская улица;53.8690758;27.5545047
Германаўская вуліца;15;Германовская улица;53.8690758;27.5545047
Германаўская вуліца;9;Германовская улица;53.8690758;27.5545047
Германаўскі завулак;18А;Германовский переулок;53.8699255;27.5679421
Горная вуліца;2;Горная улица;53.9178942;27.6855723
Горная вуліца;18;Горная улица;53.9178942;27.6855723
Горная вуліца;8;Горная улица;53.9178942;27.6855723
Горная вуліца;6;Горная улица;53.9178942;27.6855723
Горная вуліца;4;Горная улица;53.9178942;27.6855723
Горная вуліца;3;Горная улица;53.9178942;27.6855723
Горная вуліца;5;Горная улица;53.9178942;27.6855723
Горная вуліца;9;Горная улица;53.9178942;27.6855723
Горная вуліца;17;Горная улица;53.9178942;27.6855723
Горны завулак;1А;Горный переулок;53.9101332;27.5879991
Горны завулак;6;Горный переулок;53.9101332;27.5879991
Горны завулак;1;Горный переулок;53.9101332;27.5879991
Горны завулак;2;Горный переулок;53.9101332;27.5879991
Горны завулак;10;Горный переулок;53.9101332;27.5879991
Горны завулак;8;Горный переулок;53.9101332;27.5879991
Грушаўская вуліца;15А;Грушавская улица;53.8859797;27.5236959
Грушаўская вуліца;106;Грушавская улица;53.8859797;27.5236959
Грушаўская вуліца;7А;Грушавская улица;53.8859797;27.5236959
Грушаўская вуліца;21;Грушавская улица;53.8859797;27.5236959
Грушаўская вуліца;124;Грушавская улица;53.8859797;27.5236959
Грушаўская вуліца;22 к2;Грушавская улица;53.8859797;27.5236959
Грушаўская вуліца;5;Грушавская улица;53.8859797;27.5236959
Грушаўская вуліца;5 к3;Грушавская улица;53.8859797;27.5236959
Грушаўская вуліца;5 к11;Грушавская улица;53.8859797;27.5236959
Грушаўская вуліца;22 к4;Грушавская улица;53.8859797;27.5236959
Грушаўская вуліца;22 к1;Грушавская улица;53.8859797;27.5236959
Грушаўская вуліца;22;Грушавская улица;53.8859797;27.5236959
Грушаўская вуліца;22 к7;Грушавская улица;53.8859797;27.5236959
Грушаўская вуліца;65А;Грушавская улица;53.8859797;27.5236959
Грушаўская вуліца;119;Грушавская улица;53.8859797;27.5236959
Грушаўская вуліца;135;Грушавская улица;53.8859797;27.5236959
Грушаўская вуліца;127;Грушавская улица;53.8859797;27.5236959
Грушаўская вуліца;142;Грушавская улица;53.8859797;27.5236959
Грушаўская вуліца;134;Грушавская улица;53.8859797;27.5236959
Грушаўская вуліца;125;Грушавская улица;53.8859797;27.5236959
Грушаўская вуліца;144;Грушавская улица;53.8859797;27.5236959
Грушаўская вуліца;129;Грушавская улица;53.8859797;27.5236959
Грушаўская вуліца;146;Грушавская улица;53.8859797;27.5236959
Грушаўская вуліца;131;Грушавская улица;53.8859797;27.5236959
Грушаўская вуліца;136;Грушавская улица;53.8859797;27.5236959
Грушаўская вуліца;148;Грушавская улица;53.8859797;27.5236959
Грушаўская вуліца;5 к1;Грушавская улица;53.8859797;27.5236959
Грушаўская вуліца;22 к6;Грушавская улица;53.8859797;27.5236959
Грушаўская вуліца;22 к5;Грушавская улица;53.8859797;27.5236959
Грушаўская вуліца;73;Грушавская улица;53.8859797;27.5236959
Грушаўская вуліца;71;Грушавская улица;53.8859797;27.5236959
Грушаўская вуліца;69;Грушавская улица;53.8859797;27.5236959
Грушаўская вуліца;90;Грушавская улица;53.8859797;27.5236959
Грушаўская вуліца;84;Грушавская улица;53.8859797;27.5236959
Грушаўская вуліца;5 к2;Грушавская улица;53.8859797;27.5236959
Грушаўская вуліца;86;Грушавская улица;53.8859797;27.5236959
Грыбны завулак;1;Грибной переулок;53.8849072;27.6709878
Грыбны завулак;2;Грибной переулок;53.8849072;27.6709878
Грыбны завулак;28;Грибной переулок;53.8849072;27.6709878
Грыбны завулак;79;Грибной переулок;53.8849072;27.6709878
Грыбны завулак;15;Грибной переулок;53.8849072;27.6709878
Дабрамысленскі завулак;5;Добромысленский переулок;53.891149;27.5398301
Дабрамысленскі завулак;3;Добромысленский переулок;53.891149;27.5398301
Дабрамысленскі завулак;4;Добромысленский переулок;53.891149;27.5398301
Дамашэўская вуліца;4;Домашевская улица;53.9006638;27.5277293
Дамашэўская вуліца;11;Домашевская улица;53.9006638;27.5277293
Дамашэўская вуліца;9;Домашевская улица;53.9006638;27.5277293
Дамашэўскі завулак;9;Домашевский переулок;;
Дамашэўскі завулак;11;Домашевский переулок;;
Дамброўская вуліца;15;Домбровская улица;53.9159691;27.4559611
Дамброўская вуліца;10;Домбровская улица;53.9159691;27.4559611
Даўгабродская вуліца;3;Долгобродская улица;53.8956347;27.6082628
Даўгабродская вуліца;25;Долгобродская улица;53.8956347;27.6082628
Даўгабродская вуліца;30;Долгобродская улица;53.8956347;27.6082628
Даўгабродская вуліца;24;Долгобродская улица;53.8956347;27.6082628
Даўгабродская вуліца;26;Долгобродская улица;53.8956347;27.6082628
Даўгабродская вуліца;35;Долгобродская улица;53.8956347;27.6082628
Даўгабродская вуліца;16;Долгобродская улица;53.8956347;27.6082628
Даўгабродская вуліца;43/1;Долгобродская улица;53.8956347;27.6082628
Даўгабродская вуліца;4;Долгобродская улица;53.8956347;27.6082628
Даўгабродская вуліца;29/43;Долгобродская улица;53.8956347;27.6082628
Даўгабродская вуліца;34;Долгобродская улица;53.8956347;27.6082628
Даўгабродская вуліца;29;Долгобродская улица;53.8956347;27.6082628
Даўгабродская вуліца;19;Долгобродская улица;53.8956347;27.6082628
Даўгабродская вуліца;5 к1;Долгобродская улица;53.8956347;27.6082628
Даўгабродская вуліца;10 к1;Долгобродская улица;53.8956347;27.6082628
Даўгабродская вуліца;13;Долгобродская улица;53.8956347;27.6082628
Даўгабродская вуліца;46058;Долгобродская улица;53.8956347;27.6082628
Даўгабродская вуліца;15;Долгобродская улица;53.8956347;27.6082628
Даўгабродская вуліца;14;Долгобродская улица;53.8956347;27.6082628
Даўгабродская вуліца;18;Долгобродская улица;53.8956347;27.6082628
Даўгабродская вуліца;17;Долгобродская улица;53.8956347;27.6082628
Даўгабродская вуліца;12;Долгобродская улица;53.8956347;27.6082628
Даўгабродская вуліца;11;Долгобродская улица;53.8956347;27.6082628
Даўгабродская вуліца;46032;Долгобродская улица;53.8956347;27.6082628
Даўгабродская вуліца;46060;Долгобродская улица;53.8956347;27.6082628
Даўгабродская вуліца;9;Долгобродская улица;53.8956347;27.6082628
Даўгабродская вуліца;46088;Долгобродская улица;53.8956347;27.6082628
Даўгабродская вуліца;7 к1;Долгобродская улица;53.8956347;27.6082628
Даўгабродская вуліца;8;Долгобродская улица;53.8956347;27.6082628
Даўгабродская вуліца;46041;Долгобродская улица;53.8956347;27.6082628
Даўгабродская вуліца;22;Долгобродская улица;53.8956347;27.6082628
Даўгабродская вуліца;9А;Долгобродская улица;53.8956347;27.6082628
Даўгабродская вуліца;60;Долгобродская улица;53.8956347;27.6082628
Даўгабродская вуліца;46044;Долгобродская улица;53.8956347;27.6082628
Даўгабродская вуліца;46040;Долгобродская улица;53.8956347;27.6082628
Даўгабродская вуліца;12А;Долгобродская улица;53.8956347;27.6082628
Даўгабродская вуліца;7Б;Долгобродская улица;53.8956347;27.6082628
Даўгабродская вуліца;39;Долгобродская улица;53.8956347;27.6082628
Даўгабродская вуліца;46076;Долгобродская улица;53.8956347;27.6082628
Даўгабродская вуліца;46045;Долгобродская улица;53.8956347;27.6082628
Даўгабродская вуліца;17П;Долгобродская улица;53.8956347;27.6082628
Даўгінаўскі тракт;151;Долгиновский тракт;53.9436928;27.5399481
Даўгінаўскі тракт;172;Долгиновский тракт;53.9436928;27.5399481
Даўгінаўскі тракт;45;Долгиновский тракт;53.9436928;27.5399481
Даўгінаўскі тракт;150;Долгиновский тракт;53.9436928;27.5399481
Даўгінаўскі тракт;19;Долгиновский тракт;53.9436928;27.5399481
Даўгінаўскі тракт;37;Долгиновский тракт;53.9436928;27.5399481
Даўгінаўскі тракт;29;Долгиновский тракт;53.9436928;27.5399481
Даўгінаўскі тракт;49А;Долгиновский тракт;53.9436928;27.5399481
Даўгінаўскі тракт;178;Долгиновский тракт;53.9436928;27.5399481
Даўгінаўскі тракт;166;Долгиновский тракт;53.9436928;27.5399481
Даўгінаўскі тракт;186;Долгиновский тракт;53.9436928;27.5399481
Даўгінаўскі тракт;39;Долгиновский тракт;53.9436928;27.5399481
Даўгінаўскі тракт;51;Долгиновский тракт;53.9436928;27.5399481
Даўгінаўскі тракт;33;Долгиновский тракт;53.9436928;27.5399481
Даўгінаўскі тракт;24;Долгиновский тракт;53.9436928;27.5399481
Даўгінаўскі тракт;30;Долгиновский тракт;53.9436928;27.5399481
Даўгінаўскі тракт;188;Долгиновский тракт;53.9436928;27.5399481
Даўгінаўскі тракт;152;Долгиновский тракт;53.9436928;27.5399481
Даўгінаўскі тракт;51 к12;Долгиновский тракт;53.9436928;27.5399481
Даўгінаўскі тракт;45А;Долгиновский тракт;53.9436928;27.5399481
Даўгінаўскі тракт;49;Долгиновский тракт;53.9436928;27.5399481
Дачная вуліца;9А;Дачная улица;53.9195596;27.6875704
Дачная вуліца;32;Дачная улица;53.9195596;27.6875704
Дачная вуліца;24;Дачная улица;53.9195596;27.6875704
Дачны завулак;2;Дачный переулок;53.8647445;27.5639645
Дзвінская вуліца;46;Двинская улица;53.9029348;27.6284562
Дзвінская вуліца;6;Двинская улица;53.9029348;27.6284562
Дзвінская вуліца;4;Двинская улица;53.9029348;27.6284562
Дзвінская вуліца;20;Двинская улица;53.9029348;27.6284562
Дзвінская вуліца;22;Двинская улица;53.9029348;27.6284562
Дзвінская вуліца;2;Двинская улица;53.9029348;27.6284562
Дзвінская вуліца;18;Двинская улица;53.9029348;27.6284562
Дзвінская вуліца;16;Двинская улица;53.9029348;27.6284562
Дзвінская вуліца;12;Двинская улица;53.9029348;27.6284562
Дзвінская вуліца;14;Двинская улица;53.9029348;27.6284562
Дзвінская вуліца;8;Двинская улица;53.9029348;27.6284562
Дзвінская вуліца;10;Двинская улица;53.9029348;27.6284562
Дзвінская вуліца;28;Двинская улица;53.9029348;27.6284562
Дзвінская вуліца;30;Двинская улица;53.9029348;27.6284562
Дзвінская вуліца;24;Двинская улица;53.9029348;27.6284562
Дзвінская вуліца;26;Двинская улица;53.9029348;27.6284562
Дзвінская вуліца;21;Двинская улица;53.9029348;27.6284562
Дзвінская вуліца;23;Двинская улица;53.9029348;27.6284562
Дзвінская вуліца;19;Двинская улица;53.9029348;27.6284562
Дзвінская вуліца;17;Двинская улица;53.9029348;27.6284562
Дзвінская вуліца;9;Двинская улица;53.9029348;27.6284562
Дзвінская вуліца;3;Двинская улица;53.9029348;27.6284562
Дзвінская вуліца;13;Двинская улица;53.9029348;27.6284562
Дзвінская вуліца;5;Двинская улица;53.9029348;27.6284562
Дзвінская вуліца;11;Двинская улица;53.9029348;27.6284562
Дзвінская вуліца;15;Двинская улица;53.9029348;27.6284562
Дзвінская вуліца;7;Двинская улица;53.9029348;27.6284562
Дзвінская вуліца;58;Двинская улица;53.9029348;27.6284562
Дзісенская вуліца;5;Дисенская улица;53.966096;27.5773667
Дзісенская вуліца;3;Дисенская улица;53.966096;27.5773667
Дзісенская вуліца;17;Дисенская улица;53.966096;27.5773667
Дзісенская вуліца;19;Дисенская улица;53.966096;27.5773667
Дзісенская вуліца;7;Дисенская улица;53.966096;27.5773667
Дзісенская вуліца;9;Дисенская улица;53.966096;27.5773667
Дзісенская вуліца;11;Дисенская улица;53.966096;27.5773667
Дзянісаўская вуліца;8;Денисовская улица;53.8723993;27.5690512
Дзянісаўская вуліца;49;Денисовская улица;53.8723993;27.5690512
Дзянісаўская вуліца;4;Денисовская улица;53.8723993;27.5690512
Дзянісаўская вуліца;8А;Денисовская улица;53.8723993;27.5690512
Дзянісаўская вуліца;37;Денисовская улица;53.8723993;27.5690512
Дзянісаўская вуліца;46061;Денисовская улица;53.8723993;27.5690512
Дзянісаўская вуліца;6;Денисовская улица;53.8723993;27.5690512
Дзянісаўскі завулак;18;Денисовский переулок;53.8720982;27.5797252
Дняпроўская вуліца;118;Днепровская улица;53.8652113;27.6647309
Дняпроўская вуліца;79;Днепровская улица;53.8652113;27.6647309
Дняпроўская вуліца;30;Днепровская улица;53.8652113;27.6647309
Дняпроўская вуліца;37;Днепровская улица;53.8652113;27.6647309
Дняпроўская вуліца;35;Днепровская улица;53.8652113;27.6647309
Дняпроўскі завулак;7;Днепровский переулок;53.8727649;27.6642293
Докшыцкая вуліца;11;Докшицкая улица;53.9649189;27.5922087
Друйская вуліца;61;Друйская улица;53.9669822;27.5736155
Друйская вуліца;4;Друйская улица;53.9669822;27.5736155
Друйская вуліца;63;Друйская улица;53.9669822;27.5736155
Друйская вуліца;18;Друйская улица;53.9669822;27.5736155
Друйская вуліца;12;Друйская улица;53.9669822;27.5736155
Друйская вуліца;25;Друйская улица;53.9669822;27.5736155
Друйская вуліца;16;Друйская улица;53.9669822;27.5736155
Друйская вуліца;8;Друйская улица;53.9669822;27.5736155
Друйская вуліца;24;Друйская улица;53.9669822;27.5736155
Друйская вуліца;20;Друйская улица;53.9669822;27.5736155
Друйская вуліца;35;Друйская улица;53.9669822;27.5736155
Друйская вуліца;3;Друйская улица;53.9669822;27.5736155
Друйская вуліца;5;Друйская улица;53.9669822;27.5736155
Друйская вуліца;22;Друйская улица;53.9669822;27.5736155
Друйская вуліца;55;Друйская улица;53.9669822;27.5736155
Друйская вуліца;36;Друйская улица;53.9669822;27.5736155
Друйская вуліца;30;Друйская улица;53.9669822;27.5736155
Друйская вуліца;59;Друйская улица;53.9669822;27.5736155
Друйская вуліца;53;Друйская улица;53.9669822;27.5736155
Друйская вуліца;10;Друйская улица;53.9669822;27.5736155
Друйская вуліца;57;Друйская улица;53.9669822;27.5736155
Друйская вуліца;34;Друйская улица;53.9669822;27.5736155
Друйская вуліца;38;Друйская улица;53.9669822;27.5736155
Друйская вуліца;29;Друйская улица;53.9669822;27.5736155
Друйская вуліца;33;Друйская улица;53.9669822;27.5736155
Друйская вуліца;42;Друйская улица;53.9669822;27.5736155
Друйская вуліца;14;Друйская улица;53.9669822;27.5736155
Дубравінская вуліца;11;Дубравинская улица;53.8785731;27.5070328
Дубравінская вуліца;14;Дубравинская улица;53.8785731;27.5070328
Дубравінская вуліца;7;Дубравинская улица;53.8785731;27.5070328
Дубравінская вуліца;9;Дубравинская улица;53.8785731;27.5070328
Дубравінскі завулак;1;Дубравинский переулок;53.8780617;27.506124
Дубравінскі завулак;2;Дубравинский переулок;53.8780617;27.506124
Дубравінскі завулак;7;Дубравинский переулок;53.8780617;27.506124
Дубравінскі завулак;3 к1;Дубравинский переулок;53.8780617;27.506124
Дубравінскі завулак;3 к2;Дубравинский переулок;53.8780617;27.506124
Дубравінскі завулак;4;Дубравинский переулок;53.8780617;27.506124
Дубравінскі завулак;6;Дубравинский переулок;53.8780617;27.506124
Дубравінскі завулак;8;Дубравинский переулок;53.8780617;27.506124
Ёдкаўская вуліца;52В;Йодковская улица;53.9683151;27.5796316
Ёдкаўская вуліца;52Г;Йодковская улица;53.9683151;27.5796316
Ёдкаўская вуліца;58А;Йодковская улица;53.9683151;27.5796316
Ёдкаўская вуліца;72;Йодковская улица;53.9683151;27.5796316
Ёдкаўская вуліца;70;Йодковская улица;53.9683151;27.5796316
Ёдкаўская вуліца;54А;Йодковская улица;53.9683151;27.5796316
Ёдкаўская вуліца;52Ж;Йодковская улица;53.9683151;27.5796316
Ёдкаўская вуліца;52Е;Йодковская улица;53.9683151;27.5796316
Ёдкаўская вуліца;48;Йодковская улица;53.9683151;27.5796316
Ёдкаўская вуліца;50В;Йодковская улица;53.9683151;27.5796316
Енісейскі праезд;1;Енисейский проезд;53.8804689;27.6716943
Енісейскі праезд;19;Енисейский проезд;53.8804689;27.6716943
Енісейскі праезд;14;Енисейский проезд;53.8804689;27.6716943
Енісейскі праезд;2;Енисейский проезд;53.8804689;27.6716943
Жамчужная вуліца;3;Жемчужная улица;53.9455379;27.7554336
Жамчужная вуліца;9;Жемчужная улица;53.9455379;27.7554336
Жамчужная вуліца;12;Жемчужная улица;53.9455379;27.7554336
Жамчужная вуліца;28;Жемчужная улица;53.9455379;27.7554336
Жамчужная вуліца;2Б;Жемчужная улица;53.9455379;27.7554336
Жлобінская вуліца;15;Жлобинская улица;53.8467958;27.5509644
Жлобінская вуліца;7;Жлобинская улица;53.8467958;27.5509644
Жлобінская вуліца;13;Жлобинская улица;53.8467958;27.5509644
Жлобінская вуліца;10;Жлобинская улица;53.8467958;27.5509644
Жлобінская вуліца;6;Жлобинская улица;53.8467958;27.5509644
Жлобінская вуліца;17;Жлобинская улица;53.8467958;27.5509644
Жлобінская вуліца;21;Жлобинская улица;53.8467958;27.5509644
Жлобінская вуліца;19;Жлобинская улица;53.8467958;27.5509644
Жлобінская вуліца;21А;Жлобинская улица;53.8467958;27.5509644
завулак Адзінцова;9;переулок Одинцова;53.8967475;27.4590645
завулак Айвазоўскага;14;переулок Айвазовского;53.8648497;27.6246773
завулак Айвазоўскага;2;переулок Айвазовского;53.8648497;27.6246773
завулак Айвазоўскага;1;переулок Айвазовского;53.8648497;27.6246773
завулак Айвазоўскага;13;переулок Айвазовского;53.8648497;27.6246773
завулак Айвазоўскага;4;переулок Айвазовского;53.8648497;27.6246773
завулак Айвазоўскага;10;переулок Айвазовского;53.8648497;27.6246773
завулак Айвазоўскага;6;переулок Айвазовского;53.8648497;27.6246773
завулак Айвазоўскага;7;переулок Айвазовского;53.8648497;27.6246773
завулак Айвазоўскага;12;переулок Айвазовского;53.8648497;27.6246773
завулак Айвазоўскага;5;переулок Айвазовского;53.8648497;27.6246773
завулак Айвазоўскага;9;переулок Айвазовского;53.8648497;27.6246773
завулак Айвазоўскага;3;переулок Айвазовского;53.8648497;27.6246773
завулак Айвазоўскага;11;переулок Айвазовского;53.8648497;27.6246773
завулак Айвазоўскага;8;переулок Айвазовского;53.8648497;27.6246773
завулак Альшэўскага;18А;переулок Ольшевского;53.9141257;27.5095381
завулак Альшэўскага;7;переулок Ольшевского;53.9141257;27.5095381
завулак Асаналіева;2;переулок Асаналиева;53.8397593;27.5388303
завулак Асаналіева;5;переулок Асаналиева;53.8397593;27.5388303
завулак Асаналіева;4 К1;переулок Асаналиева;53.8397593;27.5388303
завулак Балотнікава;14;переулок Болотникова;53.89069;27.6743394
завулак Балотнікава;16;переулок Болотникова;53.89069;27.6743394
завулак Балотнікава;10;переулок Болотникова;53.89069;27.6743394
завулак Балотнікава;12;переулок Болотникова;53.89069;27.6743394
завулак Балотнікава;35;переулок Болотникова;53.89069;27.6743394
завулак Бехцерава;8;переулок Бехтерева;53.8749895;27.6407307
завулак Бехцерава;10А;переулок Бехтерева;53.8749895;27.6407307
завулак Бумажкова;6;переулок Бумажкова;53.9020786;27.6244607
завулак Бумажкова;3;переулок Бумажкова;53.9020786;27.6244607
завулак Бумажкова;9;переулок Бумажкова;53.9020786;27.6244607
завулак Бумажкова;2;переулок Бумажкова;53.9020786;27.6244607
завулак Бумажкова;5;переулок Бумажкова;53.9020786;27.6244607
завулак Бумажкова;12;переулок Бумажкова;53.9020786;27.6244607
завулак Бумажкова;10;переулок Бумажкова;53.9020786;27.6244607
завулак Бумажкова;4;переулок Бумажкова;53.9020786;27.6244607
завулак Бумажкова;7;переулок Бумажкова;53.9020786;27.6244607
завулак Бумажкова;9А;переулок Бумажкова;53.9020786;27.6244607
завулак Бумажкова;8;переулок Бумажкова;53.9020786;27.6244607
завулак Вавілава;7;переулок Вавилова;53.8676899;27.5125344
завулак Вавілава;10;переулок Вавилова;53.8676899;27.5125344
завулак Ватуціна;1;переулок Ватутина;53.9332064;27.626625
завулак Ватуціна;2;переулок Ватутина;53.9332064;27.626625
завулак Дастаеўскага;5;переулок Достоевского;53.9393839;27.5891475
завулак Дастаеўскага;3;переулок Достоевского;53.9393839;27.5891475
завулак Дзяржынскага;2А;переулок Дзержинского;54.0907089;26.5102217
завулак Дзяржынскага;2;переулок Дзержинского;54.0907089;26.5102217
завулак Жукоўскага;1;переулок Жуковского;53.8344425;27.4662429
завулак Жукоўскага;3;переулок Жуковского;53.8344425;27.4662429
завулак Кабушкіна;49;переулок Кабушкина;53.8669458;27.641389
завулак Кабушкіна;22;переулок Кабушкина;53.8669458;27.641389
завулак Казлова;26;переулок Козлова;53.907445;27.6131272
завулак Казлова;7Б;переулок Козлова;53.907445;27.6131272
завулак Казлова;2;переулок Козлова;53.907445;27.6131272
завулак Казлова;9Г;переулок Козлова;53.907445;27.6131272
завулак Казлова;29;переулок Козлова;53.907445;27.6131272
завулак Казлова;51А;переулок Козлова;53.907445;27.6131272
завулак Казлова;55;переулок Козлова;53.907445;27.6131272
завулак Казлова;21;переулок Козлова;53.907445;27.6131272
завулак Казлова;1;переулок Козлова;53.907445;27.6131272
завулак Казлова;4;переулок Козлова;53.907445;27.6131272
завулак Казлова;48;переулок Козлова;53.907445;27.6131272
завулак Казлова;46;переулок Козлова;53.907445;27.6131272
завулак Казлова;44;переулок Козлова;53.907445;27.6131272
завулак Казлова;50;переулок Козлова;53.907445;27.6131272
завулак Казлова;25;переулок Козлова;53.907445;27.6131272
завулак Казлова;27А;переулок Козлова;53.907445;27.6131272
завулак Калініна;14;переулок Калинина;53.9296115;27.605159
завулак Калініна;3;переулок Калинина;53.9296115;27.605159
завулак Калініна;16;переулок Калинина;53.9296115;27.605159
завулак Калініна;11;переулок Калинина;53.9296115;27.605159
завулак Калініна;11 к4;переулок Калинина;53.9296115;27.605159
завулак Калініна;2;переулок Калинина;53.9296115;27.605159
завулак Калініна;1;переулок Калинина;53.9296115;27.605159
завулак Калініна;11 к2;переулок Калинина;53.9296115;27.605159
завулак Калініна;11 к3;переулок Калинина;53.9296115;27.605159
завулак Калініна;7;переулок Калинина;53.9296115;27.605159
завулак Калініна;6;переулок Калинина;53.9296115;27.605159
завулак Калініна;4;переулок Калинина;53.9296115;27.605159
завулак Калініна;5;переулок Калинина;53.9296115;27.605159
завулак Каржанеўскага;2А;переулок Корженевского;53.8440745;27.5250245
завулак Каржанеўскага;2В-1Н;переулок Корженевского;53.8440745;27.5250245
завулак Каржанеўскага;30;переулок Корженевского;53.8440745;27.5250245
завулак Каржанеўскага;20А;переулок Корженевского;53.8440745;27.5250245
завулак Каржанеўскага;12;переулок Корженевского;53.8440745;27.5250245
завулак Каржанеўскага;24;переулок Корженевского;53.8440745;27.5250245
завулак Каржанеўскага;1;переулок Корженевского;53.8440745;27.5250245
завулак Каржанеўскага;20;переулок Корженевского;53.8440745;27.5250245
завулак Каржанеўскага;18;переулок Корженевского;53.8440745;27.5250245
завулак Каржанеўскага;10;переулок Корженевского;53.8440745;27.5250245
завулак Каржанеўскага;4;переулок Корженевского;53.8440745;27.5250245
завулак Каржанеўскага;22;переулок Корженевского;53.8440745;27.5250245
завулак Каржанеўскага;6;переулок Корженевского;53.8440745;27.5250245
завулак Каржанеўскага;14;переулок Корженевского;53.8440745;27.5250245
завулак Каржанеўскага;8Б;переулок Корженевского;53.8440745;27.5250245
завулак Каржанеўскага;2;переулок Корженевского;53.8440745;27.5250245
завулак Каржанеўскага;8;переулок Корженевского;53.8440745;27.5250245
завулак Каржанеўскага;6А;переулок Корженевского;53.8440745;27.5250245
завулак Каржанеўскага;8А;переулок Корженевского;53.8440745;27.5250245
завулак Каржанеўскага;8В;переулок Корженевского;53.8440745;27.5250245
завулак Каржанеўскага;6Б;переулок Корженевского;53.8440745;27.5250245
завулак Каржанеўскага;2В;переулок Корженевского;53.8440745;27.5250245
завулак Каржанеўскага;26;переулок Корженевского;53.8440745;27.5250245
завулак Каржанеўскага;32;переулок Корженевского;53.8440745;27.5250245
завулак Каржанеўскага;28;переулок Корженевского;53.8440745;27.5250245
завулак Клумава;1;переулок Клумова;53.8849509;27.6014212
завулак Кузьмы Мініна;11;переулок Кузьмы Минина;53.8709573;27.5057903
завулак Кузьмы Мініна;7;переулок Кузьмы Минина;53.8709573;27.5057903
завулак Кузьмы Чорнага;1;переулок Кузьмы Минина;53.9241853;27.6066995
завулак Кузьмы Чорнага;7;переулок Кузьмы Минина;53.9241853;27.6066995
завулак Кузьмы Чорнага;2;переулок Кузьмы Минина;53.9241853;27.6066995
завулак Кузьмы Чорнага;13;переулок Кузьмы Минина;53.9241853;27.6066995
завулак Лазо;1;переулок Лазо;53.8717202;27.6634123
завулак Лазо;2;переулок Лазо;53.8717202;27.6634123
завулак Лазо;10;переулок Лазо;53.8717202;27.6634123
завулак Лазо;11;переулок Лазо;53.8717202;27.6634123
завулак Лазо;12;переулок Лазо;53.8717202;27.6634123
завулак Лазо;13;переулок Лазо;53.8717202;27.6634123
завулак Лазо;18;переулок Лазо;53.8717202;27.6634123
завулак Лазо;20;переулок Лазо;53.8717202;27.6634123
завулак Лазо;21;переулок Лазо;53.8717202;27.6634123
завулак Лазо;25;переулок Лазо;53.8717202;27.6634123
завулак Лазо;9;переулок Лазо;53.8717202;27.6634123
завулак Лазо;5;переулок Лазо;53.8717202;27.6634123
завулак Ламаносава;3;переулок Ломоносова;53.9328077;27.5951332
завулак Макаёнка;4;переулок Макаёнка;53.9134948;27.6262599
завулак Максіма Багдановіча;64;переулок Максима Богдановича;53.9463541;27.587844
завулак Максіма Багдановіча;4;переулок Максима Богдановича;53.9463541;27.587844
завулак Максіма Гарэцкага;3;переулок Максима Горецкого;53.8765596;27.4551451
завулак Максіма Гарэцкага;7;переулок Максима Горецкого;53.8765596;27.4551451
завулак Максіма Гарэцкага;1;переулок Максима Горецкого;53.8765596;27.4551451
завулак Максіма Гарэцкага;4;переулок Максима Горецкого;53.8765596;27.4551451
завулак Максіма Гарэцкага;5;переулок Максима Горецкого;53.8765596;27.4551451
завулак Максіма Гарэцкага;9;переулок Максима Горецкого;53.8765596;27.4551451
завулак Мантажнікаў;6 к1;4-й переулок Монтажников, 6к1;53.8764719;27.413143
завулак Масюкоўшчына;7;переулок Масюковщина;53.9377031;27.4375906
завулак Масюкоўшчына;1А;переулок Масюковщина;53.9377031;27.4375906
завулак Масюкоўшчына;31;переулок Масюковщина;53.9377031;27.4375906
завулак Масюкоўшчына;22;переулок Масюковщина;53.9377031;27.4375906
завулак Масюкоўшчына;20;переулок Масюковщина;53.9377031;27.4375906
завулак Масюкоўшчына;3;переулок Масюковщина;53.9377031;27.4375906
завулак Масюкоўшчына;9;переулок Масюковщина;53.9377031;27.4375906
завулак Масюкоўшчына;8;переулок Масюковщина;53.9377031;27.4375906
завулак Масюкоўшчына;14;переулок Масюковщина;53.9377031;27.4375906
завулак Масюкоўшчына;15А;переулок Масюковщина;53.9377031;27.4375906
завулак Масюкоўшчына;16;переулок Масюковщина;53.9377031;27.4375906
завулак Масюкоўшчына;24;переулок Масюковщина;53.9377031;27.4375906
завулак Масюкоўшчына;25;переулок Масюковщина;53.9377031;27.4375906
завулак Масюкоўшчына;15;переулок Масюковщина;53.9377031;27.4375906
завулак Масюкоўшчына;10;переулок Масюковщина;53.9377031;27.4375906
завулак Масюкоўшчына;34;переулок Масюковщина;53.9377031;27.4375906
завулак Масюкоўшчына;18;переулок Масюковщина;53.9377031;27.4375906
завулак Масюкоўшчына;12;переулок Масюковщина;53.9377031;27.4375906
завулак Масюкоўшчына;27;переулок Масюковщина;53.9377031;27.4375906
завулак Масюкоўшчына;11;переулок Масюковщина;53.9377031;27.4375906
завулак Масюкоўшчына;28;переулок Масюковщина;53.9377031;27.4375906
завулак Масюкоўшчына;4;переулок Масюковщина;53.9377031;27.4375906
завулак Масюкоўшчына;29;переулок Масюковщина;53.9377031;27.4375906
завулак Масюкоўшчына;19;переулок Масюковщина;53.9377031;27.4375906
завулак Масюкоўшчына;32;переулок Масюковщина;53.9377031;27.4375906
завулак Масюкоўшчына;13;переулок Масюковщина;53.9377031;27.4375906
завулак Масюкоўшчына;18А;переулок Масюковщина;53.9377031;27.4375906
завулак Масюкоўшчына;21;переулок Масюковщина;53.9377031;27.4375906
завулак Масюкоўшчына;23;переулок Масюковщина;53.9377031;27.4375906
завулак Машыністаў;3;переулок Машинистов;53.8666884;27.5143095
завулак Машыністаў;5;переулок Машинистов;53.8666884;27.5143095
завулак Маякоўскага;34;переулок Маяковского;53.8551136;27.5695828
завулак Мядзвежына;19;переулок Медвежино;53.8957858;27.4710402
завулак Мядзвежына;5;переулок Медвежино;53.8957858;27.4710402
завулак Мядзвежына;14;переулок Медвежино;53.8957858;27.4710402
завулак Мядзвежына;8;переулок Медвежино;53.8957858;27.4710402
завулак Мядзвежына;7;переулок Медвежино;53.8957858;27.4710402
завулак Мядзвежына;13А;переулок Медвежино;53.8957858;27.4710402
завулак Мядзвежына;9;переулок Медвежино;53.8957858;27.4710402
завулак Мядзвежына;13;переулок Медвежино;53.8957858;27.4710402
завулак Мядзвежына;15;переулок Медвежино;53.8957858;27.4710402
завулак Мядзвежына;11;переулок Медвежино;53.8957858;27.4710402
завулак Мядзвежына;12;переулок Медвежино;53.8957858;27.4710402
завулак Мядзвежына;17;переулок Медвежино;53.8957858;27.4710402
завулак Мядзвежына;19А;переулок Медвежино;53.8957858;27.4710402
завулак Мядзвежына;4;переулок Медвежино;53.8957858;27.4710402
завулак Мядзвежына;16;переулок Медвежино;53.8957858;27.4710402
завулак Мядзвежына;3;переулок Медвежино;53.8957858;27.4710402
завулак Мядзвежына;6;переулок Медвежино;53.8957858;27.4710402
завулак Мядзвежына;10;переулок Медвежино;53.8957858;27.4710402
завулак Няжданавай;5;переулок Неждановой;53.9400284;27.5748516
завулак Паўзунова;7;Паузунова переулок;53.8677248;27.5147902
завулак Паўзунова;14;переулок Ползунова;53.8677248;27.5147902
завулак Солтыса;5;переулок Солтыса;53.9021605;27.6513835
завулак Солтыса;46027;переулок Солтыса;53.9021605;27.6513835
завулак Софʼі Кавалеўскай;61;переулок Софьи Ковалевской;53.8706962;27.5145193
завулак Софʼі Кавалеўскай;62;переулок Софьи Ковалевской;53.8706962;27.5145193
завулак Софʼі Кавалеўскай;42А;переулок Софьи Ковалевской;53.8706962;27.5145193
завулак Софʼі Кавалеўскай;52А;переулок Софьи Ковалевской;53.8706962;27.5145193
завулак Софʼі Кавалеўскай;52/24;переулок Софьи Ковалевской;53.8706962;27.5145193
завулак Софʼі Кавалеўскай;60;переулок Софьи Ковалевской;53.8706962;27.5145193
завулак Софʼі Кавалеўскай;43;переулок Софьи Ковалевской;53.8706962;27.5145193
завулак Софʼі Кавалеўскай;41;переулок Софьи Ковалевской;53.8706962;27.5145193
завулак Софʼі Кавалеўскай;51;переулок Софьи Ковалевской;53.8706962;27.5145193
завулак Сталетава;3;переулок Столетова;53.9060135;27.6208946
завулак Сталетава;2;переулок Столетова;53.9060135;27.6208946
завулак Сталетава;12;переулок Столетова;53.9060135;27.6208946
завулак Сталетава;26;переулок Столетова;53.9060135;27.6208946
завулак Сталетава;7;переулок Столетова;53.9060135;27.6208946
завулак Сталетава;9;переулок Столетова;53.9060135;27.6208946
завулак Сталетава;10;переулок Столетова;53.9060135;27.6208946
завулак Сталетава;8;переулок Столетова;53.9060135;27.6208946
завулак Сталетава;18;переулок Столетова;53.9060135;27.6208946
завулак Сталетава;14;переулок Столетова;53.9060135;27.6208946
завулак Сталетава;20;переулок Столетова;53.9060135;27.6208946
завулак Сталетава;17;переулок Столетова;53.9060135;27.6208946
завулак Сталетава;4;переулок Столетова;53.9060135;27.6208946
завулак Сталетава;11;переулок Столетова;53.9060135;27.6208946
завулак Сталетава;13;переулок Столетова;53.9060135;27.6208946
завулак Сталетава;6;переулок Столетова;53.9060135;27.6208946
завулак Сталетава;15;переулок Столетова;53.9060135;27.6208946
завулак Сталетава;16;переулок Столетова;53.9060135;27.6208946
завулак Сталетава;22;переулок Столетова;53.9060135;27.6208946
завулак Сталетава;24;переулок Столетова;53.9060135;27.6208946
завулак Сталетава;5;переулок Столетова;53.9060135;27.6208946
завулак Сурыкава;2;переулок Сурикова;53.8663474;27.622625
завулак Сурыкава;3А;переулок Сурикова;53.8663474;27.622625
завулак Сурыкава;7;переулок Сурикова;53.8663474;27.622625
завулак Сурыкава;4;переулок Сурикова;53.8663474;27.622625
завулак Сурыкава;8;переулок Сурикова;53.8663474;27.622625
завулак Сурыкава;12;переулок Сурикова;53.8663474;27.622625
завулак Сурыкава;10;переулок Сурикова;53.8663474;27.622625
завулак Сурыкава;6;переулок Сурикова;53.8663474;27.622625
завулак Сурыкава;14;переулок Сурикова;53.8663474;27.622625
завулак Сцебянёва;16;переулок Стебенёва;53.8390197;27.547552
завулак Сцебянёва;3;переулок Стебенёва;53.8390197;27.547552
завулак Сцебянёва;5 к3;переулок Стебенёва;53.8390197;27.547552
завулак Сцебянёва;5;переулок Стебенёва;53.8390197;27.547552
завулак Сцебянёва;6;переулок Стебенёва;53.8390197;27.547552
завулак Сцебянёва;7;переулок Стебенёва;53.8390197;27.547552
завулак Сцебянёва;3А;переулок Стебенёва;53.8390197;27.547552
завулак Сцебянёва;4;переулок Стебенёва;53.8390197;27.547552
завулак Сцебянёва;9А;переулок Стебенёва;53.8390197;27.547552
завулак Сцебянёва;14Б;переулок Стебенёва;53.8390197;27.547552
завулак Сцебянёва;10Б;переулок Стебенёва;53.8390197;27.547552
завулак Сцебянёва;10В;переулок Стебенёва;53.8390197;27.547552
завулак Сцебянёва;1;переулок Стебенёва;53.8390197;27.547552
завулак Сцебянёва;2;переулок Стебенёва;53.8390197;27.547552
завулак Сцебянёва;10;переулок Стебенёва;53.8390197;27.547552
завулак Сцебянёва;2А;переулок Стебенёва;53.8390197;27.547552
завулак Сцебянёва;11;переулок Стебенёва;53.8390197;27.547552
завулак Талстога;12 к1;переулок Льва Толстого;54.3000002;26.8282275
завулак Ушакова;17;переулок Ушакова;53.8716591;27.661971
завулак Ушакова;34;переулок Ушакова;53.8716591;27.661971
завулак Фабрыцыуса;3;переулок Фабрициуса;53.8866196;27.5352777
завулак Фядотава;1;переулок Федотова;53.8626117;27.6219873
завулак Фядотава;2;переулок Федотова;53.8626117;27.6219873
завулак Чайкоўскага;1;переулок Чайковского;53.9347321;27.6259462
завулак Шчарбакова;2;переулок Щербакова;53.8874868;27.6058858
завулак Якуба Коласа;5;переулок Якуба Коласа;53.9231857;27.5850356
завулак Якуба Коласа;3А;переулок Якуба Коласа;53.9231857;27.5850356
завулак Якуба Коласа;19;переулок Якуба Коласа;53.9231857;27.5850356
завулак Якуба Коласа;2;переулок Якуба Коласа;53.9231857;27.5850356
Загарадная вуліца;13;Загородная улица;54.2362936;28.557306
Загарадная вуліца;15;Загородная улица;54.2362936;28.557306
Загарадная вуліца;1;Загородная улица;54.2362936;28.557306
Загарадная вуліца;3;Загородная улица;54.2362936;28.557306
Загарадная вуліца;2;Загородная улица;54.2362936;28.557306
Загарадная вуліца;5;Загородная улица;54.2362936;28.557306
Загарадная вуліца;17;Загородная улица;54.2362936;28.557306
Загарадная вуліца;16;Загородная улица;54.2362936;28.557306
Загарадная вуліца;4;Загородная улица;54.2362936;28.557306
Загарадная вуліца;6;Загородная улица;54.2362936;28.557306
Загарадная вуліца;14;Загородная улица;54.2362936;28.557306
Загарадная вуліца;7;Загородная улица;54.2362936;28.557306
Замкавая вуліца;33;Замковая улица;53.9070733;27.5475096
Замкавая вуліца;9;Замковая улица;53.9070733;27.5475096
Замкавая вуліца;16;Замковая улица;53.9070733;27.5475096
Замкавая вуліца;14;Замковая улица;53.9070733;27.5475096
Замкавая вуліца;8;Замковая улица;53.9070733;27.5475096
Замкавая вуліца;11;Замковая улица;53.9070733;27.5475096
Замкавая вуліца;7;Замковая улица;53.9070733;27.5475096
Замкавая вуліца;27А;Замковая улица;53.9070733;27.5475096
Замкавая вуліца;12;Замковая улица;53.9070733;27.5475096
Замкавая вуліца;10;Замковая улица;53.9070733;27.5475096
Замкавая вуліца;6;Замковая улица;53.9070733;27.5475096
Замкавая вуліца;1;Замковая улица;53.9070733;27.5475096
Замкавая вуліца;17;Замковая улица;53.9070733;27.5475096
Замкавая вуліца;25;Замковая улица;53.9070733;27.5475096
Замкавая вуліца;27;Замковая улица;53.9070733;27.5475096
Замкавая вуліца;29;Замковая улица;53.9070733;27.5475096
Замкавая вуліца;31;Замковая улица;53.9070733;27.5475096
Запарожская вуліца;27;Запорожская улица;53.9086387;27.6298062
Запарожская вуліца;1;Запорожская улица;53.9086387;27.6298062
Зарэчная вуліца;1В-3;Заречная улица;53.8359666;27.7093317
Зарэчная вуліца;2В;Заречная улица;53.8359666;27.7093317
Зарэчная вуліца;3;Заречная улица;53.8359666;27.7093317
Зарэчная вуліца;1Б;Заречная улица;53.8359666;27.7093317
Зарэчная вуліца;3А;Заречная улица;53.8359666;27.7093317
Зарэчная вуліца;1;Заречная улица;53.8359666;27.7093317
Зарэчная вуліца;13;Заречная улица;53.8359666;27.7093317
Зарэчны тупік;1;Заречный тупик;53.842072;27.6425965
Заслаўская вуліца;46045;Заславская улица;53.9106223;27.5406389
Заслаўская вуліца;23 к2;Заславская улица;53.9106223;27.5406389
Заслаўская вуліца;15;Заславская улица;53.9106223;27.5406389
Заслаўская вуліца;14;Заславская улица;53.9106223;27.5406389
Заслаўская вуліца;11 к2;Заславская улица;53.9106223;27.5406389
Заслаўская вуліца;12;Заславская улица;53.9106223;27.5406389
Заслаўская вуліца;27;Заславская улица;53.9106223;27.5406389
Заслаўская вуліца;19;Заславская улица;53.9106223;27.5406389
Заходняя вуліца;7А;Западная улица;53.9001383;27.532043
Заходняя вуліца;19 Склад 21164;Западная улица;53.9001383;27.532043
Заходняя вуліца;11А;Западная улица;53.9001383;27.532043
Заходняя вуліца;19А/5;Западная улица;53.9001383;27.532043
Заходняя вуліца;19А/4;Западная улица;53.9001383;27.532043
Заходняя вуліца;2А;Западная улица;53.9001383;27.532043
Заходняя вуліца;8;Западная улица;53.9001383;27.532043
Заходняя вуліца;2;Западная улица;53.9001383;27.532043
Заходняя вуліца;4;Западная улица;53.9001383;27.532043
Заходняя вуліца;6;Западная улица;53.9001383;27.532043
Заходняя вуліца;18;Западная улица;53.9001383;27.532043
Заходняя вуліца;14;Западная улица;53.9001383;27.532043
Заходняя вуліца;5;Западная улица;53.9001383;27.532043
Заходняя вуліца;10;Западная улица;53.9001383;27.532043
Заходняя вуліца;12;Западная улица;53.9001383;27.532043
Заходняя вуліца;13;Западная улица;53.9001383;27.532043
Заходняя вуліца;9;Западная улица;53.9001383;27.532043
Заходняя вуліца;17;Западная улица;53.9001383;27.532043
Заходняя вуліца;1;Западная улица;53.9001383;27.532043
Земляробчая вуліца;51;Земледельческая улица;53.9378485;27.5613549
Земляробчая вуліца;87;Земледельческая улица;53.9378485;27.5613549
Земляробчая вуліца;122;Земледельческая улица;53.9378485;27.5613549
Земляробчая вуліца;127;Земледельческая улица;53.9378485;27.5613549
Земляробчая вуліца;94;Земледельческая улица;53.9378485;27.5613549
Земляробчая вуліца;55;Земледельческая улица;53.9378485;27.5613549
Зенітны завулак;3;Зенитный переулок;53.8861027;27.5272425
Зімняя вуліца;1;Зимняя улица;53.8779354;27.6765603
Зімняя вуліца;2;Зимняя улица;53.8779354;27.6765603
Зорная вуліца;19А;Звездная улица;53.8835171;27.8959975
Зорная вуліца;46074;Звездная улица;53.8835171;27.8959975
Зорная вуліца;13;Звездная улица;53.8835171;27.8959975
Зорная вуліца;12;Звездная улица;53.8835171;27.8959975
Зорная вуліца;11;Звездная улица;53.8835171;27.8959975
Зорная вуліца;17;Звездная улица;53.8835171;27.8959975
Зорная вуліца;16;Звездная улица;53.8835171;27.8959975
Зорная вуліца;15;Звездная улица;53.8835171;27.8959975
Зорная вуліца;14;Звездная улица;53.8835171;27.8959975
Зорная вуліца;7;Звездная улица;53.8835171;27.8959975
Зорная вуліца;19;Звездная улица;53.8835171;27.8959975
Зорная вуліца;18;Звездная улица;53.8835171;27.8959975
Зорная вуліца;10;Звездная улица;53.8835171;27.8959975
Зорная вуліца;1;Звездная улица;53.8835171;27.8959975
Зорная вуліца;1А;Звездная улица;53.8835171;27.8959975
Зорная вуліца;3;Звездная улица;53.8835171;27.8959975
Зорная вуліца;37;Звездная улица;53.8835171;27.8959975
Зорная вуліца;5;Звездная улица;53.8835171;27.8959975
Зорная вуліца;4;Звездная улица;53.8835171;27.8959975
Зорная вуліца;2;Звездная улица;53.8835171;27.8959975
Зорная вуліца;6;Звездная улица;53.8835171;27.8959975
Зорная вуліца;21 к4;Звездная улица;53.8835171;27.8959975
Зорная вуліца;21 к2;Звездная улица;53.8835171;27.8959975
Зорная вуліца;21;Звездная улица;53.8835171;27.8959975
Зорная вуліца;21 к3;Звездная улица;53.8835171;27.8959975
Зорная вуліца;46043;Звездная улица;53.8835171;27.8959975
Зыбіцкая вуліца;9;Зыбицкая улица;53.9058284;27.5589194
Зыбіцкая вуліца;6;Зыбицкая улица;53.9058284;27.5589194
Зыбіцкая вуліца;8;Зыбицкая улица;53.9058284;27.5589194
Зыбіцкая вуліца;2;Зыбицкая улица;53.9058284;27.5589194
Зыбіцкая вуліца;12298;Зыбицкая улица;53.9058284;27.5589194
Зыбіцкая вуліца;41518;Зыбицкая улица;53.9058284;27.5589194
Зыбіцкая вуліца;4;Зыбицкая улица;53.9058284;27.5589194
Зыбіцкая вуліца;27;Зыбицкая улица;53.9058284;27.5589194
Зыбіцкая вуліца;3;Зыбицкая улица;53.9058284;27.5589194
Зялёналужская вуліца;6;Зеленолужская улица;53.9686752;27.5843534
Зялёная вуліца;46113;Зеленая улица;53.8493377;27.7054867
Зялёная вуліца;1;Зеленая улица;53.8493377;27.7054867
Зялёная вуліца;15;Зеленая улица;53.8493377;27.7054867
Зялёная вуліца;20;Зеленая улица;53.8493377;27.7054867
Зялёная вуліца;22;Зеленая улица;53.8493377;27.7054867
Зялёная вуліца;8;Зеленая улица;53.8493377;27.7054867
Зялёная вуліца;10;Зеленая улица;53.8493377;27.7054867
Зялёная вуліца;4;Зеленая улица;53.8493377;27.7054867
Зялёная вуліца;6;Зеленая улица;53.8493377;27.7054867
Зялёная вуліца;3А;Зеленая улица;53.8493377;27.7054867
Зялёная вуліца;2Б;Зеленая улица;53.8493377;27.7054867
Зялёная вуліца;14А;Зеленая улица;53.8493377;27.7054867
Зялёная вуліца;28;Зеленая улица;53.8493377;27.7054867
Зялёная вуліца;42;Зеленая улица;53.8493377;27.7054867
Зялёная вуліца;16;Зеленая улица;53.8493377;27.7054867
Зялёная вуліца;16А;Зеленая улица;53.8493377;27.7054867
Зялёная вуліца;2А;Зеленая улица;53.8493377;27.7054867
Зялёная вуліца;26;Зеленая улица;53.8493377;27.7054867
Зялёная вуліца;9;Зеленая улица;53.8493377;27.7054867
Зялёная вуліца;14;Зеленая улица;53.8493377;27.7054867
Зялёная вуліца;7;Зеленая улица;53.8493377;27.7054867
Зялёная вуліца;12;Зеленая улица;53.8493377;27.7054867
Зялёная вуліца;5;Зеленая улица;53.8493377;27.7054867
Зялёная вуліца;7А;Зеленая улица;53.8493377;27.7054867
Зялёная вуліца;3;Зеленая улица;53.8493377;27.7054867
Зялёная вуліца;1 к1;Зеленая улица;53.8493377;27.7054867
Зялёная вуліца;1 к2;Зеленая улица;53.8493377;27.7054867
Зялёная вуліца;1 к4;Зеленая улица;53.8493377;27.7054867
Зялёная вуліца;1 к3;Зеленая улица;53.8493377;27.7054867
Зялёная вуліца;5А;Зеленая улица;53.8493377;27.7054867
Зялёная вуліца;24;Зеленая улица;53.8493377;27.7054867
Зялёная вуліца;1 к5;Зеленая улица;53.8493377;27.7054867
Іванаўская вуліца;36;Ивановская улица;53.8936595;27.5878571
Ігуменскі тракт;42;Игуменский тракт;53.8493988;27.5704874
Ігуменскі тракт;26;Игуменский тракт;53.8493988;27.5704874
Ігуменскі тракт;16;Игуменский тракт;53.8493988;27.5704874
Ігуменскі тракт;11;Игуменский тракт;53.8493988;27.5704874
Ігуменскі тракт;20;Игуменский тракт;53.8493988;27.5704874
Ігуменскі тракт;30;Игуменский тракт;53.8493988;27.5704874
Ігуменскі тракт;32;Игуменский тракт;53.8493988;27.5704874
Ігуменскі тракт;16Б;Игуменский тракт;53.8493988;27.5704874
Ігуменскі тракт;14;Игуменский тракт;53.8493988;27.5704874
Ігуменскі тракт;47;Игуменский тракт;53.8493988;27.5704874
Ігуменскі тракт;15;Игуменский тракт;53.8493988;27.5704874
Ігуменскі тракт;45;Игуменский тракт;53.8493988;27.5704874
Ігуменскі тракт;18;Игуменский тракт;53.8493988;27.5704874
Ігуменскі тракт;22;Игуменский тракт;53.8493988;27.5704874
Ігуменскі тракт;38;Игуменский тракт;53.8493988;27.5704874
Ігуменскі тракт;51;Игуменский тракт;53.8493988;27.5704874
Ізмайлаўская вуліца;12;Измайловская улица;53.9414688;27.5796959
Ізмайлаўская вуліца;15;Измайловская улица;53.9414688;27.5796959
Ізмайлаўская вуліца;13;Измайловская улица;53.9414688;27.5796959
Ізмайлаўская вуліца;1;Измайловская улица;53.9414688;27.5796959
Ізмайлаўская вуліца;9;Измайловская улица;53.9414688;27.5796959
Ізмайлаўская вуліца;7;Измайловская улица;53.9414688;27.5796959
Ізмайлаўская вуліца;5;Измайловская улица;53.9414688;27.5796959
Ізмайлаўская вуліца;3;Измайловская улица;53.9414688;27.5796959
Ізмайлаўская вуліца;6;Измайловская улица;53.9414688;27.5796959
Ізмайлаўская вуліца;2;Измайловская улица;53.9414688;27.5796959
Ізмайлаўскі праезд;1;Измайловский проезд;53.9423018;27.5818271
Ілімская вуліца;27;Илимская улица;53.8876818;27.6742345
Ілімская вуліца;8;Илимская улица;53.8876818;27.6742345
Ілімская вуліца;58;Илимская улица;53.8876818;27.6742345
Ілімская вуліца;6Б;Илимская улица;53.8876818;27.6742345
Ілімская вуліца;60;Илимская улица;53.8876818;27.6742345
Ілімская вуліца;6А;Илимская улица;53.8876818;27.6742345
Ілімская вуліца;58 к1;Илимская улица;53.8876818;27.6742345
Ілімская вуліца;6Г;Илимская улица;53.8876818;27.6742345
Іллянская вуліца;4;Ильянская улица;53.9333086;27.4664911
Іллянская вуліца;12;Ильянская улица;53.9333086;27.4664911
Іллянская вуліца;14;Ильянская улица;53.9333086;27.4664911
Іллянская вуліца;3;Ильянская улица;53.9333086;27.4664911
Індустрыяльная вуліца;7;Индустриальная улица;53.8838634;27.5742538
Інжынерная вуліца;41;Инженерная улица;53.8362837;27.6899895
Інжынерная вуліца;4;Инженерная улица;53.8362837;27.6899895
Інжынерная вуліца;27;Инженерная улица;53.8362837;27.6899895
Інжынерная вуліца;5;Инженерная улица;53.8362837;27.6899895
Інжынерная вуліца;25А;Инженерная улица;53.8362837;27.6899895
Інжынерная вуліца;8;Инженерная улица;53.8362837;27.6899895
Інжынерная вуліца;14;Инженерная улица;53.8362837;27.6899895
Інжынерная вуліца;23;Инженерная улица;53.8362837;27.6899895
Інжынерная вуліца;7  пом. 2;Инженерная улица;53.8362837;27.6899895
Інжынерная вуліца;9;Инженерная улица;53.8362837;27.6899895
Інжынерная вуліца;4б;Инженерная улица;53.8362837;27.6899895
Інжынерная вуліца;38;Инженерная улица;53.8362837;27.6899895
Інжынерная вуліца;32;Инженерная улица;53.8362837;27.6899895
Інжынерная вуліца;26 к2;Инженерная улица;53.8362837;27.6899895
Інжынерная вуліца;43;Инженерная улица;53.8362837;27.6899895
Інжынерная вуліца;49;Инженерная улица;53.8362837;27.6899895
Інструментальны завулак;4;Инструментальный переулок;53.9278803;27.6102627
Інструментальны завулак;6;Инструментальный переулок;53.9278803;27.6102627
Інструментальны завулак;11А;Инструментальный переулок;53.9278803;27.6102627
Інтэрнацыянальная вуліца;11;Интернациональная улица;53.9030621;27.5571796
Інтэрнацыянальная вуліца;23;Интернациональная улица;53.9030621;27.5571796
Інтэрнацыянальная вуліца;9;Интернациональная улица;53.9030621;27.5571796
Інтэрнацыянальная вуліца;21;Интернациональная улица;53.9030621;27.5571796
Інтэрнацыянальная вуліца;28;Интернациональная улица;53.9030621;27.5571796
Інтэрнацыянальная вуліца;36;Интернациональная улица;53.9030621;27.5571796
Інтэрнацыянальная вуліца;25А;Интернациональная улица;53.9030621;27.5571796
Інтэрнацыянальная вуліца;5;Интернациональная улица;53.9030621;27.5571796
Інтэрнацыянальная вуліца;33В;Интернациональная улица;53.9030621;27.5571796
Інтэрнацыянальная вуліца;42;Интернациональная улица;53.9030621;27.5571796
Інтэрнацыянальная вуліца;10;Интернациональная улица;53.9030621;27.5571796
Інтэрнацыянальная вуліца;11А;Интернациональная улица;53.9030621;27.5571796
Інтэрнацыянальная вуліца;25;Интернациональная улица;53.9030621;27.5571796
Інтэрнацыянальная вуліца;36/1;Интернациональная улица;53.9030621;27.5571796
Інтэрнацыянальная вуліца;17;Интернациональная улица;53.9030621;27.5571796
Інтэрнацыянальная вуліца;19;Интернациональная улица;53.9030621;27.5571796
Інтэрнацыянальная вуліца;1;Интернациональная улица;53.9030621;27.5571796
Інтэрнацыянальная вуліца;7;Интернациональная улица;53.9030621;27.5571796
Інтэрнацыянальная вуліца;33А;Интернациональная улица;53.9030621;27.5571796
Інтэрнацыянальная вуліца;31;Интернациональная улица;53.9030621;27.5571796
Інтэрнацыянальная вуліца;29;Интернациональная улица;53.9030621;27.5571796
Інтэрнацыянальная вуліца;33;Интернациональная улица;53.9030621;27.5571796
Інтэрнацыянальная вуліца;40;Интернациональная улица;53.9030621;27.5571796
Інтэрнацыянальная вуліца;32;Интернациональная улица;53.9030621;27.5571796
Інтэрнацыянальная вуліца;30;Интернациональная улица;53.9030621;27.5571796
Інтэрнацыянальная вуліца;13А;Интернациональная улица;53.9030621;27.5571796
Інтэрнацыянальная вуліца;11Б;Интернациональная улица;53.9030621;27.5571796
Інтэрнацыянальная вуліца;20А;Интернациональная улица;53.9030621;27.5571796
Інтэрнацыянальная вуліца;31А;Интернациональная улица;53.9030621;27.5571796
Інтэрнацыянальная вуліца;33Б;Интернациональная улица;53.9030621;27.5571796
Інтэрнацыянальная вуліца;27Б;Интернациональная улица;53.9030621;27.5571796
Інтэрнацыянальная вуліца;29А;Интернациональная улица;53.9030621;27.5571796
Іркуцкая вуліца;111;Иркутская улица;53.8706214;27.6791534
Іркуцкая вуліца;98;Иркутская улица;53.8706214;27.6791534
Іркуцкая вуліца;101;Иркутская улица;53.8706214;27.6791534
Іркуцкая вуліца;99;Иркутская улица;53.8706214;27.6791534
Іркуцкая вуліца;77;Иркутская улица;53.8706214;27.6791534
Іркуцкая вуліца;79;Иркутская улица;53.8706214;27.6791534
Іркуцкая вуліца;95;Иркутская улица;53.8706214;27.6791534
Іркуцкая вуліца;45;Иркутская улица;53.8706214;27.6791534
Іркуцкая вуліца;47;Иркутская улица;53.8706214;27.6791534
Іркуцкая вуліца;36;Иркутская улица;53.8706214;27.6791534
Іркуцкая вуліца;31;Иркутская улица;53.8706214;27.6791534
Іркуцкая вуліца;43;Иркутская улица;53.8706214;27.6791534
Іркуцкая вуліца;12;Иркутская улица;53.8706214;27.6791534
Іркуцкая вуліца;14;Иркутская улица;53.8706214;27.6791534
Іркуцкая вуліца;17;Иркутская улица;53.8706214;27.6791534
Іркуцкая вуліца;2;Иркутская улица;53.8706214;27.6791534
Іркуцкая вуліца;22;Иркутская улица;53.8706214;27.6791534
Іркуцкая вуліца;29;Иркутская улица;53.8706214;27.6791534
Іркуцкая вуліца;1;Иркутская улица;53.8706214;27.6791534
Іркуцкая вуліца;13;Иркутская улица;53.8706214;27.6791534
Іркуцкая вуліца;15;Иркутская улица;53.8706214;27.6791534
Іркуцкая вуліца;96;Иркутская улица;53.8706214;27.6791534
Іркуцкая вуліца;109;Иркутская улица;53.8706214;27.6791534
Іркуцкі завулак;1;Иркутский переулок;53.8714053;27.6786109
Іркуцкі завулак;10;Иркутский переулок;53.8714053;27.6786109
Іркуцкі завулак;2;Иркутский переулок;53.8714053;27.6786109
Іркуцкі завулак;9;Иркутский переулок;53.8714053;27.6786109
Іркуцкі завулак;20;Иркутский переулок;53.8714053;27.6786109
Кааператыўная вуліца;3;Кооперативная улица;53.6984937;27.0943567
Кааператыўная вуліца;8;Кооперативная улица;53.6984937;27.0943567
Кааператыўная вуліца;4;Кооперативная улица;53.6984937;27.0943567
Кааператыўная вуліца;6;Кооперативная улица;53.6984937;27.0943567
Кааператыўная вуліца;9;Кооперативная улица;53.6984937;27.0943567
Кааператыўная вуліца;10;Кооперативная улица;53.6984937;27.0943567
Кааператыўная вуліца;1;Кооперативная улица;53.6984937;27.0943567
Кааператыўная вуліца;5;Кооперативная улица;53.6984937;27.0943567
Кааператыўная вуліца;2;Кооперативная улица;53.6984937;27.0943567
Кааператыўная вуліца;7;Кооперативная улица;53.6984937;27.0943567
Кааператыўны завулак;12;Кооперативный переулок;53.8846019;27.5323625
Кавальская вуліца;26;Ковальская улица;53.8759983;27.438251
Кавальская вуліца;22;Ковальская улица;53.8759983;27.438251
Кавальская вуліца;20;Ковальская улица;53.8759983;27.438251
Кавальская вуліца;22А;Ковальская улица;53.8759983;27.438251
Кавальская вуліца;20А;Ковальская улица;53.8759983;27.438251
Кавальская вуліца;18;Ковальская улица;53.8759983;27.438251
Кавальская вуліца;16;Ковальская улица;53.8759983;27.438251
Кавальская вуліца;14;Ковальская улица;53.8759983;27.438251
Кавальская вуліца;6;Ковальская улица;53.8759983;27.438251
Кавальская вуліца;4;Ковальская улица;53.8759983;27.438251
Кавальская вуліца;2;Ковальская улица;53.8759983;27.438251
Кавальская вуліца;28;Ковальская улица;53.8759983;27.438251
Кавальская вуліца;8;Ковальская улица;53.8759983;27.438251
Кавальская вуліца;10;Ковальская улица;53.8759983;27.438251
Кавальская вуліца;12;Ковальская улица;53.8759983;27.438251
Кавальская вуліца;24;Ковальская улица;53.8759983;27.438251
Казарменны завулак;1;Казарменный переулок;53.8947765;27.573034
Казарменны завулак;2;Казарменный переулок;53.8947765;27.573034
Казарменны завулак;3;Казарменный переулок;53.8947765;27.573034
Казарменны завулак;5;Казарменный переулок;53.8947765;27.573034
Казарменны завулак;5А;Казарменный переулок;53.8947765;27.573034
Казарменны завулак;4;Казарменный переулок;53.8947765;27.573034
Казіміраўская вуліца;15;Казимировская улица;53.9168165;27.4245121
Казіміраўская вуліца;9;Казимировская улица;53.9168165;27.4245121
Казіміраўская вуліца;39;Казимировская улица;53.9168165;27.4245121
Казіміраўская вуліца;37;Казимировская улица;53.9168165;27.4245121
Казіміраўская вуліца;6;Казимировская улица;53.9168165;27.4245121
Казіміраўская вуліца;21;Казимировская улица;53.9168165;27.4245121
Казіміраўская вуліца;17;Казимировская улица;53.9168165;27.4245121
Казіміраўская вуліца;11;Казимировская улица;53.9168165;27.4245121
Казіміраўская вуліца;21А;Казимировская улица;53.9168165;27.4245121
Калгасная вуліца;12;Колхозная улица;53.8750067;27.4569691
Калектарная вуліца;11;Коллекторная улица;53.90089;27.5413431
Калектарная вуліца;10;Коллекторная улица;53.90089;27.5413431
Калектарная вуліца;20;Коллекторная улица;53.90089;27.5413431
Калектарная вуліца;3;Коллекторная улица;53.90089;27.5413431
Калектыўны завулак;2;Коллективный переулок;53.9036343;27.6283701
Калектыўны завулак;4;Коллективный переулок;53.9036343;27.6283701
Калектыўны завулак;8;Коллективный переулок;53.9036343;27.6283701
Калектыўны завулак;6;Коллективный переулок;53.9036343;27.6283701
Калектыўны праезд;1;Коллективный проезд;53.904573;27.6273285
Калектыўны праезд;51;Коллективный проезд;53.904573;27.6273285
Калектыўны праезд;8;Коллективный проезд;53.904573;27.6273285
Калектыўны праезд;25;Коллективный проезд;53.904573;27.6273285
Калектыўны праезд;6;Коллективный проезд;53.904573;27.6273285
Калектыўны праезд;47;Коллективный проезд;53.904573;27.6273285
Калектыўны праезд;29;Коллективный проезд;53.904573;27.6273285
Калектыўны праезд;17;Коллективный проезд;53.904573;27.6273285
Калектыўны праезд;11;Коллективный проезд;53.904573;27.6273285
Калектыўны праезд;31;Коллективный проезд;53.904573;27.6273285
Калектыўны праезд;13;Коллективный проезд;53.904573;27.6273285
Калектыўны праезд;45;Коллективный проезд;53.904573;27.6273285
Калектыўны праезд;15;Коллективный проезд;53.904573;27.6273285
Калектыўны праезд;2;Коллективный проезд;53.904573;27.6273285
Калектыўны праезд;4;Коллективный проезд;53.904573;27.6273285
Калектыўны праезд;3;Коллективный проезд;53.904573;27.6273285
Калектыўны праезд;39;Коллективный проезд;53.904573;27.6273285
Калектыўны праезд;5;Коллективный проезд;53.904573;27.6273285
Калектыўны праезд;21;Коллективный проезд;53.904573;27.6273285
Калектыўны праезд;7;Коллективный проезд;53.904573;27.6273285
Калектыўны праезд;49;Коллективный проезд;53.904573;27.6273285
Калектыўны праезд;41;Коллективный проезд;53.904573;27.6273285
Калектыўны праезд;33;Коллективный проезд;53.904573;27.6273285
Калектыўны праезд;43;Коллективный проезд;53.904573;27.6273285
Калектыўны праезд;35;Коллективный проезд;53.904573;27.6273285
Калектыўны праезд;37;Коллективный проезд;53.904573;27.6273285
Калектыўны праезд;23;Коллективный проезд;53.904573;27.6273285
Калектыўны праезд;27;Коллективный проезд;53.904573;27.6273285
Калектыўны праезд;19;Коллективный проезд;53.904573;27.6273285
Кальварыйская вуліца;44;Кальварийская улица;53.9087752;27.5097265
Кальварыйская вуліца;50;Кальварийская улица;53.9087752;27.5097265
Кальварыйская вуліца;24А;Кальварийская улица;53.9087752;27.5097265
Кальварыйская вуліца;24;Кальварийская улица;53.9087752;27.5097265
Кальварыйская вуліца;33;Кальварийская улица;53.9087752;27.5097265
Кальварыйская вуліца;48;Кальварийская улица;53.9087752;27.5097265
Кальварыйская вуліца;1;Кальварийская улица;53.9087752;27.5097265
Кальварыйская вуліца;7Б;Кальварийская улица;53.9087752;27.5097265
Кальварыйская вуліца;18;Кальварийская улица;53.9087752;27.5097265
Кальварыйская вуліца;17;Кальварийская улица;53.9087752;27.5097265
Кальварыйская вуліца;42;Кальварийская улица;53.9087752;27.5097265
Кальварыйская вуліца;16;Кальварийская улица;53.9087752;27.5097265
Кальварыйская вуліца;52;Кальварийская улица;53.9087752;27.5097265
Кальварыйская вуліца;62;Кальварийская улица;53.9087752;27.5097265
Кальварыйская вуліца;31;Кальварийская улица;53.9087752;27.5097265
Кальварыйская вуліца;7А;Кальварийская улица;53.9087752;27.5097265
Кальварыйская вуліца;21;Кальварийская улица;53.9087752;27.5097265
Кальварыйская вуліца;25;Кальварийская улица;53.9087752;27.5097265
Кальварыйская вуліца;46194;Кальварийская улица;53.9087752;27.5097265
Кальварыйская вуліца;4;Кальварийская улица;53.9087752;27.5097265
Кальварыйская вуліца;3А;Кальварийская улица;53.9087752;27.5097265
Кальварыйская вуліца;9;Кальварийская улица;53.9087752;27.5097265
Кальварыйская вуліца;46074;Кальварийская улица;53.9087752;27.5097265
Кальварыйская вуліца;46102;Кальварийская улица;53.9087752;27.5097265
Кальварыйская вуліца;50А;Кальварийская улица;53.9087752;27.5097265
Кальварыйская вуліца;56 к2;Кальварийская улица;53.9087752;27.5097265
Кальварыйская вуліца;58 к2;Кальварийская улица;53.9087752;27.5097265
Кальварыйская вуліца;54 к2;Кальварийская улица;53.9087752;27.5097265
Кальварыйская вуліца;56 к1;Кальварийская улица;53.9087752;27.5097265
Кальварыйская вуліца;46;Кальварийская улица;53.9087752;27.5097265
Кальварыйская вуліца;60;Кальварийская улица;53.9087752;27.5097265
Кальварыйская вуліца;7;Кальварийская улица;53.9087752;27.5097265
Кальварыйская вуліца;27;Кальварийская улица;53.9087752;27.5097265
Кальварыйская вуліца;46043;Кальварийская улица;53.9087752;27.5097265
Кальварыйская вуліца;40;Кальварийская улица;53.9087752;27.5097265
Кальварыйская вуліца;46133;Кальварийская улица;53.9087752;27.5097265
Кальварыйская вуліца;40/1;Кальварийская улица;53.9087752;27.5097265
Кальварыйская вуліца;46163;Кальварийская улица;53.9087752;27.5097265
Кальварыйскі праезд;1;Кальварийский проезд;53.9085322;27.5085174
Кальцавая вуліца;8Б;Кольцевая улица;53.9396032;27.429683
Кальцавая вуліца;5А;Кольцевая улица;53.9396032;27.429683
Кальцавая вуліца;6;Кольцевая улица;53.9396032;27.429683
Кальцавая вуліца;7;Кольцевая улица;53.9396032;27.429683
Кальцавая вуліца;4;Кольцевая улица;53.9396032;27.429683
Кальцавая вуліца;2;Кольцевая улица;53.9396032;27.429683
Кальцавая вуліца;3;Кольцевая улица;53.9396032;27.429683
Кальцавая вуліца;5;Кольцевая улица;53.9396032;27.429683
Кальцавая вуліца;8;Кольцевая улица;53.9396032;27.429683
Кальцавая вуліца;8В;Кольцевая улица;53.9396032;27.429683
Кальцавая вуліца;5Б;Кольцевая улица;53.9396032;27.429683
Кальцавая вуліца;1;Кольцевая улица;53.9396032;27.429683
Калядная вуліца;2;Колядная улица;53.9602189;27.5067066
Калядная вуліца;9;Колядная улица;53.9602189;27.5067066
Камайская вуліца;2;Камайская улица;53.9359203;27.4574129
Камайская вуліца;14;Камайская улица;53.9359203;27.4574129
Камайская вуліца;12;Камайская улица;53.9359203;27.4574129
Камайская вуліца;10;Камайская улица;53.9359203;27.4574129
Камайская вуліца;18;Камайская улица;53.9359203;27.4574129
Камайская вуліца;8;Камайская улица;53.9359203;27.4574129
Камайская вуліца;5;Камайская улица;53.9359203;27.4574129
Каменнагорская вуліца;20;Каменнагорская улица;53.9285527;27.423795
Каменнагорская вуліца;26;Каменнагорская улица;53.9285527;27.423795
Каменнагорская вуліца;86;Каменнагорская улица;53.9285527;27.423795
Каменнагорская вуліца;74;Каменнагорская улица;53.9285527;27.423795
Каменнагорская вуліца;3;Каменнагорская улица;53.9285527;27.423795
Каменнагорская вуліца;6;Каменнагорская улица;53.9285527;27.423795
Каменнагорская вуліца;118;Каменнагорская улица;53.9285527;27.423795
Каменнагорская вуліца;34;Каменнагорская улица;53.9285527;27.423795
Каменнагорская вуліца;11;Каменнагорская улица;53.9285527;27.423795
Каменнагорская вуліца;8;Каменнагорская улица;53.9285527;27.423795
Каменнагорская вуліца;45;Каменнагорская улица;53.9285527;27.423795
Каменнагорская вуліца;47;Каменнагорская улица;53.9285527;27.423795
Каменнагорская вуліца;66;Каменнагорская улица;53.9285527;27.423795
Каменнагорская вуліца;3 к5;Каменнагорская улица;53.9285527;27.423795
Каменнагорская вуліца;72;Каменнагорская улица;53.9285527;27.423795
Каменнагорская вуліца;100;Каменнагорская улица;53.9285527;27.423795
Каменнагорская вуліца;10;Каменнагорская улица;53.9285527;27.423795
Каменнагорская вуліца;28;Каменнагорская улица;53.9285527;27.423795
Каменнагорская вуліца;64;Каменнагорская улица;53.9285527;27.423795
Каменнагорская вуліца;62;Каменнагорская улица;53.9285527;27.423795
Каменнагорская вуліца;78;Каменнагорская улица;53.9285527;27.423795
Каменнагорская вуліца;80;Каменнагорская улица;53.9285527;27.423795
Каменнагорская вуліца;82;Каменнагорская улица;53.9285527;27.423795
Каменнагорская вуліца;84;Каменнагорская улица;53.9285527;27.423795
Каменнагорская вуліца;110;Каменнагорская улица;53.9285527;27.423795
Каменнагорская вуліца;112;Каменнагорская улица;53.9285527;27.423795
Каменнагорская вуліца;88;Каменнагорская улица;53.9285527;27.423795
Каменнагорская вуліца;94;Каменнагорская улица;53.9285527;27.423795
Каменнагорская вуліца;60;Каменнагорская улица;53.9285527;27.423795
Каменнагорская вуліца;96;Каменнагорская улица;53.9285527;27.423795
Каменнагорская вуліца;70;Каменнагорская улица;53.9285527;27.423795
Каменнагорская вуліца;116;Каменнагорская улица;53.9285527;27.423795
Каменнагорская вуліца;90;Каменнагорская улица;53.9285527;27.423795
Каменнагорская вуліца;92;Каменнагорская улица;53.9285527;27.423795
Каменнагорская вуліца;68;Каменнагорская улица;53.9285527;27.423795
Каменнагорская вуліца;104;Каменнагорская улица;53.9285527;27.423795
Каменнагорская вуліца;108;Каменнагорская улица;53.9285527;27.423795
Каменнагорская вуліца;100А;Каменнагорская улица;53.9285527;27.423795
Каменнагорская вуліца;106;Каменнагорская улица;53.9285527;27.423795
Камсамольская вуліца;15;Комсомольская улица;53.9002533;27.554736
Камсамольская вуліца;7;Комсомольская улица;53.9002533;27.554736
Камсамольская вуліца;32;Комсомольская улица;53.9002533;27.554736
Камсамольская вуліца;31;Комсомольская улица;53.9002533;27.554736
Камсамольская вуліца;16;Комсомольская улица;53.9002533;27.554736
Камсамольская вуліца;13А;Комсомольская улица;53.9002533;27.554736
Камсамольская вуліца;23;Комсомольская улица;53.9002533;27.554736
Камсамольская вуліца;12;Комсомольская улица;53.9002533;27.554736
Камсамольская вуліца;25;Комсомольская улица;53.9002533;27.554736
Камсамольская вуліца;12А;Комсомольская улица;53.9002533;27.554736
Камсамольская вуліца;35;Комсомольская улица;53.9002533;27.554736
Камсамольская вуліца;8;Комсомольская улица;53.9002533;27.554736
Камсамольская вуліца;29;Комсомольская улица;53.9002533;27.554736
Камсамольская вуліца;17;Комсомольская улица;53.9002533;27.554736
Камсамольская вуліца;24;Комсомольская улица;53.9002533;27.554736
Камсамольская вуліца;5;Комсомольская улица;53.9002533;27.554736
Камсамольская вуліца;9;Комсомольская улица;53.9002533;27.554736
Камсамольская вуліца;6;Комсомольская улица;53.9002533;27.554736
Камсамольская вуліца;20А;Комсомольская улица;53.9002533;27.554736
Камсамольская вуліца;33;Комсомольская улица;53.9002533;27.554736
Камсамольская вуліца;3;Комсомольская улица;53.9002533;27.554736
Камсамольская вуліца;18;Комсомольская улица;53.9002533;27.554736
Камсамольская вуліца;15А;Комсомольская улица;53.9002533;27.554736
Камунальная вуліца;13;Коммунальная улица;54.2358112;28.5550123
Камуністычная вуліца;3;Коммунистическая улица;53.9123309;27.563951
Камуністычная вуліца;52;Коммунистическая улица;53.9123309;27.563951
Камуністычная вуліца;49;Коммунистическая улица;53.9123309;27.563951
Камуністычная вуліца;86;Коммунистическая улица;53.9123309;27.563951
Камуністычная вуліца;17;Коммунистическая улица;53.9123309;27.563951
Камуністычная вуліца;42;Коммунистическая улица;53.9123309;27.563951
Камуністычная вуліца;19;Коммунистическая улица;53.9123309;27.563951
Камуністычная вуліца;2;Коммунистическая улица;53.9123309;27.563951
Камуністычная вуліца;30;Коммунистическая улица;53.9123309;27.563951
Камуністычная вуліца;40;Коммунистическая улица;53.9123309;27.563951
Камуністычная вуліца;13;Коммунистическая улица;53.9123309;27.563951
Камуністычная вуліца;7;Коммунистическая улица;53.9123309;27.563951
Камуністычная вуліца;14;Коммунистическая улица;53.9123309;27.563951
Камуністычная вуліца;20;Коммунистическая улица;53.9123309;27.563951
Камуністычная вуліца;8;Коммунистическая улица;53.9123309;27.563951
Камуністычная вуліца;11;Коммунистическая улица;53.9123309;27.563951
Камуністычная вуліца;5;Коммунистическая улица;53.9123309;27.563951
Камуністычная вуліца;6;Коммунистическая улица;53.9123309;27.563951
Камуністычная вуліца;15;Коммунистическая улица;53.9123309;27.563951
Камуністычная вуліца;4;Коммунистическая улица;53.9123309;27.563951
Камуністычная вуліца;50;Коммунистическая улица;53.9123309;27.563951
Камуністычная вуліца;44;Коммунистическая улица;53.9123309;27.563951
Камуністычная вуліца;1А;Коммунистическая улица;53.9123309;27.563951
Камуністычная вуліца;38;Коммунистическая улица;53.9123309;27.563951
Камуністычная вуліца;10;Коммунистическая улица;53.9123309;27.563951
Камуністычная вуліца;34;Коммунистическая улица;53.9123309;27.563951
Камуністычная вуліца;16;Коммунистическая улица;53.9123309;27.563951
Камуністычная вуліца;24;Коммунистическая улица;53.9123309;27.563951
Камуністычная вуліца;23;Коммунистическая улица;53.9123309;27.563951
Камуністычная вуліца;29;Коммунистическая улица;53.9123309;27.563951
Камуністычная вуліца;35;Коммунистическая улица;53.9123309;27.563951
Камуністычная вуліца;43;Коммунистическая улица;53.9123309;27.563951
Камуністычная вуліца;54;Коммунистическая улица;53.9123309;27.563951
Камуністычная вуліца;18;Коммунистическая улица;53.9123309;27.563951
Камуністычная вуліца;46039;Коммунистическая улица;53.9123309;27.563951
Камуністычная вуліца;17А;Коммунистическая улица;53.9123309;27.563951
Камуністычная вуліца;42А;Коммунистическая улица;53.9123309;27.563951
Капыльскі тупік;24;Копыльский тупик;53.8354406;27.6418644
Каралінская вуліца;2;Каролинская улица;53.8536898;27.4933112
Каралінская вуліца;10;Каролинская улица;53.8536898;27.4933112
Каралінская вуліца;8-121;Каролинская улица;53.8536898;27.4933112
Каралінская вуліца;8-123;Каролинская улица;53.8536898;27.4933112
Каралінская вуліца;3;Каролинская улица;53.8536898;27.4933112
Каралінская вуліца;5;Каролинская улица;53.8536898;27.4933112
Каралінская вуліца;1;Каролинская улица;53.8536898;27.4933112
Кастрычніцкая вуліца;5;Октябрьская улица;53.8919861;27.5694432
Кастрычніцкая вуліца;23;Октябрьская улица;53.8919861;27.5694432
Кастрычніцкая вуліца;4;Октябрьская улица;53.8919861;27.5694432
Кастрычніцкая вуліца;8;Октябрьская улица;53.8919861;27.5694432
Кастрычніцкая вуліца;10;Октябрьская улица;53.8919861;27.5694432
Кастрычніцкая вуліца;46128;Октябрьская улица;53.8919861;27.5694432
Кастрычніцкая вуліца;16 к3;Октябрьская улица;53.8919861;27.5694432
Кастрычніцкая вуліца;4А;Октябрьская улица;53.8919861;27.5694432
Кастрычніцкая вуліца;10А;Октябрьская улица;53.8919861;27.5694432
Кастрычніцкая вуліца;23А;Октябрьская улица;53.8919861;27.5694432
Кастрычніцкая вуліца;25;Октябрьская улица;53.8919861;27.5694432
Кастрычніцкая вуліца;19;Октябрьская улица;53.8919861;27.5694432
Кастрычніцкая вуліца;21;Октябрьская улица;53.8919861;27.5694432
Кастрычніцкая вуліца;16;Октябрьская улица;53.8919861;27.5694432
Кастрычніцкая вуліца;16 к20;Октябрьская улица;53.8919861;27.5694432
Кастрычніцкая вуліца;46097;Октябрьская улица;53.8919861;27.5694432
Кастрычніцкая вуліца;21 к1;Октябрьская улица;53.8919861;27.5694432
Кастрычніцкая вуліца;19Б;Октябрьская улица;53.8919861;27.5694432
Кастрычніцкая вуліца;10Б;Октябрьская улица;53.8919861;27.5694432
Кастрычніцкая вуліца;46131;Октябрьская улица;53.8919861;27.5694432
Кастрычніцкая вуліца;15А;Октябрьская улица;53.8919861;27.5694432
Кастрычніцкая вуліца;12А;Октябрьская улица;53.8919861;27.5694432
Кастрычніцкая вуліца;17;Октябрьская улица;53.8919861;27.5694432
Кастрычніцкая вуліца;12;Октябрьская улица;53.8919861;27.5694432
Кастрычніцкая вуліца;14;Октябрьская улица;53.8919861;27.5694432
Кастрычніцкая вуліца;16 к22;Октябрьская улица;53.8919861;27.5694432
Кастрычніцкая вуліца;6;Октябрьская улица;53.8919861;27.5694432
Кастрычніцкая вуліца;2;Октябрьская улица;53.8919861;27.5694432
Кастрычніцкая вуліца;8А;Октябрьская улица;53.8919861;27.5694432
Кастрычніцкая вуліца;15;Октябрьская улица;53.8919861;27.5694432
Кастрычніцкая вуліца;16 к6;Октябрьская улица;53.8919861;27.5694432
Кастрычніцкая вуліца;16 к4;Октябрьская улица;53.8919861;27.5694432
Кастрычніцкая вуліца;16 к7;Октябрьская улица;53.8919861;27.5694432
Кастрычніцкая вуліца;16 к11;Октябрьская улица;53.8919861;27.5694432
Кастрычніцкая вуліца;16 к13;Октябрьская улица;53.8919861;27.5694432
Кастрычніцкая вуліца;16 к2;Октябрьская улица;53.8919861;27.5694432
Кастрычніцкая вуліца;16 к23;Октябрьская улица;53.8919861;27.5694432
Кастрычніцкая вуліца;16 к25;Октябрьская улица;53.8919861;27.5694432
Кастрычніцкая вуліца;16 к26;Октябрьская улица;53.8919861;27.5694432
Кастрычніцкая плошча;1;Октябрьская площадь;53.9030076;27.5622699
Кахоўская вуліца;17;Каховская улица;53.9289549;27.5600516
Кахоўская вуліца;26;Каховская улица;53.9289549;27.5600516
Кахоўская вуліца;70А;Каховская улица;53.9289549;27.5600516
Кахоўская вуліца;72;Каховская улица;53.9289549;27.5600516
Кахоўская вуліца;31;Каховская улица;53.9289549;27.5600516
Кахоўская вуліца;72А;Каховская улица;53.9289549;27.5600516
Качынская вуліца;7;Качинская улица;53.933048;27.4432227
Качынская вуліца;12;Качинская улица;53.933048;27.4432227
Качынская вуліца;5;Качинская улица;53.933048;27.4432227
Качынская вуліца;1;Качинская улица;53.933048;27.4432227
Качынская вуліца;6;Качинская улица;53.933048;27.4432227
Качынская вуліца;10;Качинская улица;53.933048;27.4432227
Каштанавая вуліца;1;Каштановая улица;53.9682473;27.593544
Каштанавая вуліца;2;Каштановая улица;53.9682473;27.593544
Каштанавая вуліца;4;Каштановая улица;53.9682473;27.593544
Каштанавая вуліца;8;Каштановая улица;53.9682473;27.593544
Каштанавая вуліца;7;Каштановая улица;53.9682473;27.593544
Каштанавая вуліца;3;Каштановая улица;53.9682473;27.593544
Каштанавая вуліца;6;Каштановая улица;53.9682473;27.593544
Каштанавая вуліца;1А;Каштановая улица;53.9682473;27.593544
Каштанавая вуліца;15;Каштановая улица;53.9682473;27.593544
Каштанавая вуліца;5;Каштановая улица;53.9682473;27.593544
Каштанавая вуліца;10;Каштановая улица;53.9682473;27.593544
Каштанавая вуліца;12;Каштановая улица;53.9682473;27.593544
Каштанавая вуліца;18;Каштановая улица;53.9682473;27.593544
Каштанавая вуліца;24;Каштановая улица;53.9682473;27.593544
Каштанавая вуліца;9;Каштановая улица;53.9682473;27.593544
Каштанавы завулак;2;Каштановый переулок;52.7484744;27.4619945
Кветкавая вуліца;14;Цветочная улица;53.2136348;26.6622498
Кветкавая вуліца;11;Цветочная улица;53.2136348;26.6622498
Кветкавая вуліца;12;Цветочная улица;53.2136348;26.6622498
Кветкавая вуліца;9;Цветочная улица;53.2136348;26.6622498
Кветкавая вуліца;10;Цветочная улица;53.2136348;26.6622498
Кветкавая вуліца;2;Цветочная улица;53.2136348;26.6622498
Кветкавая вуліца;3;Цветочная улица;53.2136348;26.6622498
Кветкавая вуліца;21;Цветочная улица;53.2136348;26.6622498
Кветкавая вуліца;8;Цветочная улица;53.2136348;26.6622498
Кветкавая вуліца;17;Цветочная улица;53.2136348;26.6622498
Кветкавая вуліца;13;Цветочная улица;53.2136348;26.6622498
Кветкавая вуліца;1;Цветочная улица;53.2136348;26.6622498
Кветкавая вуліца;4;Цветочная улица;53.2136348;26.6622498
Кветкавая вуліца;5;Цветочная улица;53.2136348;26.6622498
Кветкавая вуліца;6;Цветочная улица;53.2136348;26.6622498
Кветкавая вуліца;7;Цветочная улица;53.2136348;26.6622498
Кветкавая вуліца;15;Цветочная улица;53.2136348;26.6622498
Кіеўская вуліца;5;Киевская улица;53.9333014;27.548267
Кіеўская вуліца;6;Киевская улица;53.9333014;27.548267
Кіеўская вуліца;7;Киевская улица;53.9333014;27.548267
Кіеўская вуліца;8;Киевская улица;53.9333014;27.548267
Кіеўская вуліца;22;Киевская улица;53.9333014;27.548267
Кіеўская вуліца;35;Киевская улица;53.9333014;27.548267
Клецкая вуліца;27;Клецкая улица;53.8419956;27.6440597
Клецкая вуліца;9;Клецкая улица;53.8419956;27.6440597
Кляновая вуліца;1;Кленовая улица;54.1004977;28.2716478
Кляновая вуліца;9;Кленовая улица;54.1004977;28.2716478
Княгінінская вуліца;4;Княгининская улица;53.9368006;27.4645024
Кобрынская вуліца;2;Кобринская улица;53.858807;27.525378
Кобрынская вуліца;38;Кобринская улица;53.858807;27.525378
Кобрынская вуліца;56;Кобринская улица;53.858807;27.525378
Кобрынская вуліца;33;Кобринская улица;53.858807;27.525378
Кобрынская вуліца;64;Кобринская улица;53.858807;27.525378
Кобрынская вуліца;29;Кобринская улица;53.858807;27.525378
Кобрынская вуліца;27;Кобринская улица;53.858807;27.525378
Кобрынская вуліца;54;Кобринская улица;53.858807;27.525378
Кобрынская вуліца;36;Кобринская улица;53.858807;27.525378
Кобрынская вуліца;40;Кобринская улица;53.858807;27.525378
Кобрынская вуліца;35;Кобринская улица;53.858807;27.525378
Кобрынская вуліца;60;Кобринская улица;53.858807;27.525378
Кобрынская вуліца;46;Кобринская улица;53.858807;27.525378
Кобрынская вуліца;42;Кобринская улица;53.858807;27.525378
Кобрынская вуліца;52;Кобринская улица;53.858807;27.525378
Кобрынская вуліца;31;Кобринская улица;53.858807;27.525378
Кобрынская вуліца;58;Кобринская улица;53.858807;27.525378
Кобрынская вуліца;37;Кобринская улица;53.858807;27.525378
Кобрынская вуліца;62;Кобринская улица;53.858807;27.525378
Кобрынская вуліца;50;Кобринская улица;53.858807;27.525378
Кобрынская вуліца;44;Кобринская улица;53.858807;27.525378
Кобрынская вуліца;39;Кобринская улица;53.858807;27.525378
Кобрынская вуліца;47;Кобринская улица;53.858807;27.525378
Кобрынская вуліца;19;Кобринская улица;53.858807;27.525378
Кобрынская вуліца;24;Кобринская улица;53.858807;27.525378
Кобрынская вуліца;8;Кобринская улица;53.858807;27.525378
Кобрынская вуліца;34;Кобринская улица;53.858807;27.525378
Кобрынская вуліца;14;Кобринская улица;53.858807;27.525378
Кобрынская вуліца;11;Кобринская улица;53.858807;27.525378
Кобрынская вуліца;26;Кобринская улица;53.858807;27.525378
Кобрынская вуліца;17;Кобринская улица;53.858807;27.525378
Кобрынская вуліца;22;Кобринская улица;53.858807;27.525378
Кобрынская вуліца;13;Кобринская улица;53.858807;27.525378
Кобрынская вуліца;28;Кобринская улица;53.858807;27.525378
Кобрынская вуліца;30;Кобринская улица;53.858807;27.525378
Кобрынская вуліца;9;Кобринская улица;53.858807;27.525378
Кобрынская вуліца;32;Кобринская улица;53.858807;27.525378
Кобрынская вуліца;7;Кобринская улица;53.858807;27.525378
Кобрынская вуліца;10;Кобринская улица;53.858807;27.525378
Кобрынская вуліца;21;Кобринская улица;53.858807;27.525378
Кобрынская вуліца;25;Кобринская улица;53.858807;27.525378
Кобрынская вуліца;4;Кобринская улица;53.858807;27.525378
Кобрынская вуліца;23;Кобринская улица;53.858807;27.525378
Кобрынская вуліца;6;Кобринская улица;53.858807;27.525378
Кобрынская вуліца;3;Кобринская улица;53.858807;27.525378
Кобрынская вуліца;16;Кобринская улица;53.858807;27.525378
Кобрынская вуліца;18;Кобринская улица;53.858807;27.525378
Кобрынская вуліца;20;Кобринская улица;53.858807;27.525378
Кобрынская вуліца;15;Кобринская улица;53.858807;27.525378
Кобрынская вуліца;12;Кобринская улица;53.858807;27.525378
Козыраўская вуліца;33;Козыревская улица;53.8712041;27.5657702
Козыраўская вуліца;78;Козыревская улица;53.8712041;27.5657702
Козыраўская вуліца;74;Козыревская улица;53.8712041;27.5657702
Козыраўская вуліца;6;Козыревская улица;53.8712041;27.5657702
Козыраўская вуліца;10;Козыревская улица;53.8712041;27.5657702
Козыраўская вуліца;41;Козыревская улица;53.8712041;27.5657702
Крайняя вуліца;1А;Крайняя улица;53.8769666;27.5771925
Крывіцкая вуліца;1;Кривичская улица;53.9645613;27.5887603
Крывіцкая вуліца;2;Кривичская улица;53.9645613;27.5887603
Крывіцкая вуліца;54;Кривичская улица;53.9645613;27.5887603
Крыжоўскай вуліца;8;Крыжовская улица;53.935871;27.439782
Крынічная вуліца;11;Родниковая улица;54.2940087;26.8784889
Крынічная вуліца;12;Родниковая улица;54.2940087;26.8784889
Крынічная вуліца;10;Родниковая улица;54.2940087;26.8784889
Крынічная вуліца;3;Родниковая улица;54.2940087;26.8784889
Крынічная вуліца;4В;Родниковая улица;54.2940087;26.8784889
Крынічная вуліца;5А;Родниковая улица;54.2940087;26.8784889
Крынічная вуліца;4А;Родниковая улица;54.2940087;26.8784889
Крынічная вуліца;1;Родниковая улица;54.2940087;26.8784889
Крынічная вуліца;9;Родниковая улица;54.2940087;26.8784889
Крынічная вуліца;8;Родниковая улица;54.2940087;26.8784889
Крынічная вуліца;5А/1;Родниковая улица;54.2940087;26.8784889
Крынічная вуліца;4;Родниковая улица;54.2940087;26.8784889
Крынічная вуліца;4Б;Родниковая улица;54.2940087;26.8784889
Крынічная вуліца;5;Родниковая улица;54.2940087;26.8784889
Крынічная вуліца;5Б;Родниковая улица;54.2940087;26.8784889
Кубанская вуліца;26;Кубанская улица;53.902463;27.6271547
Кубанская вуліца;14;Кубанская улица;53.902463;27.6271547
Кубанская вуліца;25;Кубанская улица;53.902463;27.6271547
Кубанская вуліца;8;Кубанская улица;53.902463;27.6271547
Кубанская вуліца;3;Кубанская улица;53.902463;27.6271547
Кубанская вуліца;4;Кубанская улица;53.902463;27.6271547
Кубанская вуліца;2;Кубанская улица;53.902463;27.6271547
Кубанская вуліца;14А;Кубанская улица;53.902463;27.6271547
Кубанская вуліца;14А к1;Кубанская улица;53.902463;27.6271547
Кубанская вуліца;22;Кубанская улица;53.902463;27.6271547
Кубанская вуліца;24;Кубанская улица;53.902463;27.6271547
Кубанская вуліца;12;Кубанская улица;53.902463;27.6271547
Кубанская вуліца;16;Кубанская улица;53.902463;27.6271547
Кубанская вуліца;20;Кубанская улица;53.902463;27.6271547
Кубанская вуліца;18;Кубанская улица;53.902463;27.6271547
Кубанская вуліца;9;Кубанская улица;53.902463;27.6271547
Кубанская вуліца;17;Кубанская улица;53.902463;27.6271547
Кубанская вуліца;23;Кубанская улица;53.902463;27.6271547
Кубанская вуліца;11;Кубанская улица;53.902463;27.6271547
Кубанская вуліца;19;Кубанская улица;53.902463;27.6271547
Кубанская вуліца;21;Кубанская улица;53.902463;27.6271547
Кубанская вуліца;7;Кубанская улица;53.902463;27.6271547
Кубанская вуліца;23А;Кубанская улица;53.902463;27.6271547
Кубанская вуліца;10;Кубанская улица;53.902463;27.6271547
Кубанская вуліца;19А;Кубанская улица;53.902463;27.6271547
Кубанская вуліца;15;Кубанская улица;53.902463;27.6271547
Курганная вуліца;46037;Курганная улица;53.8527099;27.4654446
Курганная вуліца;2;Курганная улица;53.8527099;27.4654446
Лагойская вуліца;5А;Логойская улица;54.2345328;28.481857
Лагойская вуліца;20;Логойская улица;54.2345328;28.481857
Лагойская вуліца;14;Логойская улица;54.2345328;28.481857
Лагойская вуліца;12;Логойская улица;54.2345328;28.481857
Лагойская вуліца;10;Логойская улица;54.2345328;28.481857
Лагойскі тракт;29;Логойский тракт;53.9440191;27.6104589
Лагойскі тракт;27;Логойский тракт;53.9440191;27.6104589
Лагойскі тракт;35;Логойский тракт;53.9440191;27.6104589
Лагойскі тракт;10;Логойский тракт;53.9440191;27.6104589
Лагойскі тракт;46;Логойский тракт;53.9440191;27.6104589
Лагойскі тракт;37;Логойский тракт;53.9440191;27.6104589
Лагойскі тракт;1А;Логойский тракт;53.9440191;27.6104589
Лагойскі тракт;46037;Логойский тракт;53.9440191;27.6104589
Лагойскі тракт;25 к1;Логойский тракт;53.9440191;27.6104589
Лагойскі тракт;32 к1;Логойский тракт;53.9440191;27.6104589
Лагойскі тракт;49;Логойский тракт;53.9440191;27.6104589
Лагойскі тракт;46043;Логойский тракт;53.9440191;27.6104589
Лагойскі тракт;30 к4;Логойский тракт;53.9440191;27.6104589
Лагойскі тракт;31;Логойский тракт;53.9440191;27.6104589
Лагойскі тракт;22 к2А;Логойский тракт;53.9440191;27.6104589
Лагойскі тракт;7;Логойский тракт;53.9440191;27.6104589
Лагойскі тракт;19 к1;Логойский тракт;53.9440191;27.6104589
Лагойскі тракт;1;Логойский тракт;53.9440191;27.6104589
Лагойскі тракт;22А к2;Логойский тракт;53.9440191;27.6104589
Лагойскі тракт;22А к1;Логойский тракт;53.9440191;27.6104589
Лагойскі тракт;22;Логойский тракт;53.9440191;27.6104589
Лагойскі тракт;29А;Логойский тракт;53.9440191;27.6104589
Лагойскі тракт;36;Логойский тракт;53.9440191;27.6104589
Лагойскі тракт;46068;Логойский тракт;53.9440191;27.6104589
Лагойскі тракт;31А;Логойский тракт;53.9440191;27.6104589
Лагойскі тракт;21;Логойский тракт;53.9440191;27.6104589
Лагойскі тракт;22А;Логойский тракт;53.9440191;27.6104589
Лагойскі тракт;34 к1;Логойский тракт;53.9440191;27.6104589
Лагойскі тракт;19;Логойский тракт;53.9440191;27.6104589
Лагойскі тракт;20;Логойский тракт;53.9440191;27.6104589
Лагойскі тракт;15/1 пом. 2Н;Логойский тракт;53.9440191;27.6104589
Лагойскі тракт;2;Логойский тракт;53.9440191;27.6104589
Лагойскі тракт;4;Логойский тракт;53.9440191;27.6104589
Лагойскі тракт;136;Логойский тракт;53.9440191;27.6104589
Лагойскі тракт;39;Логойский тракт;53.9440191;27.6104589
Лапаровіцкая вуліца;8;Лапоровичская улица;53.965552;27.5054352
Лапаровіцкая вуліца;6;Лапоровичская улица;53.965552;27.5054352
Лапаровіцкая вуліца;2;Лапоровичская улица;53.965552;27.5054352
Лапаровіцкая вуліца;1;Лапоровичская улица;53.965552;27.5054352
Лапаровіцкая вуліца;7;Лапоровичская улица;53.965552;27.5054352
Лапаровіцкая вуліца;9;Лапоровичская улица;53.965552;27.5054352
Лапаровіцкая вуліца;11;Лапоровичская улица;53.965552;27.5054352
Лапаровіцкая вуліца;5;Лапоровичская улица;53.965552;27.5054352
Лапаровіцкая вуліца;3;Лапоровичская улица;53.965552;27.5054352
Лапаровіцкая вуліца;4;Лапоровичская улица;53.965552;27.5054352
Лапаровіцкая вуліца;10;Лапоровичская улица;53.965552;27.5054352
Лапаровіцкая вуліца;12;Лапоровичская улица;53.965552;27.5054352
Ленінградская вуліца;16;Ленинградская улица;53.8951278;27.5511182
Ленінградская вуліца;18;Ленинградская улица;53.8951278;27.5511182
Ленінградская вуліца;1А;Ленинградская улица;53.8951278;27.5511182
Ленінградская вуліца;10;Ленинградская улица;53.8951278;27.5511182
Ленінградская вуліца;14;Ленинградская улица;53.8951278;27.5511182
Ленінградская вуліца;5;Ленинградская улица;53.8951278;27.5511182
Ленінградская вуліца;20;Ленинградская улица;53.8951278;27.5511182
Ленінградская вуліца;8;Ленинградская улица;53.8951278;27.5511182
Летняя вуліца;9;Летняя улица;53.8758134;27.6799481
Летняя вуліца;10;Летняя улица;53.8758134;27.6799481
Летняя вуліца;14;Летняя улица;53.8758134;27.6799481
Летняя вуліца;16;Летняя улица;53.8758134;27.6799481
Летняя вуліца;20;Летняя улица;53.8758134;27.6799481
Летняя вуліца;27;Летняя улица;53.8758134;27.6799481
Летняя вуліца;30;Летняя улица;53.8758134;27.6799481
Лібава-Роменская вуліца;45;Либаво-Роменская улица;53.8734777;27.5624885
Лібава-Роменская вуліца;25;Либаво-Роменская улица;53.8734777;27.5624885
Лібава-Роменская вуліца;23;Либаво-Роменская улица;53.8734777;27.5624885
Лібава-Роменская вуліца;27А;Либаво-Роменская улица;53.8734777;27.5624885
Лібава-Роменская вуліца;29;Либаво-Роменская улица;53.8734777;27.5624885
Лібава-Роменская вуліца;37;Либаво-Роменская улица;53.8734777;27.5624885
Лібава-Роменская вуліца;8;Либаво-Роменская улица;53.8734777;27.5624885
Лібава-Роменская вуліца;29А;Либаво-Роменская улица;53.8734777;27.5624885
Лідская вуліца;14;Лидская улица;53.9228256;27.4242371
Лідская вуліца;22;Лидская улица;53.9228256;27.4242371
Лідская вуліца;12;Лидская улица;53.9228256;27.4242371
Лідская вуліца;3;Лидская улица;53.9228256;27.4242371
Лідская вуліца;8;Лидская улица;53.9228256;27.4242371
Лідская вуліца;16;Лидская улица;53.9228256;27.4242371
Лідская вуліца;6;Лидская улица;53.9228256;27.4242371
Лідская вуліца;4;Лидская улица;53.9228256;27.4242371
Лідская вуліца;2;Лидская улица;53.9228256;27.4242371
Лідская вуліца;24;Лидская улица;53.9228256;27.4242371
Лінейная вуліца;8А;Линейная улица;53.9416162;27.4327481
Лінейная вуліца;2 к9;Линейная улица;53.9416162;27.4327481
Лінейная вуліца;27;Линейная улица;53.9416162;27.4327481
Лінейная вуліца;1;Линейная улица;53.9416162;27.4327481
Лінейная вуліца;4;Линейная улица;53.9416162;27.4327481
Лінейная вуліца;8;Линейная улица;53.9416162;27.4327481
Лінейная вуліца;8Б;Линейная улица;53.9416162;27.4327481
Лінейная вуліца;12;Линейная улица;53.9416162;27.4327481
Лінейная вуліца;5;Линейная улица;53.9416162;27.4327481
Лінейная вуліца;18;Линейная улица;53.9416162;27.4327481
Лінейная вуліца;16;Линейная улица;53.9416162;27.4327481
Лінейная вуліца;17А;Линейная улица;53.9416162;27.4327481
Лінейная вуліца;4А;Линейная улица;53.9416162;27.4327481
Лінейная вуліца;19;Линейная улица;53.9416162;27.4327481
Лінейная вуліца;14А;Линейная улица;53.9416162;27.4327481
Лінейная вуліца;11;Линейная улица;53.9416162;27.4327481
Лінейная вуліца;19А;Линейная улица;53.9416162;27.4327481
Лінейная вуліца;15А;Линейная улица;53.9416162;27.4327481
Лінейная вуліца;24;Линейная улица;53.9416162;27.4327481
Лінейная вуліца;22;Линейная улица;53.9416162;27.4327481
Лінейная вуліца;25;Линейная улица;53.9416162;27.4327481
Лінейная вуліца;15;Линейная улица;53.9416162;27.4327481
Лінейны завулак;2;Линейный переулок;53.8883298;27.5466645
Лінейны завулак;3;Линейный переулок;53.8883298;27.5466645
Ліпавая вуліца;1;Липовая улица;53.9698783;27.575268
Ліпавая вуліца;2;Липовая улица;53.9698783;27.575268
Ліпавая вуліца;39А;Липовая улица;53.9698783;27.575268
Ліпавая вуліца;44А;Липовая улица;53.9698783;27.575268
Ліпкаўская вуліца;4;Липковская улица;53.9170775;27.6887072
Ліпкаўская вуліца;2А;Липковская улица;53.9170775;27.6887072
Ліпкаўская вуліца;2В;Липковская улица;53.9170775;27.6887072
Ліпкаўская вуліца;6;Липковская улица;53.9170775;27.6887072
Ліпкаўская вуліца;46299;Липковская улица;53.9170775;27.6887072
Ліпкаўская вуліца;46040;Липковская улица;53.9170775;27.6887072
Ліпкаўская вуліца;16;Липковская улица;53.9170775;27.6887072
Ліпкаўская вуліца;2;Липковская улица;53.9170775;27.6887072
Ліпкаўскі завулак;12;Липковский переулок;53.9178188;27.6964646
Літаратурная вуліца;16;Литературная улица;53.9429943;27.5969427
Літаратурная вуліца;21;Литературная улица;53.9429943;27.5969427
Літаратурная вуліца;49;Литературная улица;53.9429943;27.5969427
Літаратурная вуліца;11;Литературная улица;53.9429943;27.5969427
Літаратурная вуліца;13;Литературная улица;53.9429943;27.5969427
Літаратурная вуліца;15;Литературная улица;53.9429943;27.5969427
Літаратурны завулак;3;Литературный переулок;53.9432873;27.5963995
Літаратурны завулак;4;Литературный переулок;53.9432873;27.5963995
Ложынская вуліца;22;Ложинская улица;53.9518541;27.6825774
Ложынская вуліца;9;Ложинская улица;53.9518541;27.6825774
Ложынская вуліца;14 к1;Ложинская улица;53.9518541;27.6825774
Ложынская вуліца;14;Ложинская улица;53.9518541;27.6825774
Ложынская вуліца;4;Ложинская улица;53.9518541;27.6825774
Ложынская вуліца;21;Ложинская улица;53.9518541;27.6825774
Ложынская вуліца;23А;Ложинская улица;53.9518541;27.6825774
Ложынская вуліца;6;Ложинская улица;53.9518541;27.6825774
Ложынская вуліца;20;Ложинская улица;53.9518541;27.6825774
Ложынская вуліца;23;Ложинская улица;53.9518541;27.6825774
Ложынская вуліца;16;Ложинская улица;53.9518541;27.6825774
Ложынская вуліца;46064;Ложинская улица;53.9518541;27.6825774
Ложынская вуліца;46033;Ложинская улица;53.9518541;27.6825774
Ложынская вуліца;11/!;Ложинская улица;53.9518541;27.6825774
Лугавая вуліца;29;Луговая улица;53.881448;27.5712697
Лугавая вуліца;11;Луговая улица;53.881448;27.5712697
Лугавая вуліца;3;Луговая улица;53.881448;27.5712697
Лугавая вуліца;27;Луговая улица;53.881448;27.5712697
Лугавая вуліца;19;Луговая улица;53.881448;27.5712697
Лугавая вуліца;21А;Луговая улица;53.881448;27.5712697
Лугавая вуліца;25;Луговая улица;53.881448;27.5712697
Лугавая вуліца;36;Луговая улица;53.881448;27.5712697
Лугавая вуліца;5;Луговая улица;53.881448;27.5712697
Лугавая вуліца;17;Луговая улица;53.881448;27.5712697
Лугавая вуліца;9;Луговая улица;53.881448;27.5712697
Лугавая вуліца;52;Луговая улица;53.881448;27.5712697
Лугавая вуліца;40;Луговая улица;53.881448;27.5712697
Лугавая вуліца;47;Луговая улица;53.881448;27.5712697
Лугавая вуліца;45;Луговая улица;53.881448;27.5712697
Лугавая вуліца;33;Луговая улица;53.881448;27.5712697
Лугавая вуліца;44;Луговая улица;53.881448;27.5712697
Лугавая вуліца;14;Луговая улица;53.881448;27.5712697
Лугавая вуліца;10;Луговая улица;53.881448;27.5712697
Лугавая вуліца;12;Луговая улица;53.881448;27.5712697
Лугавая вуліца;16;Луговая улица;53.881448;27.5712697
Лугавая вуліца;8;Луговая улица;53.881448;27.5712697
Лугавая вуліца;13;Луговая улица;53.881448;27.5712697
Лугавая вуліца;7;Луговая улица;53.881448;27.5712697
Лугавая вуліца;15;Луговая улица;53.881448;27.5712697
Лугавая вуліца;6;Луговая улица;53.881448;27.5712697
Лугавая вуліца;4;Луговая улица;53.881448;27.5712697
Лугавая вуліца;2;Луговая улица;53.881448;27.5712697
Лугавая вуліца;1;Луговая улица;53.881448;27.5712697
Лугавая вуліца;46;Луговая улица;53.881448;27.5712697
Лучайская вуліца;18;Лучайская улица;53.9549963;27.5876883
Лучайская вуліца;36;Лучайская улица;53.9549963;27.5876883
Люцынская вуліца;9;Люцинская улица;53.9353051;27.4329136
Люцынская вуліца;17;Люцинская улица;53.9353051;27.4329136
Люцынская вуліца;4;Люцинская улица;53.9353051;27.4329136
Люцынская вуліца;3;Люцинская улица;53.9353051;27.4329136
Люцынская вуліца;33;Люцинская улица;53.9353051;27.4329136
Люцынская вуліца;13;Люцинская улица;53.9353051;27.4329136
Люцынская вуліца;29;Люцинская улица;53.9353051;27.4329136
Люцынская вуліца;27;Люцинская улица;53.9353051;27.4329136
Люцынская вуліца;25;Люцинская улица;53.9353051;27.4329136
Люцынская вуліца;23;Люцинская улица;53.9353051;27.4329136
Люцынская вуліца;11;Люцинская улица;53.9353051;27.4329136
Люцынская вуліца;7;Люцинская улица;53.9353051;27.4329136
Люцынская вуліца;21;Люцинская улица;53.9353051;27.4329136
Люцынская вуліца;31;Люцинская улица;53.9353051;27.4329136
Люцынская вуліца;30;Люцинская улица;53.9353051;27.4329136
Люцынская вуліца;14;Люцинская улица;53.9353051;27.4329136
Люцынская вуліца;16;Люцинская улица;53.9353051;27.4329136
Люцынская вуліца;18;Люцинская улица;53.9353051;27.4329136
Люцынская вуліца;12;Люцинская улица;53.9353051;27.4329136
Люцынская вуліца;10;Люцинская улица;53.9353051;27.4329136
Люцынская вуліца;15;Люцинская улица;53.9353051;27.4329136
Люцынская вуліца;1;Люцинская улица;53.9353051;27.4329136
Лясная вуліца;17А;Лесная улица;53.9516725;27.6745725
Лясная вуліца;27;Лесная улица;53.9516725;27.6745725
Лясная вуліца;25;Лесная улица;53.9516725;27.6745725
Лясная вуліца;6;Лесная улица;53.9516725;27.6745725
Лясная вуліца;1А;Лесная улица;53.9516725;27.6745725
Лясная вуліца;2;Лесная улица;53.9516725;27.6745725
Лясная вуліца;5;Лесная улица;53.9516725;27.6745725
Лясная вуліца;13;Лесная улица;53.9516725;27.6745725
Лясная вуліца;7;Лесная улица;53.9516725;27.6745725
Лясная вуліца;1;Лесная улица;53.9516725;27.6745725
Лясная вуліца;15;Лесная улица;53.9516725;27.6745725
Лясная вуліца;17;Лесная улица;53.9516725;27.6745725
Лясная вуліца;9;Лесная улица;53.9516725;27.6745725
Лясная вуліца;8;Лесная улица;53.9516725;27.6745725
Лясная вуліца;16;Лесная улица;53.9516725;27.6745725
Лясная вуліца;10;Лесная улица;53.9516725;27.6745725
Лясная вуліца;11;Лесная улица;53.9516725;27.6745725
Лясная вуліца;30;Лесная улица;53.9516725;27.6745725
Лясная вуліца;34;Лесная улица;53.9516725;27.6745725
Лясная вуліца;32;Лесная улица;53.9516725;27.6745725
Лясная вуліца;23;Лесная улица;53.9516725;27.6745725
Лясная вуліца;28;Лесная улица;53.9516725;27.6745725
Лясная вуліца;21;Лесная улица;53.9516725;27.6745725
Лясная вуліца;36;Лесная улица;53.9516725;27.6745725
Лясная вуліца;19;Лесная улица;53.9516725;27.6745725
Лясная вуліца;22;Лесная улица;53.9516725;27.6745725
Лясная вуліца;24;Лесная улица;53.9516725;27.6745725
Лясная вуліца;33;Лесная улица;53.9516725;27.6745725
Лясная вуліца;41;Лесная улица;53.9516725;27.6745725
Лясная вуліца;37;Лесная улица;53.9516725;27.6745725
Лясная вуліца;31;Лесная улица;53.9516725;27.6745725
Лясная вуліца;44;Лесная улица;53.9516725;27.6745725
Лясная вуліца;40;Лесная улица;53.9516725;27.6745725
Лясная вуліца;35;Лесная улица;53.9516725;27.6745725
Лясная вуліца;39;Лесная улица;53.9516725;27.6745725
Лясная вуліца;4А;Лесная улица;53.9516725;27.6745725
Лясная вуліца;15А;Лесная улица;53.9516725;27.6745725
Лясны завулак;4;Лесная аллея;53.9533714;27.6704585
Лясны завулак;15;Лесная аллея;53.9533714;27.6704585
Лясны завулак;17;Лесная аллея;53.9533714;27.6704585
Лясны завулак;7;Лесная аллея;53.9533714;27.6704585
Лясны завулак;19;Лесная аллея;53.9533714;27.6704585
Лясны завулак;9;Лесная аллея;53.9533714;27.6704585
Лясны завулак;11;Лесная аллея;53.9533714;27.6704585
Лясны завулак;1;Лесная аллея;53.9533714;27.6704585
Лясны завулак;3;Лесная аллея;53.9533714;27.6704585
Лясны завулак;10;Лесная аллея;53.9533714;27.6704585
Магілёўская вуліца;12;Могилевская улица;53.8834104;27.538662
Магілёўская вуліца;5Б;Могилевская улица;53.8834104;27.538662
Магілёўская вуліца;4А;Могилевская улица;53.8834104;27.538662
Магілёўская вуліца;2 к2;Могилевская улица;53.8834104;27.538662
Магілёўская вуліца;2 к1;Могилевская улица;53.8834104;27.538662
Магілёўская вуліца;33;Могилевская улица;53.8834104;27.538662
Магілёўская вуліца;39а;Могилевская улица;53.8834104;27.538662
Магілёўская вуліца;5;Могилевская улица;53.8834104;27.538662
Магілёўская вуліца;45 к4;Могилевская улица;53.8834104;27.538662
Магілёўская вуліца;46027;Могилевская улица;53.8834104;27.538662
Магілёўская вуліца;18;Могилевская улица;53.8834104;27.538662
Магілёўская вуліца;12А;Могилевская улица;53.8834104;27.538662
Магілёўская вуліца;14;Могилевская улица;53.8834104;27.538662
Магілёўская вуліца;46087;Могилевская улица;53.8834104;27.538662
Магілёўская вуліца;4 к4;Могилевская улица;53.8834104;27.538662
Магілёўская вуліца;46024;Могилевская улица;53.8834104;27.538662
Магілёўская вуліца;39Б;Могилевская улица;53.8834104;27.538662
Магілёўская вуліца;41;Могилевская улица;53.8834104;27.538662
Магілёўская вуліца;37;Могилевская улица;53.8834104;27.538662
Магілёўская вуліца;18 оф6;Могилевская улица;53.8834104;27.538662
Магілёўская вуліца;1;Могилевская улица;53.8834104;27.538662
Магілёўская вуліца;46026;Могилевская улица;53.8834104;27.538662
Магілёўская вуліца;7;Могилевская улица;53.8834104;27.538662
Магілёўская вуліца;39;Могилевская улица;53.8834104;27.538662
Магілёўская вуліца;43;Могилевская улица;53.8834104;27.538662
Магілёўская вуліца;45 к3;Могилевская улица;53.8834104;27.538662
Магілёўская вуліца;30;Могилевская улица;53.8834104;27.538662
Магілёўская вуліца;28;Могилевская улица;53.8834104;27.538662
Магілёўская вуліца;26;Могилевская улица;53.8834104;27.538662
Магілёўская вуліца;36;Могилевская улица;53.8834104;27.538662
Магілёўская вуліца;20;Могилевская улица;53.8834104;27.538662
Магілёўская вуліца;32;Могилевская улица;53.8834104;27.538662
Магілёўская вуліца;34 к2;Могилевская улица;53.8834104;27.538662
Магілёўская вуліца;16;Могилевская улица;53.8834104;27.538662
Магілёўская вуліца;8 к3;Могилевская улица;53.8834104;27.538662
Магілёўская вуліца;16 к5;Могилевская улица;53.8834104;27.538662
Магілёўская вуліца;8 к1;Могилевская улица;53.8834104;27.538662
Магілёўская вуліца;6 к1;Могилевская улица;53.8834104;27.538662
Магілёўская вуліца;8 к2;Могилевская улица;53.8834104;27.538662
Магілёўская вуліца;84;Могилевская улица;53.8834104;27.538662
Магілёўская вуліца;35;Могилевская улица;53.8834104;27.538662
Магілёўская вуліца;62;Могилевская улица;53.8834104;27.538662
Магілёўская вуліца;60;Могилевская улица;53.8834104;27.538662
Магілёўская вуліца;54;Могилевская улица;53.8834104;27.538662
Магілёўская вуліца;68;Могилевская улица;53.8834104;27.538662
Магілёўская вуліца;9;Могилевская улица;53.8834104;27.538662
Магілёўская вуліца;45 к1;Могилевская улица;53.8834104;27.538662
Магілёўская вуліца;3;Могилевская улица;53.8834104;27.538662
Магілёўская вуліца;82;Могилевская улица;53.8834104;27.538662
Магілёўская вуліца;46;Могилевская улица;53.8834104;27.538662
Магілёўская вуліца;4В;Могилевская улица;53.8834104;27.538662
Магілёўская вуліца;24;Могилевская улица;53.8834104;27.538662
Магілёўская вуліца;2 к3;Могилевская улица;53.8834104;27.538662
Магістральная вуліца;3;Магистральная улица;53.8445429;27.6695014
Магістральная вуліца;1;Магистральная улица;53.8445429;27.6695014
Магістральная вуліца;10;Магистральная улица;53.8445429;27.6695014
Магістральная вуліца;8;Магистральная улица;53.8445429;27.6695014
Магістральная вуліца;2;Магистральная улица;53.8445429;27.6695014
Магістральная вуліца;4;Магистральная улица;53.8445429;27.6695014
Магістральная вуліца;11;Магистральная улица;53.8445429;27.6695014
Магістральная вуліца;9;Магистральная улица;53.8445429;27.6695014
Магістральная вуліца;5;Магистральная улица;53.8445429;27.6695014
Магістральная вуліца;7;Магистральная улица;53.8445429;27.6695014
Магістральная вуліца;6;Магистральная улица;53.8445429;27.6695014
Магнітная вуліца;31;Магнитная улица;53.8689692;27.6776828
Магнітная вуліца;15;Магнитная улица;53.8689692;27.6776828
Магнітная вуліца;16;Магнитная улица;53.8689692;27.6776828
Магнітная вуліца;28;Магнитная улица;53.8689692;27.6776828
Магнітная вуліца;3;Магнитная улица;53.8689692;27.6776828
Магнітны завулак;1;Магнитный переулок;53.8688191;27.6757729
Магнітны завулак;11;Магнитный переулок;53.8688191;27.6757729
Магнітны завулак;13;Магнитный переулок;53.8688191;27.6757729
Магнітны завулак;14;Магнитный переулок;53.8688191;27.6757729
Магнітны завулак;12;Магнитный переулок;53.8688191;27.6757729
Магнітны завулак;2;Магнитный переулок;53.8688191;27.6757729
Мазырскі праезд;12;Мозырский проезд;53.9328769;27.5511455
Мазырскі праезд;15;Мозырский проезд;53.9328769;27.5511455
Майская вуліца;6;Майская улица;52.7476367;27.4512485
Майская вуліца;4;Майская улица;52.7476367;27.4512485
Майская вуліца;5;Майская улица;52.7476367;27.4512485
Майскі завулак;5;Майский переулок;53.0112899;27.5324757
Майскі завулак;1;Майский переулок;53.0112899;27.5324757
Майскі завулак;7;Майский переулок;53.0112899;27.5324757
Майскі завулак;3;Майский переулок;53.0112899;27.5324757
Маладзёжная вуліца;1;Молодежная улица;54.2391602;28.4862011
Маладзёжная вуліца;3;Молодежная улица;54.2391602;28.4862011
Маладзёжная вуліца;4;Молодежная улица;54.2391602;28.4862011
Маладзёжная вуліца;28;Молодежная улица;54.2391602;28.4862011
Маладзёжная вуліца;18;Молодежная улица;54.2391602;28.4862011
Маладзёжная вуліца;19;Молодежная улица;54.2391602;28.4862011
Маладзёжная вуліца;12;Молодежная улица;54.2391602;28.4862011
Маладзёжная вуліца;11;Молодежная улица;54.2391602;28.4862011
Маладзёжная вуліца;5;Молодежная улица;54.2391602;28.4862011
Маладзёжная вуліца;25А;Молодежная улица;54.2391602;28.4862011
Маладзёжная вуліца;34;Молодежная улица;54.2391602;28.4862011
Маладзёжная вуліца;29;Молодежная улица;54.2391602;28.4862011
Маладзёжная вуліца;9;Молодежная улица;54.2391602;28.4862011
Маладзёжная вуліца;16;Молодежная улица;54.2391602;28.4862011
Маладзёжная вуліца;36;Молодежная улица;54.2391602;28.4862011
Маладзёжная вуліца;2;Молодежная улица;54.2391602;28.4862011
Маладзёжная вуліца;6;Молодежная улица;54.2391602;28.4862011
Маладзёжная вуліца;7;Молодежная улица;54.2391602;28.4862011
Маладзёжная вуліца;8;Молодежная улица;54.2391602;28.4862011
Маладзёжная вуліца;30;Молодежная улица;54.2391602;28.4862011
Маладзёжная вуліца;26;Молодежная улица;54.2391602;28.4862011
Маладзёжная вуліца;20;Молодежная улица;54.2391602;28.4862011
Маладзёжная вуліца;22;Молодежная улица;54.2391602;28.4862011
Маладзёжная вуліца;24;Молодежная улица;54.2391602;28.4862011
Маладзёжная вуліца;14;Молодежная улица;54.2391602;28.4862011
Маладзёжная вуліца;13;Молодежная улица;54.2391602;28.4862011
Маладзёжная вуліца;15;Молодежная улица;54.2391602;28.4862011
Маладзёжная вуліца;17;Молодежная улица;54.2391602;28.4862011
Маладзёжная вуліца;1А;Молодежная улица;54.2391602;28.4862011
Маладзёжная вуліца;1Б;Молодежная улица;54.2391602;28.4862011
Маладзёжная вуліца;37;Молодежная улица;54.2391602;28.4862011
Маладзечанская вуліца;4;Молодеченская улица;54.3306809;26.8826251
Маладзечанская вуліца;11;Молодеченская улица;54.3306809;26.8826251
Малая вуліца;10;Малая улица;53.873252;27.5163278
Малінавая вуліца;22;Малиновая улица;53.5115522;28.1587539
Малінавая вуліца;26;Малиновая улица;53.5115522;28.1587539
Малінавая вуліца;39;Малиновая улица;53.5115522;28.1587539
Малінавая вуліца;35;Малиновая улица;53.5115522;28.1587539
Малінавая вуліца;17;Малиновая улица;53.5115522;28.1587539
Малінавая вуліца;21;Малиновая улица;53.5115522;28.1587539
Малінавая вуліца;12;Малиновая улица;53.5115522;28.1587539
Малінавая вуліца;14;Малиновая улица;53.5115522;28.1587539
Малінавая вуліца;18;Малиновая улица;53.5115522;28.1587539
Малінавая вуліца;31;Малиновая улица;53.5115522;28.1587539
Малінавая вуліца;27;Малиновая улица;53.5115522;28.1587539
Малінавая вуліца;23;Малиновая улица;53.5115522;28.1587539
Малінавая вуліца;4;Малиновая улица;53.5115522;28.1587539
Малінавая вуліца;8;Малиновая улица;53.5115522;28.1587539
Малінавая вуліца;13;Малиновая улица;53.5115522;28.1587539
Малінавая вуліца;9;Малиновая улица;53.5115522;28.1587539
Малінавая вуліца;7;Малиновая улица;53.5115522;28.1587539
Малінавая вуліца;3;Малиновая улица;53.5115522;28.1587539
Малочны завулак;4;Молочный переулок;53.8892294;27.5380478
Марʼеўская вуліца;11;Марьевская улица;53.9063117;27.5852664
Маскоўская вуліца;16;Московская улица;53.8825746;27.5364692
Маскоўская вуліца;14;Московская улица;53.8825746;27.5364692
Маскоўская вуліца;17;Московская улица;53.8825746;27.5364692
Маскоўская вуліца;18;Московская улица;53.8825746;27.5364692
Маскоўская вуліца;5;Московская улица;53.8825746;27.5364692
Маскоўская вуліца;7;Московская улица;53.8825746;27.5364692
Маскоўская вуліца;10;Московская улица;53.8825746;27.5364692
Маскоўская вуліца;15;Московская улица;53.8825746;27.5364692
Маскоўская вуліца;15А;Московская улица;53.8825746;27.5364692
Маскоўская вуліца;22;Московская улица;53.8825746;27.5364692
Маскоўская вуліца;9;Московская улица;53.8825746;27.5364692
Маскоўская вуліца;20;Московская улица;53.8825746;27.5364692
Маскоўская вуліца;12;Московская улица;53.8825746;27.5364692
Маскоўская вуліца;1 к2;Московская улица;53.8825746;27.5364692
Маскоўская вуліца;11;Московская улица;53.8825746;27.5364692
Маскоўская вуліца;7А;Московская улица;53.8825746;27.5364692
Маскоўская вуліца;30;Московская улица;53.8825746;27.5364692
Маскоўская вуліца;8;Московская улица;53.8825746;27.5364692
Маскоўская вуліца;18А;Московская улица;53.8825746;27.5364692
Меліяратыўны завулак;2;Мелиоративный переулок;53.9418684;27.593724
Меліяратыўны завулак;34;Мелиоративный переулок;53.9418684;27.593724
Меліяратыўны завулак;6;Мелиоративный переулок;53.9418684;27.593724
Меліяратыўны завулак;8;Мелиоративный переулок;53.9418684;27.593724
Меліяратыўны завулак;53;Мелиоративный переулок;53.9418684;27.593724
Меліярацыйная вуліца;68;Мелиоративная улица;53.941519;27.5915192
Мікалаеўская вуліца;5Г;Николаевская улица;53.9636999;27.5060189
Мінская вуліца;18;Минская улица;53.9517045;27.5149468
Мінская вуліца;22;Минская улица;53.9517045;27.5149468
Мінская вуліца;35;Минская улица;53.9517045;27.5149468
Мінская вуліца;27;Минская улица;53.9517045;27.5149468
Мінская вуліца;9;Минская улица;53.9517045;27.5149468
Мінская вуліца;7;Минская улица;53.9517045;27.5149468
Мінская вуліца;2;Минская улица;53.9517045;27.5149468
Мінская вуліца;1;Минская улица;53.9517045;27.5149468
Мінская вуліца;3;Минская улица;53.9517045;27.5149468
Мінская вуліца;5;Минская улица;53.9517045;27.5149468
Мінская вуліца;2А;Минская улица;53.9517045;27.5149468
Мінская вуліца;19;Минская улица;53.9517045;27.5149468
Мінская вуліца;17;Минская улица;53.9517045;27.5149468
Мінская вуліца;49;Минская улица;53.9517045;27.5149468
Мінская вуліца;41;Минская улица;53.9517045;27.5149468
Мінская вуліца;30;Минская улица;53.9517045;27.5149468
Мірная вуліца;1;Мирная улица;53.9363787;27.5384552
Міхайлаўскі завулак;2;Михайловский переулок;53.8940304;27.5514682
Міхайлаўскі завулак;6;Михайловский переулок;53.8940304;27.5514682
Міхайлаўскі завулак;4;Михайловский переулок;53.8940304;27.5514682
Міхалоўская вуліца;5Л/6;Михайловская улица;53.8752424;27.4726336
Міхалоўская вуліца;4;Михайловская улица;53.8752424;27.4726336
Міхалоўская вуліца;14;Михайловская улица;53.8752424;27.4726336
Міхалоўская вуліца;12;Михайловская улица;53.8752424;27.4726336
Міхалоўская вуліца;16;Михайловская улица;53.8752424;27.4726336
Міхалоўская вуліца;10;Михайловская улица;53.8752424;27.4726336
Міхалоўская вуліца;6;Михайловская улица;53.8752424;27.4726336
Міхалоўская вуліца;2;Михайловская улица;53.8752424;27.4726336
Міхалоўская вуліца;8;Михайловская улица;53.8752424;27.4726336
МКАД;2;МКАД;53.9437461;27.4360629
МКАД;303;МКАД;53.9437461;27.4360629
МКАД, 28-ы кіламетр;32 к4;МКАД, 28-й километр.;;
МКАД, 44-ы кіламетр;53;МКАД, 44-й километр.;;
МКАД, 47-ы кіламетр;301;МКАД, 47-й километр.;;
МКАД, 4-ы кіламетр;11/11-919;МКАД, 4-й километр.;;
МКАД, 4-ы кіламетр;11/11 919;МКАД, 4-й километр.;;
МКАД, 4-ы кіламетр;11;МКАД, 4-й километр.;;
МКАД, 5-ы кіламетр;21;МКАД, 5-й километр.;;
Музычны завулак;5;Музыкальный переулок;53.904702;27.5587833
Музычны завулак;3;Музыкальный переулок;53.904702;27.5587833
Музычны завулак;46054;Музыкальный переулок;53.904702;27.5587833
Музычны завулак;2;Музыкальный переулок;53.904702;27.5587833
Мянькоўскі тракт;46076;Меньковский тракт;53.8544918;27.4305473
Мянькоўскі тракт;8;Меньковский тракт;53.8544918;27.4305473
Мянькоўскі тракт;2;Меньковский тракт;53.8544918;27.4305473
Мянькоўскі тракт;19;Меньковский тракт;53.8544918;27.4305473
Мянькоўскі тракт;23;Меньковский тракт;53.8544918;27.4305473
Мянькоўскі тракт;12;Меньковский тракт;53.8544918;27.4305473
Мянькоўскі тракт;10;Меньковский тракт;53.8544918;27.4305473
Мянькоўскі тракт;19А;Меньковский тракт;53.8544918;27.4305473
Мянькоўскі тракт;19С;Меньковский тракт;53.8544918;27.4305473
Мястраўская вуліца;1;Мястровская улица;53.9366506;27.4731103
Мястраўская вуліца;28;Мястровская улица;53.9366506;27.4731103
Мястраўская вуліца;1А;Мястровская улица;53.9366506;27.4731103
Мястраўская вуліца;1Б;Мястровская улица;53.9366506;27.4731103
Набярэжная вуліца;48А;Набережная улица;53.9318646;27.5367519
Набярэжная вуліца;78;Набережная улица;53.9318646;27.5367519
Набярэжная вуліца;54 к2;Набережная улица;53.9318646;27.5367519
Набярэжная вуліца;68А;Набережная улица;53.9318646;27.5367519
Набярэжная вуліца;84;Набережная улица;53.9318646;27.5367519
Набярэжная вуліца;82;Набережная улица;53.9318646;27.5367519
Набярэжная вуліца;76;Набережная улица;53.9318646;27.5367519
Набярэжная вуліца;68;Набережная улица;53.9318646;27.5367519
Набярэжная вуліца;70;Набережная улица;53.9318646;27.5367519
Набярэжная вуліца;72;Набережная улица;53.9318646;27.5367519
Набярэжная вуліца;74;Набережная улица;53.9318646;27.5367519
Набярэжная вуліца;62;Набережная улица;53.9318646;27.5367519
Набярэжная вуліца;64;Набережная улица;53.9318646;27.5367519
Набярэжная вуліца;54В к1;Набережная улица;53.9318646;27.5367519
Набярэжная вуліца;56;Набережная улица;53.9318646;27.5367519
Набярэжная вуліца;58;Набережная улица;53.9318646;27.5367519
Набярэжная вуліца;60;Набережная улица;53.9318646;27.5367519
Набярэжная вуліца;57А;Набережная улица;53.9318646;27.5367519
Набярэжная вуліца;49;Набережная улица;53.9318646;27.5367519
Набярэжная вуліца;54Б;Набережная улица;53.9318646;27.5367519
Набярэжная вуліца;46;Набережная улица;53.9318646;27.5367519
Набярэжная вуліца;42;Набережная улица;53.9318646;27.5367519
Набярэжная вуліца;47;Набережная улица;53.9318646;27.5367519
Набярэжная вуліца;48;Набережная улица;53.9318646;27.5367519
Набярэжная вуліца;32;Набережная улица;53.9318646;27.5367519
Набярэжная вуліца;37;Набережная улица;53.9318646;27.5367519
Набярэжная вуліца;31;Набережная улица;53.9318646;27.5367519
Набярэжная вуліца;41;Набережная улица;53.9318646;27.5367519
Набярэжная вуліца;24;Набережная улица;53.9318646;27.5367519
Набярэжная вуліца;8А;Набережная улица;53.9318646;27.5367519
Набярэжная вуліца;20;Набережная улица;53.9318646;27.5367519
Набярэжная вуліца;4;Набережная улица;53.9318646;27.5367519
Набярэжная вуліца;13А;Набережная улица;53.9318646;27.5367519
Набярэжная вуліца;17;Набережная улица;53.9318646;27.5367519
Набярэжная вуліца;7;Набережная улица;53.9318646;27.5367519
Набярэжная вуліца;3А;Набережная улица;53.9318646;27.5367519
Набярэжная вуліца;19;Набережная улица;53.9318646;27.5367519
Набярэжная вуліца;6А;Набережная улица;53.9318646;27.5367519
Набярэжная вуліца;10;Набережная улица;53.9318646;27.5367519
Набярэжная вуліца;53;Набережная улица;53.9318646;27.5367519
Набярэжная вуліца;55Б;Набережная улица;53.9318646;27.5367519
Набярэжная вуліца;55Б к1;Набережная улица;53.9318646;27.5367519
Набярэжная вуліца;55Б/2;Набережная улица;53.9318646;27.5367519
Набярэжная вуліца;59;Набережная улица;53.9318646;27.5367519
Нававіленская вуліца;6;Нововиленская улица;53.94571;27.523353
Нававіленская вуліца;1;Нововиленская улица;53.94571;27.523353
Нававіленская вуліца;19;Нововиленская улица;53.94571;27.523353
Нававіленская вуліца;60;Нововиленская улица;53.94571;27.523353
Нававіленская вуліца;16;Нововиленская улица;53.94571;27.523353
Нававіленская вуліца;10;Нововиленская улица;53.94571;27.523353
Нававіленская вуліца;47;Нововиленская улица;53.94571;27.523353
Нававіленская вуліца;38;Нововиленская улица;53.94571;27.523353
Нававіленская вуліца;39;Нововиленская улица;53.94571;27.523353
Нававіленская вуліца;57;Нововиленская улица;53.94571;27.523353
Нававіленская вуліца;27;Нововиленская улица;53.94571;27.523353
Нававіленская вуліца;41;Нововиленская улица;53.94571;27.523353
Нававіленская вуліца;45;Нововиленская улица;53.94571;27.523353
Нававіленская вуліца;49;Нововиленская улица;53.94571;27.523353
Нававіленская вуліца;55;Нововиленская улица;53.94571;27.523353
Нававіленская вуліца;51;Нововиленская улица;53.94571;27.523353
Нававіленская вуліца;31;Нововиленская улица;53.94571;27.523353
Нававіленская вуліца;37;Нововиленская улица;53.94571;27.523353
Нававіленская вуліца;29;Нововиленская улица;53.94571;27.523353
Нававіленская вуліца;53;Нововиленская улица;53.94571;27.523353
Нававіленская вуліца;61;Нововиленская улица;53.94571;27.523353
Нававіленская вуліца;44;Нововиленская улица;53.94571;27.523353
Нававіленская вуліца;42;Нововиленская улица;53.94571;27.523353
Нававіленская вуліца;40;Нововиленская улица;53.94571;27.523353
Нававіленская вуліца;48 к1;Нововиленская улица;53.94571;27.523353
Нававіленская вуліца;59;Нововиленская улица;53.94571;27.523353
Навадворскі завулак;40/1;Наводворский переулок;;
Навасельская вуліца;7Б;Новосельская улица;53.0058467;27.5306379
Наватарская вуліца;63;Новаторская улица;53.936341;27.5431406
Наватарская вуліца;55;Новаторская улица;53.936341;27.5431406
Наватарская вуліца;35;Новаторская улица;53.936341;27.5431406
Наватарская вуліца;2А;Новаторская улица;53.936341;27.5431406
Наватарская вуліца;57;Новаторская улица;53.936341;27.5431406
Наватарская вуліца;2А/3;Новаторская улица;53.936341;27.5431406
Наватарская вуліца;33;Новаторская улица;53.936341;27.5431406
Наватарскі праезд;1;Новаторский проезд;53.9362171;27.5572634
Нагорная вуліца;12;Нагорная улица;53.8969407;27.5878462
Нагорная вуліца;10;Нагорная улица;53.8969407;27.5878462
Нагорная вуліца;4;Нагорная улица;53.8969407;27.5878462
Нагорная вуліца;6;Нагорная улица;53.8969407;27.5878462
Нагорная вуліца;14;Нагорная улица;53.8969407;27.5878462
Нагорная вуліца;1;Нагорная улица;53.8969407;27.5878462
Нагорная вуліца;1Б;Нагорная улица;53.8969407;27.5878462
Нагорная вуліца;10А;Нагорная улица;53.8969407;27.5878462
Нагорная вуліца;2;Нагорная улица;53.8969407;27.5878462
Нагорны завулак;8А;Нагорный переулок;53.8954433;27.5833617
Нагорны завулак;1;Нагорный переулок;53.8954433;27.5833617
Нагорны завулак;5;Нагорный переулок;53.8954433;27.5833617
Нагорны завулак;4;Нагорный переулок;53.8954433;27.5833617
Надзеждзінская вуліца;9;Надеждинская улица;53.8836935;27.5652952
Надзеждзінская вуліца;52;Надеждинская улица;53.8836935;27.5652952
Надзеждзінская вуліца;5;Надеждинская улица;53.8836935;27.5652952
Налібоцкая вуліца;31;Налибокская улица;53.9281112;27.4287717
Налібоцкая вуліца;1;Налибокская улица;53.9281112;27.4287717
Налібоцкая вуліца;26;Налибокская улица;53.9281112;27.4287717
Налібоцкая вуліца;28;Налибокская улица;53.9281112;27.4287717
Налібоцкая вуліца;36;Налибокская улица;53.9281112;27.4287717
Налібоцкая вуліца;12;Налибокская улица;53.9281112;27.4287717
Налібоцкая вуліца;32;Налибокская улица;53.9281112;27.4287717
Налібоцкая вуліца;35;Налибокская улица;53.9281112;27.4287717
Налібоцкая вуліца;37;Налибокская улица;53.9281112;27.4287717
Налібоцкая вуліца;40;Налибокская улица;53.9281112;27.4287717
Налібоцкая вуліца;15;Налибокская улица;53.9281112;27.4287717
Налібоцкая вуліца;30;Налибокская улица;53.9281112;27.4287717
Налібоцкая вуліца;42;Налибокская улица;53.9281112;27.4287717
Налібоцкая вуліца;44;Налибокская улица;53.9281112;27.4287717
Налібоцкая вуліца;24;Налибокская улица;53.9281112;27.4287717
Налібоцкая вуліца;46;Налибокская улица;53.9281112;27.4287717
Налібоцкая вуліца;10;Налибокская улица;53.9281112;27.4287717
Налібоцкая вуліца;18;Налибокская улица;53.9281112;27.4287717
Налібоцкая вуліца;14;Налибокская улица;53.9281112;27.4287717
Налібоцкая вуліца;4;Налибокская улица;53.9281112;27.4287717
Налібоцкая вуліца;39;Налибокская улица;53.9281112;27.4287717
Налібоцкая вуліца;22;Налибокская улица;53.9281112;27.4287717
Налібоцкая вуліца;34;Налибокская улица;53.9281112;27.4287717
Налібоцкая вуліца;21;Налибокская улица;53.9281112;27.4287717
Налібоцкая вуліца;6;Налибокская улица;53.9281112;27.4287717
Налібоцкая вуліца;8;Налибокская улица;53.9281112;27.4287717
Нарачанская вуліца;17;Нарочанская улица;53.9370497;27.479266
Нарачанская вуліца;6;Нарочанская улица;53.9370497;27.479266
Нарачанская вуліца;11;Нарочанская улица;53.9370497;27.479266
Нарачанская вуліца;8;Нарочанская улица;53.9370497;27.479266
Народная вуліца;36;Народная улица;53.8758394;27.6110964
Народная вуліца;48;Народная улица;53.8758394;27.6110964
Народная вуліца;26;Народная улица;53.8758394;27.6110964
Народная вуліца;16;Народная улица;53.8758394;27.6110964
Народная вуліца;35;Народная улица;53.8758394;27.6110964
Народная вуліца;31;Народная улица;53.8758394;27.6110964
Народная вуліца;62;Народная улица;53.8758394;27.6110964
Нафтавая вуліца;10;Нефтяная улица;53.8734461;27.5536332
Нафтавая вуліца;2;Нефтяная улица;53.8734461;27.5536332
Нафтавая вуліца;12;Нефтяная улица;53.8734461;27.5536332
Нафтавы завулак;12;Нефтяной переулок;53.8732183;27.5518817
Нафтавы завулак;10;Нефтяной переулок;53.8732183;27.5518817
Нафтавы завулак;5;Нефтяной переулок;53.8732183;27.5518817
Нафтавы завулак;7;Нефтяной переулок;53.8732183;27.5518817
Нафтавы завулак;9;Нефтяной переулок;53.8732183;27.5518817
Нафтавы завулак;13;Нефтяной переулок;53.8732183;27.5518817
Нафтавы завулак;11;Нефтяной переулок;53.8732183;27.5518817
Нафтавы завулак;15;Нефтяной переулок;53.8732183;27.5518817
Нафтавы завулак;20;Нефтяной переулок;53.8732183;27.5518817
Нахіленая вуліца;1;Наклонная улица;53.8851081;27.6532475
Нахіленая вуліца;13;Наклонная улица;53.8851081;27.6532475
Нахіленая вуліца;17;Наклонная улица;53.8851081;27.6532475
Нахіленая вуліца;2;Наклонная улица;53.8851081;27.6532475
Нёманская вуліца;22;Неманская улица;53.9109967;27.4263804
Нёманская вуліца;28;Неманская улица;53.9109967;27.4263804
Нёманская вуліца;31;Неманская улица;53.9109967;27.4263804
Нёманская вуліца;60;Неманская улица;53.9109967;27.4263804
Нёманская вуліца;81;Неманская улица;53.9109967;27.4263804
Нёманская вуліца;36;Неманская улица;53.9109967;27.4263804
Нёманская вуліца;25;Неманская улица;53.9109967;27.4263804
Нёманская вуліца;45;Неманская улица;53.9109967;27.4263804
Нёманская вуліца;46;Неманская улица;53.9109967;27.4263804
Нёманская вуліца;3;Неманская улица;53.9109967;27.4263804
Нёманская вуліца;35;Неманская улица;53.9109967;27.4263804
Нёманская вуліца;67;Неманская улица;53.9109967;27.4263804
Нёманская вуліца;47;Неманская улица;53.9109967;27.4263804
Нёманская вуліца;85;Неманская улица;53.9109967;27.4263804
Нёманская вуліца;2;Неманская улица;53.9109967;27.4263804
Нёманская вуліца;11;Неманская улица;53.9109967;27.4263804
Нёманская вуліца;21;Неманская улица;53.9109967;27.4263804
Нёманская вуліца;4;Неманская улица;53.9109967;27.4263804
Нёманская вуліца;38;Неманская улица;53.9109967;27.4263804
Нёманская вуліца;34;Неманская улица;53.9109967;27.4263804
Нёманская вуліца;32;Неманская улица;53.9109967;27.4263804
Нёманская вуліца;12;Неманская улица;53.9109967;27.4263804
Нёманская вуліца;14;Неманская улица;53.9109967;27.4263804
Нёманская вуліца;18;Неманская улица;53.9109967;27.4263804
Нёманская вуліца;16;Неманская улица;53.9109967;27.4263804
Нёманская вуліца;48;Неманская улица;53.9109967;27.4263804
Нёманская вуліца;13;Неманская улица;53.9109967;27.4263804
Нёманская вуліца;23;Неманская улица;53.9109967;27.4263804
Нёманская вуліца;15;Неманская улица;53.9109967;27.4263804
Нёманская вуліца;9;Неманская улица;53.9109967;27.4263804
Нёманская вуліца;19;Неманская улица;53.9109967;27.4263804
Нёманская вуліца;20;Неманская улица;53.9109967;27.4263804
Нёманская вуліца;33;Неманская улица;53.9109967;27.4263804
Нёманская вуліца;39;Неманская улица;53.9109967;27.4263804
Нёманская вуліца;43;Неманская улица;53.9109967;27.4263804
Нёманская вуліца;37;Неманская улица;53.9109967;27.4263804
Нёманская вуліца;50;Неманская улица;53.9109967;27.4263804
Нёманская вуліца;44;Неманская улица;53.9109967;27.4263804
Нёманская вуліца;42;Неманская улица;53.9109967;27.4263804
Нёманская вуліца;40;Неманская улица;53.9109967;27.4263804
Нёманская вуліца;5;Неманская улица;53.9109967;27.4263804
Нёманская вуліца;57;Неманская улица;53.9109967;27.4263804
Нёманская вуліца;59;Неманская улица;53.9109967;27.4263804
Нёманская вуліца;61;Неманская улица;53.9109967;27.4263804
Нёманская вуліца;62;Неманская улица;53.9109967;27.4263804
Нёманская вуліца;63;Неманская улица;53.9109967;27.4263804
Нёманская вуліца;65;Неманская улица;53.9109967;27.4263804
Нёманская вуліца;68;Неманская улица;53.9109967;27.4263804
Нёманская вуліца;69;Неманская улица;53.9109967;27.4263804
Нёманская вуліца;71;Неманская улица;53.9109967;27.4263804
Нёманская вуліца;73;Неманская улица;53.9109967;27.4263804
Нёманская вуліца;75;Неманская улица;53.9109967;27.4263804
Нёманская вуліца;76;Неманская улица;53.9109967;27.4263804
Нёманская вуліца;77;Неманская улица;53.9109967;27.4263804
Нёманская вуліца;78;Неманская улица;53.9109967;27.4263804
Нёманская вуліца;83;Неманская улица;53.9109967;27.4263804
Нёманская вуліца;27;Неманская улица;53.9109967;27.4263804
Нёманская вуліца;7;Неманская улица;53.9109967;27.4263804
Нёманская вуліца;70;Неманская улица;53.9109967;27.4263804
Нёманская вуліца;17;Неманская улица;53.9109967;27.4263804
Нёманская вуліца;52;Неманская улица;53.9109967;27.4263804
Нёманская вуліца;80;Неманская улица;53.9109967;27.4263804
Нёманская вуліца;3А;Неманская улица;53.9109967;27.4263804
Нёманская вуліца;74;Неманская улица;53.9109967;27.4263804
Нёманская вуліца;24;Неманская улица;53.9109967;27.4263804
Нёманская вуліца;66;Неманская улица;53.9109967;27.4263804
Неўскі завулак;9;Невский переулок;53.877623;27.5197203
Ніжняя Баравая вуліца;11;Нижняя Боровая улица;53.9675236;27.6717888
Ніжняя Баравая вуліца;7;Нижняя Боровая улица;53.9675236;27.6717888
Ніжняя Баравая вуліца;5;Нижняя Боровая улица;53.9675236;27.6717888
Ніжняя Баравая вуліца;3;Нижняя Боровая улица;53.9675236;27.6717888
Нізкая вуліца;7;Низкая улица;53.9296082;27.1787259
Нізкая вуліца;1;Низкая улица;53.9296082;27.1787259
Нізкая вуліца;3;Низкая улица;53.9296082;27.1787259
Нізкая вуліца;6;Низкая улица;53.9296082;27.1787259
Нізкая вуліца;8;Низкая улица;53.9296082;27.1787259
Нізкая вуліца;10;Низкая улица;53.9296082;27.1787259
Нізкая вуліца;4;Низкая улица;53.9296082;27.1787259
Нізкая вуліца;12;Низкая улица;53.9296082;27.1787259
Новаўфімская вуліца;91;Новоуфимская улица;53.878695;27.5613448
Новаўфімская вуліца;93;Новоуфимская улица;53.878695;27.5613448
Новаўфімская вуліца;6;Новоуфимская улица;53.878695;27.5613448
Новая вуліца;15;Новая улица;53.8765596;27.4551451
Новая вуліца;1;Новая улица;53.8765596;27.4551451
Новая вуліца;9;Новая улица;53.8765596;27.4551451
Новая вуліца;4;Новая улица;53.8765596;27.4551451
Новая вуліца;12;Новая улица;53.8765596;27.4551451
Новая вуліца;18;Новая улица;53.8765596;27.4551451
Новая вуліца;7;Новая улица;53.8765596;27.4551451
Новая вуліца;6А;Новая улица;53.8765596;27.4551451
Новая вуліца;4А;Новая улица;53.8765596;27.4551451
Нябесная вуліца;10;Небесная улица;53.9500226;27.6682756
Нябесная вуліца;46023;Небесная улица;53.9500226;27.6682756
Нябесная вуліца;3;Небесная улица;53.9500226;27.6682756
Нябесная вуліца;2;Небесная улица;53.9500226;27.6682756
Нябесная вуліца;4;Небесная улица;53.9500226;27.6682756
Нябесная вуліца;5;Небесная улица;53.9500226;27.6682756
Нябесная вуліца;6;Небесная улица;53.9500226;27.6682756
Нябесная вуліца;7;Небесная улица;53.9500226;27.6682756
Нябесная вуліца;8;Небесная улица;53.9500226;27.6682756
Нябесная вуліца;9;Небесная улица;53.9500226;27.6682756
Нябесная вуліца;46054;Небесная улица;53.9500226;27.6682756
Нябесная вуліца;16;Небесная улица;53.9500226;27.6682756
Нябесная вуліца;15;Небесная улица;53.9500226;27.6682756
Нясвіжская вуліца;1;Несвижская улица;53.840141;27.6490635
Нясвіжская вуліца;25;Несвижская улица;53.840141;27.6490635
Нясвіжская вуліца;2;Несвижская улица;53.840141;27.6490635
Нясвіжская вуліца;29;Несвижская улица;53.840141;27.6490635
Нясвіжская вуліца;28;Несвижская улица;53.840141;27.6490635
Падгорная вуліца;19А к3;Подгорная улица;53.9373375;27.7241209
Падгорная вуліца;19А к1;Подгорная улица;53.9373375;27.7241209
Падгорная вуліца;19А к2;Подгорная улица;53.9373375;27.7241209
Падгорная вуліца;11;Подгорная улица;53.9373375;27.7241209
Падгорная вуліца;19А к4;Подгорная улица;53.9373375;27.7241209
Падгорная вуліца;25А;Подгорная улица;53.9373375;27.7241209
Падгорная вуліца;23В;Подгорная улица;53.9373375;27.7241209
Падгорная вуліца;21Б;Подгорная улица;53.9373375;27.7241209
Падгорная вуліца;21В;Подгорная улица;53.9373375;27.7241209
Падлесная вуліца;69;Подлесная улица;53.9199296;27.6729353
Падлесная вуліца;46057;Подлесная улица;53.9199296;27.6729353
Падлесная вуліца;46085;Подлесная улица;53.9199296;27.6729353
Падлесная вуліца;4А;Подлесная улица;53.9199296;27.6729353
Падлесная вуліца;4;Подлесная улица;53.9199296;27.6729353
Падольская вуліца;28;Подольская улица;53.948676;27.5805534
Падольская вуліца;32;Подольская улица;53.948676;27.5805534
Падольская вуліца;34;Подольская улица;53.948676;27.5805534
Падольская вуліца;71;Подольская улица;53.948676;27.5805534
Падшыпнікавы праезд;9;Подшипниковый проезд;53.8648946;27.6276043
Падшыпнікавы праезд;15;Подшипниковый проезд;53.8648946;27.6276043
Падшыпнікавы праезд;26;Подшипниковый проезд;53.8648946;27.6276043
Падшыпнікавы праезд;24;Подшипниковый проезд;53.8648946;27.6276043
Падшыпнікавы праезд;4;Подшипниковый проезд;53.8648946;27.6276043
Падшыпнікавы праезд;5;Подшипниковый проезд;53.8648946;27.6276043
Падшыпнікавы праезд;36;Подшипниковый проезд;53.8648946;27.6276043
Падшыпнікавы праезд;3;Подшипниковый проезд;53.8648946;27.6276043
Падшыпнікавы праезд;32;Подшипниковый проезд;53.8648946;27.6276043
Падшыпнікавы праезд;34;Подшипниковый проезд;53.8648946;27.6276043
Падшыпнікавы праезд;20;Подшипниковый проезд;53.8648946;27.6276043
Падшыпнікавы праезд;46;Подшипниковый проезд;53.8648946;27.6276043
Падшыпнікавы праезд;30;Подшипниковый проезд;53.8648946;27.6276043
Падшыпнікавы праезд;42;Подшипниковый проезд;53.8648946;27.6276043
Падшыпнікавы праезд;14;Подшипниковый проезд;53.8648946;27.6276043
Падшыпнікавы праезд;40;Подшипниковый проезд;53.8648946;27.6276043
Падшыпнікавы праезд;38;Подшипниковый проезд;53.8648946;27.6276043
Падшыпнікавы праезд;44;Подшипниковый проезд;53.8648946;27.6276043
Падшыпнікавы праезд;12;Подшипниковый проезд;53.8648946;27.6276043
Падшыпнікавы праезд;13;Подшипниковый проезд;53.8648946;27.6276043
Падшыпнікавы праезд;8;Подшипниковый проезд;53.8648946;27.6276043
Падшыпнікавы праезд;10;Подшипниковый проезд;53.8648946;27.6276043
Падшыпнікавы праезд;11;Подшипниковый проезд;53.8648946;27.6276043
Падшыпнікавы праезд;18;Подшипниковый проезд;53.8648946;27.6276043
Падшыпнікавы праезд;28;Подшипниковый проезд;53.8648946;27.6276043
Падшыпнікавы праезд;7;Подшипниковый проезд;53.8648946;27.6276043
Падшыпнікавы праезд;16;Подшипниковый проезд;53.8648946;27.6276043
Падшыпнікавы праезд;22;Подшипниковый проезд;53.8648946;27.6276043
Падшыпнікавы праезд;9А;Подшипниковый проезд;53.8648946;27.6276043
Палеская вуліца;9;Полесская улица;53.8830875;27.5695294
Паліграфічная вуліца;21;Полиграфическая улица;53.9469882;27.609343
Паліграфічная вуліца;1;Полиграфическая улица;53.9469882;27.609343
Палтаўская вуліца;16;Полтавская улица;53.8605898;27.5640039
Палявая вуліца;4;Полевая улица;53.8743291;27.576623
Палявая вуліца;6;Полевая улица;53.8743291;27.576623
Палявая вуліца;2;Полевая улица;53.8743291;27.576623
Палявая вуліца;16;Полевая улица;53.8743291;27.576623
Палявая вуліца;2Б;Полевая улица;53.8743291;27.576623
Палявая вуліца;2А;Полевая улица;53.8743291;27.576623
Палявая вуліца;9;Полевая улица;53.8743291;27.576623
Палявая вуліца;7;Полевая улица;53.8743291;27.576623
Палявая вуліца;12;Полевая улица;53.8743291;27.576623
Палявая вуліца;8А;Полевая улица;53.8743291;27.576623
Палявая вуліца;14;Полевая улица;53.8743291;27.576623
Палявая вуліца;10;Полевая улица;53.8743291;27.576623
Палявая вуліца;1;Полевая улица;53.8743291;27.576623
Палявая вуліца;3;Полевая улица;53.8743291;27.576623
Палявая вуліца;8;Полевая улица;53.8743291;27.576623
Палявая вуліца;5;Полевая улица;53.8743291;27.576623
Палявая вуліца;14Б;Полевая улица;53.8743291;27.576623
Палявая вуліца;14А;Полевая улица;53.8743291;27.576623
Палявы завулак;2А;Полевой переулок;53.8770077;27.5695132
Палярная вуліца;14;Полярная улица;53.9188945;27.6793814
Палярная вуліца;16;Полярная улица;53.9188945;27.6793814
Папярнянская вуліца;14;Папернянская улица;53.9695168;27.5737653
Папярнянская вуліца;10;Папернянская улица;53.9695168;27.5737653
Папярнянская вуліца;31;Папернянская улица;53.9695168;27.5737653
Папярнянскі завулак;14;Папернянский переулок;53.9697128;27.5705313
Паравозны завулак;2;Паровозный переулок;53.8674361;27.5135751
Паравозны завулак;9;Паровозный переулок;53.8674361;27.5135751
Парашутная вуліца;6;Парашютная улица;53.8857276;27.5215834
Паркавая вуліца;2;Парковая улица;53.8521389;27.7042481
Паркавая вуліца;15;Парковая улица;53.8521389;27.7042481
Паркавая вуліца;7;Парковая улица;53.8521389;27.7042481
Паркавая вуліца;1;Парковая улица;53.8521389;27.7042481
Парніковая вуліца;11;Парниковая улица;53.9204148;27.6327822
Парніковая вуліца;32;Парниковая улица;53.9204148;27.6327822
Парніковая вуліца;50;Парниковая улица;53.9204148;27.6327822
Парніковая вуліца;14;Парниковая улица;53.9204148;27.6327822
Парніковая вуліца;46248;Парниковая улица;53.9204148;27.6327822
Парніковая вуліца;36;Парниковая улица;53.9204148;27.6327822
Парніковая вуліца;38;Парниковая улица;53.9204148;27.6327822
Парніковая вуліца;45;Парниковая улица;53.9204148;27.6327822
Парніковая вуліца;43;Парниковая улица;53.9204148;27.6327822
Парніковая вуліца;31;Парниковая улица;53.9204148;27.6327822
Парніковая вуліца;29;Парниковая улица;53.9204148;27.6327822
Парніковая вуліца;27;Парниковая улица;53.9204148;27.6327822
Парніковая вуліца;35;Парниковая улица;53.9204148;27.6327822
Парніковая вуліца;33;Парниковая улица;53.9204148;27.6327822
Парніковая вуліца;37;Парниковая улица;53.9204148;27.6327822
Парніковая вуліца;39;Парниковая улица;53.9204148;27.6327822
Парніковая вуліца;41;Парниковая улица;53.9204148;27.6327822
Парніковая вуліца;46;Парниковая улица;53.9204148;27.6327822
Парніковая вуліца;46Б;Парниковая улица;53.9204148;27.6327822
Парніковая вуліца;46А;Парниковая улица;53.9204148;27.6327822
Парніковая вуліца;57;Парниковая улица;53.9204148;27.6327822
Парніковая вуліца;49;Парниковая улица;53.9204148;27.6327822
Парніковая вуліца;51;Парниковая улица;53.9204148;27.6327822
Парніковая вуліца;55;Парниковая улица;53.9204148;27.6327822
Парніковая вуліца;53;Парниковая улица;53.9204148;27.6327822
Парніковая вуліца;48;Парниковая улица;53.9204148;27.6327822
Парніковая вуліца;25;Парниковая улица;53.9204148;27.6327822
Парніковая вуліца;13;Парниковая улица;53.9204148;27.6327822
Парніковая вуліца;40;Парниковая улица;53.9204148;27.6327822
Парніковая вуліца;42;Парниковая улица;53.9204148;27.6327822
Парніковая вуліца;9;Парниковая улица;53.9204148;27.6327822
Парніковая вуліца;7;Парниковая улица;53.9204148;27.6327822
Парніковая вуліца;46126;Парниковая улица;53.9204148;27.6327822
Парніковая вуліца;42Б;Парниковая улица;53.9204148;27.6327822
Парніковая вуліца;46279;Парниковая улица;53.9204148;27.6327822
Парніковая вуліца;14Б;Парниковая улица;53.9204148;27.6327822
Парніковая вуліца;46095;Парниковая улица;53.9204148;27.6327822
Парніковая вуліца;46036;Парниковая улица;53.9204148;27.6327822
Парніковая вуліца;34;Парниковая улица;53.9204148;27.6327822
Парніковая вуліца;46067;Парниковая улица;53.9204148;27.6327822
Парніковая вуліца;14А;Парниковая улица;53.9204148;27.6327822
Партызанская вуліца;11;Партизанская улица;53.8602137;27.5608123
Партызанская вуліца;14А;Партизанская улица;53.8602137;27.5608123
Партызанская вуліца;41;Партизанская улица;53.8602137;27.5608123
Партызанская вуліца;22А;Партизанская улица;53.8602137;27.5608123
Партызанскі праспект;107;Партизанский проспект;53.8649549;27.6632561
Партызанскі праспект;13;Партизанский проспект;53.8649549;27.6632561
Партызанскі праспект;19;Партизанский проспект;53.8649549;27.6632561
Партызанскі праспект;9;Партизанский проспект;53.8649549;27.6632561
Партызанскі праспект;46079;Партизанский проспект;53.8649549;27.6632561
Партызанскі праспект;34 к1;Партизанский проспект;53.8649549;27.6632561
Партызанскі праспект;67;Партизанский проспект;53.8649549;27.6632561
Партызанскі праспект;30 к1;Партизанский проспект;53.8649549;27.6632561
Партызанскі праспект;36;Партизанский проспект;53.8649549;27.6632561
Партызанскі праспект;101;Партизанский проспект;53.8649549;27.6632561
Партызанскі праспект;147;Партизанский проспект;53.8649549;27.6632561
Партызанскі праспект;40;Партизанский проспект;53.8649549;27.6632561
Партызанскі праспект;144;Партизанский проспект;53.8649549;27.6632561
Партызанскі праспект;104;Партизанский проспект;53.8649549;27.6632561
Партызанскі праспект;6А;Партизанский проспект;53.8649549;27.6632561
Партызанскі праспект;106;Партизанский проспект;53.8649549;27.6632561
Партызанскі праспект;51;Партизанский проспект;53.8649549;27.6632561
Партызанскі праспект;46;Партизанский проспект;53.8649549;27.6632561
Партызанскі праспект;43;Партизанский проспект;53.8649549;27.6632561
Партызанскі праспект;73;Партизанский проспект;53.8649549;27.6632561
Партызанскі праспект;56;Партизанский проспект;53.8649549;27.6632561
Партызанскі праспект;8;Партизанский проспект;53.8649549;27.6632561
Партызанскі праспект;8 к9;Партизанский проспект;53.8649549;27.6632561
Партызанскі праспект;82;Партизанский проспект;53.8649549;27.6632561
Партызанскі праспект;42;Партизанский проспект;53.8649549;27.6632561
Партызанскі праспект;8А;Партизанский проспект;53.8649549;27.6632561
Партызанскі праспект;182;Партизанский проспект;53.8649549;27.6632561
Партызанскі праспект;19А;Партизанский проспект;53.8649549;27.6632561
Партызанскі праспект;124;Партизанский проспект;53.8649549;27.6632561
Партызанскі праспект;150А;Партизанский проспект;53.8649549;27.6632561
Партызанскі праспект;95;Партизанский проспект;53.8649549;27.6632561
Партызанскі праспект;156А;Партизанский проспект;53.8649549;27.6632561
Партызанскі праспект;3;Партизанский проспект;53.8649549;27.6632561
Партызанскі праспект;117А;Партизанский проспект;53.8649549;27.6632561
Партызанскі праспект;150;Партизанский проспект;53.8649549;27.6632561
Партызанскі праспект;8 к1;Партизанский проспект;53.8649549;27.6632561
Партызанскі праспект;45;Партизанский проспект;53.8649549;27.6632561
Партызанскі праспект;8 к4;Партизанский проспект;53.8649549;27.6632561
Партызанскі праспект;23;Партизанский проспект;53.8649549;27.6632561
Партызанскі праспект;17;Партизанский проспект;53.8649549;27.6632561
Партызанскі праспект;5;Партизанский проспект;53.8649549;27.6632561
Партызанскі праспект;11;Партизанский проспект;53.8649549;27.6632561
Партызанскі праспект;54;Партизанский проспект;53.8649549;27.6632561
Партызанскі праспект;2А;Партизанский проспект;53.8649549;27.6632561
Партызанскі праспект;52;Партизанский проспект;53.8649549;27.6632561
Партызанскі праспект;46052;Партизанский проспект;53.8649549;27.6632561
Партызанскі праспект;174;Партизанский проспект;53.8649549;27.6632561
Партызанскі праспект;8 к4 пом43;Партизанский проспект;53.8649549;27.6632561
Партызанскі праспект;56 к2;Партизанский проспект;53.8649549;27.6632561
Партызанскі праспект;166А;Партизанский проспект;53.8649549;27.6632561
Партызанскі праспект;168А;Партизанский проспект;53.8649549;27.6632561
Партызанскі праспект;70А;Партизанский проспект;53.8649549;27.6632561
Партызанскі праспект;81Д;Партизанский проспект;53.8649549;27.6632561
Партызанскі праспект;168 склад 8;Партизанский проспект;53.8649549;27.6632561
Партызанскі праспект;70;Партизанский проспект;53.8649549;27.6632561
Партызанскі праспект;20;Партизанский проспект;53.8649549;27.6632561
Партызанскі праспект;168Б;Партизанский проспект;53.8649549;27.6632561
Партызанскі праспект;58;Партизанский проспект;53.8649549;27.6632561
Партызанскі праспект;50;Партизанский проспект;53.8649549;27.6632561
Партызанскі праспект;14;Партизанский проспект;53.8649549;27.6632561
Партызанскі праспект;32 к1;Партизанский проспект;53.8649549;27.6632561
Партызанскі праспект;156;Партизанский проспект;53.8649549;27.6632561
Партызанскі праспект;6Д;Партизанский проспект;53.8649549;27.6632561
Партызанскі праспект;46024;Партизанский проспект;53.8649549;27.6632561
Партызанскі праспект;75А;Партизанский проспект;53.8649549;27.6632561
Партызанскі праспект;85;Партизанский проспект;53.8649549;27.6632561
Партызанскі праспект;30А;Партизанский проспект;53.8649549;27.6632561
Партызанскі праспект;81Б;Партизанский проспект;53.8649549;27.6632561
Партызанскі праспект;8 к15;Партизанский проспект;53.8649549;27.6632561
Партызанскі праспект;д. 2/15, оф.2;Партизанский проспект;53.8649549;27.6632561
Партызанскі праспект;7;Партизанский проспект;53.8649549;27.6632561
Партызанскі праспект;146А лит., Д 2/к, офис 13;Партизанский проспект;53.8649549;27.6632561
Партызанскі праспект;6В;Партизанский проспект;53.8649549;27.6632561
Партызанскі праспект;148А;Партизанский проспект;53.8649549;27.6632561
Партызанскі праспект;148;Партизанский проспект;53.8649549;27.6632561
Партызанскі праспект;17А;Партизанский проспект;53.8649549;27.6632561
Партызанскі праспект;2 к20;Партизанский проспект;53.8649549;27.6632561
Партызанскі праспект;2 к24;Партизанский проспект;53.8649549;27.6632561
Партызанскі праспект;28 к1;Партизанский проспект;53.8649549;27.6632561
Партызанскі праспект;2 к19;Партизанский проспект;53.8649549;27.6632561
Партызанскі праспект;2  к17;Партизанский проспект;53.8649549;27.6632561
Партызанскі праспект;79;Партизанский проспект;53.8649549;27.6632561
Партызанскі праспект;2 к4;Партизанский проспект;53.8649549;27.6632561
Партызанскі праспект;2 к25;Партизанский проспект;53.8649549;27.6632561
Партызанскі праспект;2 к26;Партизанский проспект;53.8649549;27.6632561
Пасялковая вуліца;1В;Деревенская улица;53.0187334;27.4883783
Пасялковая вуліца;52;Деревенская улица;53.0187334;27.4883783
Пасялковая вуліца;5;Деревенская улица;53.0187334;27.4883783
Пасялковая вуліца;8;Деревенская улица;53.0187334;27.4883783
Пасялковая вуліца;41;Деревенская улица;53.0187334;27.4883783
Пасялковая вуліца;43;Деревенская улица;53.0187334;27.4883783
Пасялковая вуліца;50;Деревенская улица;53.0187334;27.4883783
Пасялковая вуліца;48;Деревенская улица;53.0187334;27.4883783
Пасялковы завулак;10;Поселковый переулок;53.9444392;27.597206
Пасялковы завулак;7;Поселковый переулок;53.9444392;27.597206
Пасялковы завулак;8;Поселковый переулок;53.9444392;27.597206
Пасялковы завулак;5;Поселковый переулок;53.9444392;27.597206
Пасялковы завулак;3;Поселковый переулок;53.9444392;27.597206
Пасялковы завулак;6;Поселковый переулок;53.9444392;27.597206
Пасялковы завулак;2;Поселковый переулок;53.9444392;27.597206
Пасялковы завулак;9;Поселковый переулок;53.9444392;27.597206
Паўднёвая вуліца;41;Южная улица;53.9185527;27.6811642
Паўднёвая вуліца;3;Южная улица;53.9185527;27.6811642
Паўднёвая вуліца;7;Южная улица;53.9185527;27.6811642
Паўднёвая вуліца;8;Южная улица;53.9185527;27.6811642
Паўднёвая вуліца;4;Южная улица;53.9185527;27.6811642
Паўднёвая вуліца;10;Южная улица;53.9185527;27.6811642
Паўднёвая вуліца;6;Южная улица;53.9185527;27.6811642
Паўднёвая вуліца;9;Южная улица;53.9185527;27.6811642
Паўднёвая вуліца;15;Южная улица;53.9185527;27.6811642
Паўднёвая вуліца;25;Южная улица;53.9185527;27.6811642
Паўднёвая вуліца;21;Южная улица;53.9185527;27.6811642
Паўднёвая вуліца;22;Южная улица;53.9185527;27.6811642
Паўднёвая вуліца;24А;Южная улица;53.9185527;27.6811642
Паўднёвая вуліца;19;Южная улица;53.9185527;27.6811642
Паўднёвая вуліца;18;Южная улица;53.9185527;27.6811642
Паўднёвая вуліца;29А;Южная улица;53.9185527;27.6811642
Паўднёвая вуліца;27;Южная улица;53.9185527;27.6811642
Паўднёвая вуліца;22А;Южная улица;53.9185527;27.6811642
Паўднёвая вуліца;17;Южная улица;53.9185527;27.6811642
Паўднёвая вуліца;23;Южная улица;53.9185527;27.6811642
Паўднёвая вуліца;20;Южная улица;53.9185527;27.6811642
Паўднёвая вуліца;29;Южная улица;53.9185527;27.6811642
Паўднёвая вуліца;24;Южная улица;53.9185527;27.6811642
Паўднёвая вуліца;31;Южная улица;53.9185527;27.6811642
Паўднёвая вуліца;12;Южная улица;53.9185527;27.6811642
Паўднёвая вуліца;14;Южная улица;53.9185527;27.6811642
Паўднёвая вуліца;16;Южная улица;53.9185527;27.6811642
Паўднёвая вуліца;1;Южная улица;53.9185527;27.6811642
Паўднёвая вуліца;2;Южная улица;53.9185527;27.6811642
Паўднёвая вуліца;11А;Южная улица;53.9185527;27.6811642
Паўднёвая вуліца;11;Южная улица;53.9185527;27.6811642
Паўднёвая вуліца;5;Южная улица;53.9185527;27.6811642
Паўднёвая вуліца;8А;Южная улица;53.9185527;27.6811642
Паўднёвая вуліца;1А;Южная улица;53.9185527;27.6811642
Паўднёвая вуліца;8Б;Южная улица;53.9185527;27.6811642
Паўночная вуліца;12;Северная улица;54.2539964;28.5200866
Паўночная вуліца;10;Северная улица;54.2539964;28.5200866
Паўночная вуліца;8А;Северная улица;54.2539964;28.5200866
Паўночная вуліца;6;Северная улица;54.2539964;28.5200866
Паўночная вуліца;14;Северная улица;54.2539964;28.5200866
Паўночная вуліца;4;Северная улица;54.2539964;28.5200866
Паўночная вуліца;2;Северная улица;54.2539964;28.5200866
Паўночная вуліца;8;Северная улица;54.2539964;28.5200866
Паўночная вуліца;41;Северная улица;54.2539964;28.5200866
Паўночная вуліца;29;Северная улица;54.2539964;28.5200866
Паўночная вуліца;37;Северная улица;54.2539964;28.5200866
Паўночная вуліца;49;Северная улица;54.2539964;28.5200866
Паўночная вуліца;25;Северная улица;54.2539964;28.5200866
Паўночная вуліца;26;Северная улица;54.2539964;28.5200866
Паўночная вуліца;36;Северная улица;54.2539964;28.5200866
Паўночная вуліца;38;Северная улица;54.2539964;28.5200866
Паўночная вуліца;23;Северная улица;54.2539964;28.5200866
Паўночная вуліца;43;Северная улица;54.2539964;28.5200866
Паўночная вуліца;45;Северная улица;54.2539964;28.5200866
Паўночная вуліца;22;Северная улица;54.2539964;28.5200866
Паўночная вуліца;27;Северная улица;54.2539964;28.5200866
Паўночная вуліца;30;Северная улица;54.2539964;28.5200866
Паўночная вуліца;33;Северная улица;54.2539964;28.5200866
Паўночная вуліца;16;Северная улица;54.2539964;28.5200866
Паўночны завулак;Мастерплюс;Северный переулок;53.8973036;27.5353794
Паўночны завулак;13;Северный переулок;53.8973036;27.5353794
Паўночны завулак;17;Северный переулок;53.8973036;27.5353794
Паўночны завулак;46369;Северный переулок;53.8973036;27.5353794
Паўночны завулак;46094;Северный переулок;53.8973036;27.5353794
Паўночны завулак;22;Северный переулок;53.8973036;27.5353794
Паўночны завулак;18;Северный переулок;53.8973036;27.5353794
Паўночны завулак;20;Северный переулок;53.8973036;27.5353794
Паўночны завулак;16;Северный переулок;53.8973036;27.5353794
Паўночны завулак;14;Северный переулок;53.8973036;27.5353794
Паўночны завулак;11;Северный переулок;53.8973036;27.5353794
Паўночны завулак;9;Северный переулок;53.8973036;27.5353794
Паўночны завулак;7;Северный переулок;53.8973036;27.5353794
Паўночны завулак;46125;Северный переулок;53.8973036;27.5353794
Паўночны завулак;46186;Северный переулок;53.8973036;27.5353794
Паўночны завулак;46216;Северный переулок;53.8973036;27.5353794
Паўночны завулак;46247;Северный переулок;53.8973036;27.5353794
Паўночны завулак;46039;Северный переулок;53.8973036;27.5353794
Паўночны завулак;46066;Северный переулок;53.8973036;27.5353794
Паўночны завулак;15в;Северный переулок;53.8973036;27.5353794
Паўночны завулак;15б;Северный переулок;53.8973036;27.5353794
Паўночны завулак;15а;Северный переулок;53.8973036;27.5353794
Пензенская вуліца;28;Пензенская улица;53.8752398;27.5460577
Пензенская вуліца;37;Пензенская улица;53.8752398;27.5460577
Пензенская вуліца;25 к1;Пензенская улица;53.8752398;27.5460577
Пензенская вуліца;29;Пензенская улица;53.8752398;27.5460577
Пензенская вуліца;31;Пензенская улица;53.8752398;27.5460577
Пензенская вуліца;46;Пензенская улица;53.8752398;27.5460577
Пензенская вуліца;42;Пензенская улица;53.8752398;27.5460577
Пензенская вуліца;33;Пензенская улица;53.8752398;27.5460577
Пензенская вуліца;38;Пензенская улица;53.8752398;27.5460577
Пензенская вуліца;40;Пензенская улица;53.8752398;27.5460577
Пензенская вуліца;44;Пензенская улица;53.8752398;27.5460577
Перадавая вуліца;3;Передовая улица;53.8975677;27.6196829
Перадавая вуліца;109;Передовая улица;53.8975677;27.6196829
Перадавая вуліца;109А;Передовая улица;53.8975677;27.6196829
Перадавая вуліца;6 к9;Передовая улица;53.8975677;27.6196829
Перадавая вуліца;15;Передовая улица;53.8975677;27.6196829
Перадавая вуліца;13;Передовая улица;53.8975677;27.6196829
Перадавая вуліца;6 к10;Передовая улица;53.8975677;27.6196829
Перадавая вуліца;6;Передовая улица;53.8975677;27.6196829
Перадавая вуліца;11;Передовая улица;53.8975677;27.6196829
Перадавая вуліца;9;Передовая улица;53.8975677;27.6196829
Перадавая вуліца;11А;Передовая улица;53.8975677;27.6196829
Перадавая вуліца;7;Передовая улица;53.8975677;27.6196829
Перадавая вуліца;5;Передовая улица;53.8975677;27.6196829
Перадавая вуліца;21;Передовая улица;53.8975677;27.6196829
Перадавая вуліца;25;Передовая улица;53.8975677;27.6196829
Перадавая вуліца;29;Передовая улица;53.8975677;27.6196829
Перадавая вуліца;37;Передовая улица;53.8975677;27.6196829
Перадавая вуліца;19;Передовая улица;53.8975677;27.6196829
Перадавая вуліца;31;Передовая улица;53.8975677;27.6196829
Перадавая вуліца;39;Передовая улица;53.8975677;27.6196829
Перадавая вуліца;41;Передовая улица;53.8975677;27.6196829
Перадавая вуліца;1;Передовая улица;53.8975677;27.6196829
Перадавая вуліца;17;Передовая улица;53.8975677;27.6196829
Перадавая вуліца;33;Передовая улица;53.8975677;27.6196829
Перадавая вуліца;35;Передовая улица;53.8975677;27.6196829
Перадавая вуліца;23;Передовая улица;53.8975677;27.6196829
Перадавая вуліца;27;Передовая улица;53.8975677;27.6196829
Перадавая вуліца;15В;Передовая улица;53.8975677;27.6196829
Перадавая вуліца;14а;Передовая улица;53.8975677;27.6196829
Перадавы завулак;5;Передовой переулок;53.9012873;27.6267501
Перадавы завулак;21;Передовой переулок;53.9012873;27.6267501
Перадавы завулак;15;Передовой переулок;53.9012873;27.6267501
Перадавы завулак;17;Передовой переулок;53.9012873;27.6267501
Перадавы завулак;3;Передовой переулок;53.9012873;27.6267501
Перадавы завулак;9;Передовой переулок;53.9012873;27.6267501
Перадавы завулак;11;Передовой переулок;53.9012873;27.6267501
Перадавы завулак;13;Передовой переулок;53.9012873;27.6267501
Перадавы завулак;7;Передовой переулок;53.9012873;27.6267501
Перадавы завулак;19;Передовой переулок;53.9012873;27.6267501
Пераходная вуліца;1;Переходная улица;53.886991;27.6537995
Пераходная вуліца;62;Переходная улица;53.886991;27.6537995
Пермская вуліца;51;Пермская улица;53.8804017;27.494907
Пермская вуліца;46;Пермская улица;53.8804017;27.494907
Пермская вуліца;56;Пермская улица;53.8804017;27.494907
Пермская вуліца;58;Пермская улица;53.8804017;27.494907
Пермская вуліца;54;Пермская улица;53.8804017;27.494907
Пермская вуліца;48;Пермская улица;53.8804017;27.494907
Пермская вуліца;7;Пермская улица;53.8804017;27.494907
Пермская вуліца;31;Пермская улица;53.8804017;27.494907
Пермская вуліца;3;Пермская улица;53.8804017;27.494907
Пермская вуліца;17;Пермская улица;53.8804017;27.494907
Пермская вуліца;8;Пермская улица;53.8804017;27.494907
Пермская вуліца;33;Пермская улица;53.8804017;27.494907
Пермская вуліца;5;Пермская улица;53.8804017;27.494907
Пермская вуліца;23;Пермская улица;53.8804017;27.494907
Пермская вуліца;9;Пермская улица;53.8804017;27.494907
Пермская вуліца;25;Пермская улица;53.8804017;27.494907
Пермская вуліца;14;Пермская улица;53.8804017;27.494907
Пермская вуліца;10;Пермская улица;53.8804017;27.494907
Пермская вуліца;15;Пермская улица;53.8804017;27.494907
Пермская вуліца;30;Пермская улица;53.8804017;27.494907
Пермская вуліца;12;Пермская улица;53.8804017;27.494907
Пермская вуліца;2;Пермская улица;53.8804017;27.494907
Пермская вуліца;19;Пермская улица;53.8804017;27.494907
Пермская вуліца;6;Пермская улица;53.8804017;27.494907
Пермская вуліца;21;Пермская улица;53.8804017;27.494907
Пермская вуліца;20;Пермская улица;53.8804017;27.494907
Пермская вуліца;29;Пермская улица;53.8804017;27.494907
Пермская вуліца;16;Пермская улица;53.8804017;27.494907
Пермская вуліца;4;Пермская улица;53.8804017;27.494907
Пермская вуліца;22;Пермская улица;53.8804017;27.494907
Пермская вуліца;18;Пермская улица;53.8804017;27.494907
Пермская вуліца;28;Пермская улица;53.8804017;27.494907
Пермская вуліца;27;Пермская улица;53.8804017;27.494907
Пермская вуліца;52;Пермская улица;53.8804017;27.494907
Пермскі завулак;1;Пермский переулок;53.8792236;27.4949952
Пермскі завулак;24;Пермский переулок;53.8792236;27.4949952
Пермскі завулак;4;Пермский переулок;53.8792236;27.4949952
Пермскі завулак;6;Пермский переулок;53.8792236;27.4949952
Перспектыўная вуліца;12;Перспективная улица;53.9290304;27.3566822
Першамайская вуліца;28;Первомайская улица;53.8999897;27.5734519
Першамайская вуліца;4;Первомайская улица;53.8999897;27.5734519
Першамайская вуліца;46067;Первомайская улица;53.8999897;27.5734519
Першамайская вуліца;2;Первомайская улица;53.8999897;27.5734519
Першамайская вуліца;12;Первомайская улица;53.8999897;27.5734519
Першамайская вуліца;16;Первомайская улица;53.8999897;27.5734519
Першамайская вуліца;11;Первомайская улица;53.8999897;27.5734519
Першамайская вуліца;3Б;Первомайская улица;53.8999897;27.5734519
Першамайская вуліца;10;Первомайская улица;53.8999897;27.5734519
Першамайская вуліца;18;Первомайская улица;53.8999897;27.5734519
Першамайская вуліца;17;Первомайская улица;53.8999897;27.5734519
Першамайская вуліца;14;Первомайская улица;53.8999897;27.5734519
Першамайская вуліца;46103;Первомайская улица;53.8999897;27.5734519
Першамайская вуліца;20;Первомайская улица;53.8999897;27.5734519
Першамайская вуліца;20 к3;Первомайская улица;53.8999897;27.5734519
Першамайская вуліца;8А;Первомайская улица;53.8999897;27.5734519
Першамайская вуліца;6А;Первомайская улица;53.8999897;27.5734519
Першамайская вуліца;8;Первомайская улица;53.8999897;27.5734519
Першамайская вуліца;6;Первомайская улица;53.8999897;27.5734519
Першамайская вуліца;24Б;Первомайская улица;53.8999897;27.5734519
Пілотная вуліца;10;Пилотная улица;53.9528143;27.6598352
Пілотная вуліца;24;Пилотная улица;53.9528143;27.6598352
Пілотная вуліца;14;Пилотная улица;53.9528143;27.6598352
Пілотная вуліца;12;Пилотная улица;53.9528143;27.6598352
Пілотная вуліца;16;Пилотная улица;53.9528143;27.6598352
Пілотная вуліца;28;Пилотная улица;53.9528143;27.6598352
Пілотная вуліца;22;Пилотная улица;53.9528143;27.6598352
Пілотная вуліца;18;Пилотная улица;53.9528143;27.6598352
Пілотная вуліца;26;Пилотная улица;53.9528143;27.6598352
Пілотная вуліца;20;Пилотная улица;53.9528143;27.6598352
Пілотная вуліца;30;Пилотная улица;53.9528143;27.6598352
Пільніцкая вуліца;5;Пильницкая улица;53.9663774;27.5039473
Пільніцкая вуліца;7;Пильницкая улица;53.9663774;27.5039473
Пільніцкая вуліца;22;Пильницкая улица;53.9663774;27.5039473
Пільніцкая вуліца;20;Пильницкая улица;53.9663774;27.5039473
Пільніцкая вуліца;16;Пильницкая улица;53.9663774;27.5039473
Пільніцкая вуліца;18;Пильницкая улица;53.9663774;27.5039473
Пільніцкая вуліца;4;Пильницкая улица;53.9663774;27.5039473
Пільніцкая вуліца;2;Пильницкая улица;53.9663774;27.5039473
Пільніцкая вуліца;12;Пильницкая улица;53.9663774;27.5039473
Пільніцкая вуліца;14;Пильницкая улица;53.9663774;27.5039473
Пільніцкая вуліца;6;Пильницкая улица;53.9663774;27.5039473
Пільніцкая вуліца;8;Пильницкая улица;53.9663774;27.5039473
Пільніцкая вуліца;10;Пильницкая улица;53.9663774;27.5039473
Пільніцкая вуліца;3;Пильницкая улица;53.9663774;27.5039473
Пінская вуліца;39;Пинская улица;53.904308;27.5161463
Пінская вуліца;16;Пинская улица;53.904308;27.5161463
Пінская вуліца;30;Пинская улица;53.904308;27.5161463
Пінская вуліца;28 к1;Пинская улица;53.904308;27.5161463
Пінская вуліца;28А;Пинская улица;53.904308;27.5161463
Пінская вуліца;28;Пинская улица;53.904308;27.5161463
Пінская вуліца;18 к2;Пинская улица;53.904308;27.5161463
Пінская вуліца;18 к1;Пинская улица;53.904308;27.5161463
Пінская вуліца;28Б;Пинская улица;53.904308;27.5161463
Пінская вуліца;28В;Пинская улица;53.904308;27.5161463
Планетная вуліца;19;Планетная улица;53.8438312;27.3989182
Планетная вуліца;14;Планетная улица;53.8438312;27.3989182
Планетная вуліца;18;Планетная улица;53.8438312;27.3989182
Планетная вуліца;24;Планетная улица;53.8438312;27.3989182
Планетная вуліца;10;Планетная улица;53.8438312;27.3989182
Планетная вуліца;3;Планетная улица;53.8438312;27.3989182
Планетная вуліца;1;Планетная улица;53.8438312;27.3989182
Планетная вуліца;8;Планетная улица;53.8438312;27.3989182
Планетная вуліца;16;Планетная улица;53.8438312;27.3989182
Планетная вуліца;5;Планетная улица;53.8438312;27.3989182
Планетная вуліца;22;Планетная улица;53.8438312;27.3989182
Планетная вуліца;20;Планетная улица;53.8438312;27.3989182
Планетная вуліца;28;Планетная улица;53.8438312;27.3989182
Планетная вуліца;15;Планетная улица;53.8438312;27.3989182
Планетная вуліца;9;Планетная улица;53.8438312;27.3989182
Планетная вуліца;7;Планетная улица;53.8438312;27.3989182
Планетная вуліца;11;Планетная улица;53.8438312;27.3989182
Планетная вуліца;26;Планетная улица;53.8438312;27.3989182
Планетная вуліца;13;Планетная улица;53.8438312;27.3989182
Планетная вуліца;17;Планетная улица;53.8438312;27.3989182
плошча Свабоды;15;Площадь Свободы;53.9039997;27.5564203
плошча Свабоды;2;Площадь Свободы;53.9039997;27.5564203
плошча Свабоды;11;Площадь Свободы;53.9039997;27.5564203
плошча Свабоды;8;Площадь Свободы;53.9039997;27.5564203
плошча Свабоды;4;Площадь Свободы;53.9039997;27.5564203
плошча Свабоды;23-39;Площадь Свободы;53.9039997;27.5564203
плошча Свабоды;23А;Площадь Свободы;53.9039997;27.5564203
плошча Свабоды;46066;Площадь Свободы;53.9039997;27.5564203
плошча Свабоды;13;Площадь Свободы;53.9039997;27.5564203
плошча Свабоды;23;Площадь Свободы;53.9039997;27.5564203
плошча Свабоды;7;Площадь Свободы;53.9039997;27.5564203
плошча Свабоды;10;Площадь Свободы;53.9039997;27.5564203
плошча Свабоды;17;Площадь Свободы;53.9039997;27.5564203
плошча Свабоды;5;Площадь Свободы;53.9039997;27.5564203
плошча Свабоды;9;Площадь Свободы;53.9039997;27.5564203
Полацкі завулак;9;Полоцкий переулок;;
Полацкі завулак;8;Полоцкий переулок;;
Полацкі завулак;7;Полоцкий переулок;;
Полацкі завулак;6;Полоцкий переулок;;
Полацкі завулак;7А;Полоцкий переулок;;
Полацкі завулак;11;Полоцкий переулок;;
праезд Бумажкова;2;проезд Бумажкова;53.9048394;27.6218241
праезд Бумажкова;1;проезд Бумажкова;53.9048394;27.6218241
праезд Бумажкова;14;проезд Бумажкова;53.9048394;27.6218241
праезд Бумажкова;7;проезд Бумажкова;53.9048394;27.6218241
праезд Бумажкова;8;проезд Бумажкова;53.9048394;27.6218241
праезд Бумажкова;6;проезд Бумажкова;53.9048394;27.6218241
праезд Бумажкова;4;проезд Бумажкова;53.9048394;27.6218241
праезд Бумажкова;10;проезд Бумажкова;53.9048394;27.6218241
праезд Бумажкова;12;проезд Бумажкова;53.9048394;27.6218241
праезд Бумажкова;3;проезд Бумажкова;53.9048394;27.6218241
праезд Бумажкова;5;проезд Бумажкова;53.9048394;27.6218241
праезд Галадзеда;11;проезд Голодеда;53.8365744;27.6171047
праезд Галадзеда;7 к2;проезд Голодеда;53.8365744;27.6171047
праезд Галадзеда;1;проезд Голодеда;53.8365744;27.6171047
праезд Кальцова;28;проезд Кольцова;53.9514505;27.5989591
праезд Катоўскага;1;проезд Котовского;53.8722355;27.6552148
праезд Катоўскага;17;проезд Котовского;53.8722355;27.6552148
праезд Катоўскага;18;проезд Котовского;53.8722355;27.6552148
праезд Катоўскага;2;проезд Котовского;53.8722355;27.6552148
праезд Катоўскага;19;проезд Котовского;53.8722355;27.6552148
праезд Катоўскага;20;проезд Котовского;53.8722355;27.6552148
праезд Масюкоўшчына;17;проезд Масюковщина;53.927448;27.4481326
праезд Масюкоўшчына;4;проезд Масюковщина;53.927448;27.4481326
праезд Масюкоўшчына;10;проезд Масюковщина;53.927448;27.4481326
праезд Сталетава;12;проезд Столетова;53.9065055;27.620183
праезд Сталетава;9;проезд Столетова;53.9065055;27.620183
праезд Сталетава;4;проезд Столетова;53.9065055;27.620183
праезд Сталетава;7;проезд Столетова;53.9065055;27.620183
праезд Сталетава;2А;проезд Столетова;53.9065055;27.620183
праезд Сталетава;5;проезд Столетова;53.9065055;27.620183
праезд Сталетава;8;проезд Столетова;53.9065055;27.620183
праезд Сталетава;11;проезд Столетова;53.9065055;27.620183
праезд Сталетава;6;проезд Столетова;53.9065055;27.620183
праезд Сталетава;1;проезд Столетова;53.9065055;27.620183
праезд Сталетава;3;проезд Столетова;53.9065055;27.620183
праезд Сурыкава;11;проезд Сурикова;53.865674;27.6229026
праезд Сурыкава;9;проезд Сурикова;53.865674;27.6229026
праезд Сурыкава;13;проезд Сурикова;53.865674;27.6229026
праезд Сурыкава;15;проезд Сурикова;53.865674;27.6229026
праезд Сурыкава;7;проезд Сурикова;53.865674;27.6229026
праезд Сурыкава;3;проезд Сурикова;53.865674;27.6229026
праезд Чакаліна;1;проезд Чекалина;53.8816048;27.6687597
праезд Чакаліна;17;проезд Чекалина;53.8816048;27.6687597
праезд Чакаліна;34;проезд Чекалина;53.8816048;27.6687597
праезд Чыжэўскіх;8А;проезд Чижевских;53.8496164;27.5767165
праезд Чыжэўскіх;13;проезд Чижевских;53.8496164;27.5767165
праезд Чыжэўскіх;8;проезд Чижевских;53.8496164;27.5767165
праезд Чыжэўскіх;1;проезд Чижевских;53.8496164;27.5767165
праезд Чыжэўскіх;10;проезд Чижевских;53.8496164;27.5767165
праезд Чыжэўскіх;5;проезд Чижевских;53.8496164;27.5767165
праезд Чыжэўскіх;6;проезд Чижевских;53.8496164;27.5767165
праезд Чыжэўскіх;12;проезд Чижевских;53.8496164;27.5767165
Прамая вуліца;24;Прямая улица;53.8788855;27.5099781
Прамая вуліца;2;Прямая улица;53.8788855;27.5099781
Прамая вуліца;10;Прямая улица;53.8788855;27.5099781
Прамая вуліца;22 к1;Прямая улица;53.8788855;27.5099781
Прамая вуліца;12;Прямая улица;53.8788855;27.5099781
Прамая вуліца;8;Прямая улица;53.8788855;27.5099781
Прамысловая вуліца;2Б;Индустриальная улица;53.8518404;27.6778852
Прамысловая вуліца;2В;Индустриальная улица;53.8518404;27.6778852
Прамысловая вуліца;25 к3;Индустриальная улица;53.8518404;27.6778852
Прамысловая вуліца;25 А к3;Индустриальная улица;53.8518404;27.6778852
Прамысловая вуліца;46057;Индустриальная улица;53.8518404;27.6778852
Прамысловая вуліца;21Б;Индустриальная улица;53.8518404;27.6778852
Прамысловы завулак;7;Промышленный переулок;53.8410218;27.6832541
Прамысловы завулак;9;Промышленный переулок;53.8410218;27.6832541
Прамысловы завулак;6;Промышленный переулок;53.8410218;27.6832541
Прамысловы завулак;11;Промышленный переулок;53.8410218;27.6832541
Прамысловы завулак;46064;Промышленный переулок;53.8410218;27.6832541
Прамысловы завулак;14;Промышленный переулок;53.8410218;27.6832541
праспект Газеты Звязда;61;проспект Газеты Звязда;53.8708349;27.4748471
праспект Газеты Звязда;28 к1;проспект Газеты Звязда;53.8708349;27.4748471
праспект Газеты Звязда;16;проспект Газеты Звязда;53.8708349;27.4748471
праспект Газеты Звязда;6А;проспект Газеты Звязда;53.8708349;27.4748471
праспект Газеты Звязда;3;проспект Газеты Звязда;53.8708349;27.4748471
праспект Газеты Звязда;14А;проспект Газеты Звязда;53.8708349;27.4748471
праспект Газеты Звязда;42;проспект Газеты Звязда;53.8708349;27.4748471
праспект Газеты Звязда;28;проспект Газеты Звязда;53.8708349;27.4748471
праспект Газеты Звязда;47;проспект Газеты Звязда;53.8708349;27.4748471
праспект Газеты Звязда;18А;проспект Газеты Звязда;53.8708349;27.4748471
праспект Газеты Звязда;26А;проспект Газеты Звязда;53.8708349;27.4748471
праспект Газеты Звязда;30;проспект Газеты Звязда;53.8708349;27.4748471
праспект Газеты Звязда;15;проспект Газеты Звязда;53.8708349;27.4748471
праспект Газеты Звязда;19;проспект Газеты Звязда;53.8708349;27.4748471
праспект Газеты Звязда;23;проспект Газеты Звязда;53.8708349;27.4748471
праспект Газеты Звязда;32 к1;проспект Газеты Звязда;53.8708349;27.4748471
праспект Газеты Звязда;32 к2;проспект Газеты Звязда;53.8708349;27.4748471
праспект Газеты Звязда;18;проспект Газеты Звязда;53.8708349;27.4748471
праспект Газеты Звязда;20;проспект Газеты Звязда;53.8708349;27.4748471
праспект Газеты Звязда;16 к2;проспект Газеты Звязда;53.8708349;27.4748471
праспект Газеты Звязда;22 к1;проспект Газеты Звязда;53.8708349;27.4748471
праспект Газеты Звязда;16 к1;проспект Газеты Звязда;53.8708349;27.4748471
праспект Газеты Праўда;20А к1;Проспект газеты Правда;53.8638422;27.4809683
праспект Газеты Праўда;20А;Проспект газеты Правда;53.8638422;27.4809683
праспект Газеты Праўда;20А/1;Проспект газеты Правда;53.8638422;27.4809683
праспект Газеты Праўда;27;Проспект газеты Правда;53.8638422;27.4809683
праспект Газеты Праўда;26 к3;Проспект газеты Правда;53.8638422;27.4809683
праспект Газеты Праўда;40 к2;Проспект газеты Правда;53.8638422;27.4809683
праспект Газеты Праўда;40 к1;Проспект газеты Правда;53.8638422;27.4809683
праспект Газеты Праўда;15;Проспект газеты Правда;53.8638422;27.4809683
праспект Газеты Праўда;29;Проспект газеты Правда;53.8638422;27.4809683
праспект Газеты Праўда;20;Проспект газеты Правда;53.8638422;27.4809683
праспект Газеты Праўда;1;Проспект газеты Правда;53.8638422;27.4809683
праспект Газеты Праўда;8А;Проспект газеты Правда;53.8638422;27.4809683
праспект Газеты Праўда;16;Проспект газеты Правда;53.8638422;27.4809683
праспект Газеты Праўда;25;Проспект газеты Правда;53.8638422;27.4809683
праспект Газеты Праўда;12;Проспект газеты Правда;53.8638422;27.4809683
праспект Газеты Праўда;31;Проспект газеты Правда;53.8638422;27.4809683
праспект Газеты Праўда;26;Проспект газеты Правда;53.8638422;27.4809683
праспект Газеты Праўда;32;Проспект газеты Правда;53.8638422;27.4809683
праспект Газеты Праўда;64А;Проспект газеты Правда;53.8638422;27.4809683
праспект Газеты Праўда;5;Проспект газеты Правда;53.8638422;27.4809683
праспект Газеты Праўда;8;Проспект газеты Правда;53.8638422;27.4809683
праспект Газеты Праўда;9;Проспект газеты Правда;53.8638422;27.4809683
праспект Газеты Праўда;22;Проспект газеты Правда;53.8638422;27.4809683
праспект Газеты Праўда;14 к3;Проспект газеты Правда;53.8638422;27.4809683
праспект Газеты Праўда;14 к2;Проспект газеты Правда;53.8638422;27.4809683
праспект Газеты Праўда;42;Проспект газеты Правда;53.8638422;27.4809683
праспект Газеты Праўда;46;Проспект газеты Правда;53.8638422;27.4809683
праспект Газеты Праўда;58 к2;Проспект газеты Правда;53.8638422;27.4809683
праспект Газеты Праўда;54;Проспект газеты Правда;53.8638422;27.4809683
праспект Газеты Праўда;60 к2;Проспект газеты Правда;53.8638422;27.4809683
праспект Газеты Праўда;11Д;Проспект газеты Правда;53.8638422;27.4809683
праспект Газеты Праўда;52;Проспект газеты Правда;53.8638422;27.4809683
праспект Газеты Праўда;50;Проспект газеты Правда;53.8638422;27.4809683
праспект Газеты Праўда;24А;Проспект газеты Правда;53.8638422;27.4809683
праспект Газеты Праўда;17;Проспект газеты Правда;53.8638422;27.4809683
праспект Газеты Праўда;9А;Проспект газеты Правда;53.8638422;27.4809683
праспект Газеты Праўда;11;Проспект газеты Правда;53.8638422;27.4809683
праспект Газеты Праўда;25А;Проспект газеты Правда;53.8638422;27.4809683
праспект Газеты Праўда;48;Проспект газеты Правда;53.8638422;27.4809683
праспект Дзяржынскага;165;проспект Дзержинского;53.8896663;27.5225401
праспект Дзяржынскага;3;проспект Дзержинского;53.8896663;27.5225401
праспект Дзяржынскага;126;проспект Дзержинского;53.8896663;27.5225401
праспект Дзяржынскага;18;проспект Дзержинского;53.8896663;27.5225401
праспект Дзяржынскага;23;проспект Дзержинского;53.8896663;27.5225401
праспект Дзяржынскага;122;проспект Дзержинского;53.8896663;27.5225401
праспект Дзяржынскага;8;проспект Дзержинского;53.8896663;27.5225401
праспект Дзяржынскага;131;проспект Дзержинского;53.8896663;27.5225401
праспект Дзяржынскага;83;проспект Дзержинского;53.8896663;27.5225401
праспект Дзяржынскага;119;проспект Дзержинского;53.8896663;27.5225401
праспект Дзяржынскага;104;проспект Дзержинского;53.8896663;27.5225401
праспект Дзяржынскага;69/2;проспект Дзержинского;53.8896663;27.5225401
праспект Дзяржынскага;11;проспект Дзержинского;53.8896663;27.5225401
праспект Дзяржынскага;106;проспект Дзержинского;53.8896663;27.5225401
праспект Дзяржынскага;104Б;проспект Дзержинского;53.8896663;27.5225401
праспект Дзяржынскага;1Е;проспект Дзержинского;53.8896663;27.5225401
праспект Дзяржынскага;80;проспект Дзержинского;53.8896663;27.5225401
праспект Дзяржынскага;9;проспект Дзержинского;53.8896663;27.5225401
праспект Дзяржынскага;104/110;проспект Дзержинского;53.8896663;27.5225401
праспект Дзяржынскага;115;проспект Дзержинского;53.8896663;27.5225401
праспект Дзяржынскага;15;проспект Дзержинского;53.8896663;27.5225401
праспект Дзяржынскага;20;проспект Дзержинского;53.8896663;27.5225401
праспект Дзяржынскага;127;проспект Дзержинского;53.8896663;27.5225401
праспект Дзяржынскага;19;проспект Дзержинского;53.8896663;27.5225401
праспект Дзяржынскага;5;проспект Дзержинского;53.8896663;27.5225401
праспект Дзяржынскага;421;проспект Дзержинского;53.8896663;27.5225401
праспект Дзяржынскага;115-421;проспект Дзержинского;53.8896663;27.5225401
праспект Дзяржынскага;3Б;проспект Дзержинского;53.8896663;27.5225401
праспект Дзяржынскага;91;проспект Дзержинского;53.8896663;27.5225401
праспект Дзяржынскага;77А;проспект Дзержинского;53.8896663;27.5225401
праспект Дзяржынскага;90;проспект Дзержинского;53.8896663;27.5225401
праспект Дзяржынскага;22, 343;проспект Дзержинского;53.8896663;27.5225401
праспект Дзяржынскага;24;проспект Дзержинского;53.8896663;27.5225401
праспект Дзяржынскага;57;проспект Дзержинского;53.8896663;27.5225401
праспект Дзяржынскага;125А;проспект Дзержинского;53.8896663;27.5225401
Праспект Дзяржынскага;32;проспект Дзержинского;53.8896663;27.5225401
праспект Дзяржынскага;1;проспект Дзержинского;53.8896663;27.5225401
праспект Дзяржынскага;3А к1;проспект Дзержинского;53.8896663;27.5225401
праспект Дзяржынскага;69 к1;проспект Дзержинского;53.8896663;27.5225401
праспект Дзяржынскага;83 К12;проспект Дзержинского;53.8896663;27.5225401
праспект Дзяржынскага;53;проспект Дзержинского;53.8896663;27.5225401
праспект Дзяржынскага;96;проспект Дзержинского;53.8896663;27.5225401
праспект Дзяржынскага;83 К9;проспект Дзержинского;53.8896663;27.5225401
праспект Дзяржынскага;84;проспект Дзержинского;53.8896663;27.5225401
праспект Дзяржынскага;82;проспект Дзержинского;53.8896663;27.5225401
праспект Дзяржынскага;78;проспект Дзержинского;53.8896663;27.5225401
праспект Дзяржынскага;123;проспект Дзержинского;53.8896663;27.5225401
праспект Дзяржынскага;22;проспект Дзержинского;53.8896663;27.5225401
праспект Дзяржынскага;11В;проспект Дзержинского;53.8896663;27.5225401
праспект Дзяржынскага;83 К10;проспект Дзержинского;53.8896663;27.5225401
праспект Дзяржынскага;13;проспект Дзержинского;53.8896663;27.5225401
праспект Дзяржынскага;67В;проспект Дзержинского;53.8896663;27.5225401
праспект Дзяржынскага;92;проспект Дзержинского;53.8896663;27.5225401
праспект Дзяржынскага;59;проспект Дзержинского;53.8896663;27.5225401
праспект Дзяржынскага;16;проспект Дзержинского;53.8896663;27.5225401
праспект Дзяржынскага;12;проспект Дзержинского;53.8896663;27.5225401
праспект Дзяржынскага;83 К2;проспект Дзержинского;53.8896663;27.5225401
праспект Дзяржынскага;83/1;проспект Дзержинского;53.8896663;27.5225401
праспект Дзяржынскага;83 К4;проспект Дзержинского;53.8896663;27.5225401
праспект Дзяржынскага;83 К3;проспект Дзержинского;53.8896663;27.5225401
праспект Дзяржынскага;94;проспект Дзержинского;53.8896663;27.5225401
праспект Дзяржынскага;83 К18;проспект Дзержинского;53.8896663;27.5225401
Праспект Дзяржынскага;30;проспект Дзержинского;53.8896663;27.5225401
праспект Дзяржынскага;26;проспект Дзержинского;53.8896663;27.5225401
праспект Жукава;20;проспект Жукова;53.8872864;27.5018908
праспект Жукава;44;проспект Жукова;53.8872864;27.5018908
праспект Жукава;29;проспект Жукова;53.8872864;27.5018908
праспект Жукава;27;проспект Жукова;53.8872864;27.5018908
праспект Жукава;21 к2;проспект Жукова;53.8872864;27.5018908
праспект Жукава;21 к3;проспект Жукова;53.8872864;27.5018908
праспект Любімава;7;проспект Любимова;53.8577333;27.4766755
праспект Любімава;22;проспект Любимова;53.8577333;27.4766755
праспект Любімава;15;проспект Любимова;53.8577333;27.4766755
праспект Любімава;41;проспект Любимова;53.8577333;27.4766755
праспект Любімава;26;проспект Любимова;53.8577333;27.4766755
праспект Любімава;17;проспект Любимова;53.8577333;27.4766755
праспект Любімава;4;проспект Любимова;53.8577333;27.4766755
праспект Любімава;8;проспект Любимова;53.8577333;27.4766755
праспект Любімава;6;проспект Любимова;53.8577333;27.4766755
праспект Любімава;36 к2;проспект Любимова;53.8577333;27.4766755
праспект Любімава;36 к1;проспект Любимова;53.8577333;27.4766755
праспект Любімава;34 к1;проспект Любимова;53.8577333;27.4766755
праспект Любімава;21;проспект Любимова;53.8577333;27.4766755
праспект Любімава;26 к1;проспект Любимова;53.8577333;27.4766755
праспект Любімава;29;проспект Любимова;53.8577333;27.4766755
праспект Любімава;26 к4;проспект Любимова;53.8577333;27.4766755
праспект Любімава;30 к2;проспект Любимова;53.8577333;27.4766755
праспект Любімава;30 к1;проспект Любимова;53.8577333;27.4766755
праспект Машэрава;29;проспект Машерова;53.915152;27.5735157
праспект Машэрава;25;проспект Машерова;53.915152;27.5735157
праспект Машэрава;17;проспект Машерова;53.915152;27.5735157
праспект Машэрава;30;проспект Машерова;53.915152;27.5735157
праспект Машэрава;11;проспект Машерова;53.915152;27.5735157
праспект Машэрава;18;проспект Машерова;53.915152;27.5735157
праспект Машэрава;54;проспект Машерова;53.915152;27.5735157
праспект Машэрава;9;проспект Машерова;53.915152;27.5735157
праспект Машэрава;14;проспект Машерова;53.915152;27.5735157
праспект Машэрава;76А;проспект Машерова;53.915152;27.5735157
праспект Машэрава;4;проспект Машерова;53.915152;27.5735157
праспект Машэрава;42;проспект Машерова;53.915152;27.5735157
праспект Машэрава;35;проспект Машерова;53.915152;27.5735157
праспект Машэрава;9 к8;проспект Машерова;53.915152;27.5735157
праспект Машэрава;76;проспект Машерова;53.915152;27.5735157
праспект Машэрава;8;проспект Машерова;53.915152;27.5735157
праспект Машэрава;10;проспект Машерова;53.915152;27.5735157
праспект Машэрава;17 к4;проспект Машерова;53.915152;27.5735157
праспект Машэрава;53;проспект Машерова;53.915152;27.5735157
праспект Машэрава;7;проспект Машерова;53.915152;27.5735157
праспект Машэрава;1;проспект Машерова;53.915152;27.5735157
праспект Машэрава;11 к1;проспект Машерова;53.915152;27.5735157
праспект Машэрава;56;проспект Машерова;53.915152;27.5735157
праспект Машэрава;51;проспект Машерова;53.915152;27.5735157
праспект Машэрава;46129;проспект Машерова;53.915152;27.5735157
праспект Машэрава;46068;проспект Машерова;53.915152;27.5735157
праспект Машэрава;3;проспект Машерова;53.915152;27.5735157
праспект Машэрава;11 к11;проспект Машерова;53.915152;27.5735157
праспект Машэрава;46037;проспект Машерова;53.915152;27.5735157
праспект Машэрава;44743;проспект Машерова;53.915152;27.5735157
праспект Машэрава;25 к1;проспект Машерова;53.915152;27.5735157
праспект Машэрава;46098;проспект Машерова;53.915152;27.5735157
праспект Машэрава;19;проспект Машерова;53.915152;27.5735157
праспект Машэрава;58;проспект Машерова;53.915152;27.5735157
праспект Машэрава;80;проспект Машерова;53.915152;27.5735157
праспект Машэрава;70;проспект Машерова;53.915152;27.5735157
праспект Машэрава;11 к10;проспект Машерова;53.915152;27.5735157
праспект Машэрава;19А;проспект Машерова;53.915152;27.5735157
праспект Машэрава;31;проспект Машерова;53.915152;27.5735157
праспект Машэрава;35А;проспект Машерова;53.915152;27.5735157
праспект Міру;1;проспект Мира;53.8671076;27.5464894
праспект Міру;6;проспект Мира;53.8671076;27.5464894
праспект Незалежнасці;49/1;проспект Независимости;53.9094403;27.5763091
праспект Незалежнасці;48;проспект Независимости;53.9094403;27.5763091
праспект Незалежнасці;44;проспект Независимости;53.9094403;27.5763091
праспект Незалежнасці;89;проспект Независимости;53.9094403;27.5763091
праспект Незалежнасці;11;проспект Независимости;53.9094403;27.5763091
праспект Незалежнасці;23;проспект Независимости;53.9094403;27.5763091
праспект Незалежнасці;16;проспект Независимости;53.9094403;27.5763091
праспект Незалежнасці;6;проспект Независимости;53.9094403;27.5763091
праспект Незалежнасці;131 к1;проспект Независимости;53.9094403;27.5763091
праспект Незалежнасці;83;проспект Независимости;53.9094403;27.5763091
праспект Незалежнасці;53;проспект Независимости;53.9094403;27.5763091
праспект Незалежнасці;19;проспект Независимости;53.9094403;27.5763091
праспект Незалежнасці;46;проспект Независимости;53.9094403;27.5763091
праспект Незалежнасці;117;проспект Независимости;53.9094403;27.5763091
праспект Незалежнасці;143 к1;проспект Независимости;53.9094403;27.5763091
праспект Незалежнасці;185;проспект Независимости;53.9094403;27.5763091
праспект Незалежнасці;50;проспект Независимости;53.9094403;27.5763091
праспект Незалежнасці;37;проспект Независимости;53.9094403;27.5763091
праспект Незалежнасці;78;проспект Независимости;53.9094403;27.5763091
праспект Незалежнасці;115;проспект Независимости;53.9094403;27.5763091
праспект Незалежнасці;22;проспект Независимости;53.9094403;27.5763091
праспект Незалежнасці;183;проспект Независимости;53.9094403;27.5763091
праспект Незалежнасці;172;проспект Независимости;53.9094403;27.5763091
праспект Незалежнасці;168/1;проспект Независимости;53.9094403;27.5763091
праспект Незалежнасці;186;проспект Независимости;53.9094403;27.5763091
праспект Незалежнасці;4;проспект Независимости;53.9094403;27.5763091
праспект Незалежнасці;12;проспект Независимости;53.9094403;27.5763091
праспект Незалежнасці;14;проспект Независимости;53.9094403;27.5763091
праспект Незалежнасці;168 к2;проспект Независимости;53.9094403;27.5763091
праспект Незалежнасці;168 к3;проспект Независимости;53.9094403;27.5763091
праспект Незалежнасці;69;проспект Независимости;53.9094403;27.5763091
праспект Незалежнасці;64;проспект Независимости;53.9094403;27.5763091
праспект Незалежнасці;95А;проспект Независимости;53.9094403;27.5763091
праспект Незалежнасці;63;проспект Независимости;53.9094403;27.5763091
праспект Незалежнасці;56;проспект Независимости;53.9094403;27.5763091
праспект Незалежнасці;95;проспект Независимости;53.9094403;27.5763091
праспект Незалежнасці;152;проспект Независимости;53.9094403;27.5763091
праспект Незалежнасці;156;проспект Независимости;53.9094403;27.5763091
праспект Незалежнасці;164;проспект Независимости;53.9094403;27.5763091
праспект Незалежнасці;25;проспект Независимости;53.9094403;27.5763091
праспект Незалежнасці;44Б;проспект Независимости;53.9094403;27.5763091
праспект Незалежнасці;131/1;проспект Независимости;53.9094403;27.5763091
праспект Незалежнасці;39;проспект Независимости;53.9094403;27.5763091
праспект Незалежнасці;177;проспект Независимости;53.9094403;27.5763091
праспект Незалежнасці;169;проспект Независимости;53.9094403;27.5763091
праспект Незалежнасці;111;проспект Независимости;53.9094403;27.5763091
праспект Незалежнасці;87А;проспект Независимости;53.9094403;27.5763091
праспект Незалежнасці;181;проспект Независимости;53.9094403;27.5763091
праспект Незалежнасці;143/1;проспект Независимости;53.9094403;27.5763091
праспект Незалежнасці;3 к2;проспект Независимости;53.9094403;27.5763091
праспект Незалежнасці;168 к1;проспект Независимости;53.9094403;27.5763091
праспект Незалежнасці;13;проспект Независимости;53.9094403;27.5763091
праспект Незалежнасці;51;проспект Независимости;53.9094403;27.5763091
праспект Незалежнасці;103;проспект Независимости;53.9094403;27.5763091
праспект Незалежнасці;109;проспект Независимости;53.9094403;27.5763091
праспект Незалежнасці;102;проспект Независимости;53.9094403;27.5763091
праспект Незалежнасці;72;проспект Независимости;53.9094403;27.5763091
праспект Незалежнасці;58;проспект Независимости;53.9094403;27.5763091
праспект Незалежнасці;99 к2;проспект Независимости;53.9094403;27.5763091
праспект Незалежнасці;38;проспект Независимости;53.9094403;27.5763091
праспект Незалежнасці;165;проспект Независимости;53.9094403;27.5763091
праспект Незалежнасці;32;проспект Независимости;53.9094403;27.5763091
праспект Незалежнасці;57;проспект Независимости;53.9094403;27.5763091
праспект Незалежнасці;165Б;проспект Независимости;53.9094403;27.5763091
праспект Незалежнасці;3;проспект Независимости;53.9094403;27.5763091
праспект Незалежнасці;123;проспект Независимости;53.9094403;27.5763091
праспект Незалежнасці;116;проспект Независимости;53.9094403;27.5763091
праспект Незалежнасці;117А;проспект Независимости;53.9094403;27.5763091
праспект Незалежнасці;21;проспект Независимости;53.9094403;27.5763091
праспект Незалежнасці;44-3H;проспект Независимости;53.9094403;27.5763091
праспект Незалежнасці;46064;проспект Независимости;53.9094403;27.5763091
праспект Незалежнасці;154;проспект Независимости;53.9094403;27.5763091
праспект Незалежнасці;64 к1;проспект Независимости;53.9094403;27.5763091
праспект Незалежнасці;80;проспект Независимости;53.9094403;27.5763091
праспект Незалежнасці;165А;проспект Независимости;53.9094403;27.5763091
праспект Незалежнасці;18;проспект Независимости;53.9094403;27.5763091
праспект Незалежнасці;43;проспект Независимости;53.9094403;27.5763091
праспект Незалежнасці;168/3;проспект Независимости;53.9094403;27.5763091
праспект Незалежнасці;40Б;проспект Независимости;53.9094403;27.5763091
праспект Незалежнасці;47;проспект Независимости;53.9094403;27.5763091
праспект Незалежнасці;179;проспект Независимости;53.9094403;27.5763091
праспект Незалежнасці;5656/3;проспект Независимости;53.9094403;27.5763091
праспект Незалежнасці;65 к2;проспект Независимости;53.9094403;27.5763091
праспект Незалежнасці;110;проспект Независимости;53.9094403;27.5763091
праспект Незалежнасці;40;проспект Независимости;53.9094403;27.5763091
праспект Незалежнасці;146;проспект Независимости;53.9094403;27.5763091
праспект Незалежнасці;35;проспект Независимости;53.9094403;27.5763091
праспект Незалежнасці;58А;проспект Независимости;53.9094403;27.5763091
праспект Незалежнасці;94;проспект Независимости;53.9094403;27.5763091
праспект Незалежнасці;10;проспект Независимости;53.9094403;27.5763091
праспект Незалежнасці;46056;проспект Независимости;53.9094403;27.5763091
праспект Незалежнасці;58/1;проспект Независимости;53.9094403;27.5763091
праспект Незалежнасці;27;проспект Независимости;53.9094403;27.5763091
праспект Незалежнасці;29;проспект Независимости;53.9094403;27.5763091
праспект Незалежнасці;30;проспект Независимости;53.9094403;27.5763091
праспект Незалежнасці;2;проспект Независимости;53.9094403;27.5763091
праспект Незалежнасці;31, подъезд 4;проспект Независимости;53.9094403;27.5763091
праспект Незалежнасці;161;проспект Независимости;53.9094403;27.5763091
праспект Незалежнасці;72А;проспект Независимости;53.9094403;27.5763091
праспект Незалежнасці;68;проспект Независимости;53.9094403;27.5763091
праспект Незалежнасці;66;проспект Независимости;53.9094403;27.5763091
праспект Незалежнасці;90;проспект Независимости;53.9094403;27.5763091
праспект Незалежнасці;90 к2;проспект Независимости;53.9094403;27.5763091
праспект Незалежнасці;96А;проспект Независимости;53.9094403;27.5763091
праспект Незалежнасці;24;проспект Независимости;53.9094403;27.5763091
праспект Незалежнасці;130;проспект Независимости;53.9094403;27.5763091
праспект Незалежнасці;40А;проспект Независимости;53.9094403;27.5763091
праспект Незалежнасці;92;проспект Независимости;53.9094403;27.5763091
праспект Незалежнасці;28;проспект Независимости;53.9094403;27.5763091
праспект Незалежнасці;31;проспект Независимости;53.9094403;27.5763091
праспект Незалежнасці;93Б;проспект Независимости;53.9094403;27.5763091
праспект Незалежнасці;154Д;проспект Независимости;53.9094403;27.5763091
праспект Незалежнасці;58В;проспект Независимости;53.9094403;27.5763091
праспект Незалежнасці;83-2H;проспект Независимости;53.9094403;27.5763091
праспект Незалежнасці;155;проспект Независимости;53.9094403;27.5763091
праспект Незалежнасці;85В;проспект Независимости;53.9094403;27.5763091
праспект Незалежнасці;54;проспект Независимости;53.9094403;27.5763091
праспект Незалежнасці;52;проспект Независимости;53.9094403;27.5763091
праспект Незалежнасці;Переход метро;проспект Независимости;53.9094403;27.5763091
праспект Незалежнасці;Подземный переход;проспект Независимости;53.9094403;27.5763091
праспект Незалежнасці;12/9н;проспект Независимости;53.9094403;27.5763091
праспект Незалежнасці;71;проспект Независимости;53.9094403;27.5763091
праспект Незалежнасці;155/1;проспект Независимости;53.9094403;27.5763091
праспект Незалежнасці;84a;проспект Независимости;53.9094403;27.5763091
праспект Незалежнасці;88;проспект Независимости;53.9094403;27.5763091
праспект Незалежнасці;32А к4;проспект Независимости;53.9094403;27.5763091
праспект Незалежнасці;134;проспект Независимости;53.9094403;27.5763091
праспект Незалежнасці;20;проспект Независимости;53.9094403;27.5763091
праспект Незалежнасці;191 В/2;проспект Независимости;53.9094403;27.5763091
праспект Незалежнасці;191 В/1;проспект Независимости;53.9094403;27.5763091
праспект Незалежнасці;191 В/5;проспект Независимости;53.9094403;27.5763091
праспект Незалежнасці;191 В/6;проспект Независимости;53.9094403;27.5763091
праспект Незалежнасці;191 В/3;проспект Независимости;53.9094403;27.5763091
праспект Незалежнасці;152А;проспект Независимости;53.9094403;27.5763091
праспект Незалежнасці;150;проспект Независимости;53.9094403;27.5763091
праспект Незалежнасці;163;проспект Независимости;53.9094403;27.5763091
праспект Незалежнасці;146А;проспект Независимости;53.9094403;27.5763091
праспект Незалежнасці;137А;проспект Независимости;53.9094403;27.5763091
праспект Незалежнасці;137Б;проспект Независимости;53.9094403;27.5763091
праспект Незалежнасці;125А;проспект Независимости;53.9094403;27.5763091
праспект Незалежнасці;110/1;проспект Независимости;53.9094403;27.5763091
праспект Незалежнасці;86;проспект Независимости;53.9094403;27.5763091
праспект Незалежнасці;99 к9;проспект Независимости;53.9094403;27.5763091
праспект Незалежнасці;99 к12;проспект Независимости;53.9094403;27.5763091
праспект Незалежнасці;99 к5;проспект Независимости;53.9094403;27.5763091
праспект Незалежнасці;99 к4;проспект Независимости;53.9094403;27.5763091
праспект Незалежнасці;97;проспект Независимости;53.9094403;27.5763091
праспект Незалежнасці;99 к6;проспект Независимости;53.9094403;27.5763091
праспект Незалежнасці;76Б;проспект Независимости;53.9094403;27.5763091
праспект Незалежнасці;74Б;проспект Независимости;53.9094403;27.5763091
праспект Незалежнасці;74А;проспект Независимости;53.9094403;27.5763091
праспект Незалежнасці;81;проспект Независимости;53.9094403;27.5763091
праспект Незалежнасці;81А;проспект Независимости;53.9094403;27.5763091
праспект Незалежнасці;73;проспект Независимости;53.9094403;27.5763091
праспект Незалежнасці;67 к2;проспект Независимости;53.9094403;27.5763091
праспект Незалежнасці;64 к6;проспект Независимости;53.9094403;27.5763091
праспект Незалежнасці;65;проспект Независимости;53.9094403;27.5763091
праспект Незалежнасці;65 к4;проспект Независимости;53.9094403;27.5763091
праспект Незалежнасці;65 к1;проспект Независимости;53.9094403;27.5763091
праспект Незалежнасці;62;проспект Независимости;53.9094403;27.5763091
праспект Незалежнасці;58Б;проспект Независимости;53.9094403;27.5763091
праспект Незалежнасці;62А;проспект Независимости;53.9094403;27.5763091
праспект Незалежнасці;59;проспект Независимости;53.9094403;27.5763091
праспект Незалежнасці;58/2;проспект Независимости;53.9094403;27.5763091
праспект Незалежнасці;44А;проспект Независимости;53.9094403;27.5763091
праспект Незалежнасці;26;проспект Независимости;53.9094403;27.5763091
праспект Незалежнасці;15;проспект Независимости;53.9094403;27.5763091
праспект Незалежнасці;148 к3;проспект Независимости;53.9094403;27.5763091
праспект Незалежнасці;100;проспект Независимости;53.9094403;27.5763091
праспект Незалежнасці;76А;проспект Независимости;53.9094403;27.5763091
праспект Незалежнасці;78А;проспект Независимости;53.9094403;27.5763091
праспект Незалежнасці;61;проспект Независимости;53.9094403;27.5763091
праспект Незалежнасці;42;проспект Независимости;53.9094403;27.5763091
праспект Незалежнасці;33;проспект Независимости;53.9094403;27.5763091
праспект Незалежнасці;36;проспект Независимости;53.9094403;27.5763091
праспект Незалежнасці;34;проспект Независимости;53.9094403;27.5763091
праспект Незалежнасці;27А;проспект Независимости;53.9094403;27.5763091
праспект Незалежнасці;17;проспект Независимости;53.9094403;27.5763091
праспект Незалежнасці;154А;проспект Независимости;53.9094403;27.5763091
праспект Незалежнасці;76В;проспект Независимости;53.9094403;27.5763091
праспект Незалежнасці;49А;проспект Независимости;53.9094403;27.5763091
праспект Незалежнасці;99;проспект Независимости;53.9094403;27.5763091
праспект Незалежнасці;32А к3;проспект Независимости;53.9094403;27.5763091
праспект Незалежнасці;99 к3;проспект Независимости;53.9094403;27.5763091
праспект Незалежнасці;32a к1;проспект Независимости;53.9094403;27.5763091
праспект Незалежнасці;32Ас3;проспект Независимости;53.9094403;27.5763091
праспект Незалежнасці;46Д;проспект Независимости;53.9094403;27.5763091
праспект Незалежнасці;64 к4;проспект Независимости;53.9094403;27.5763091
праспект Незалежнасці;148 к1;проспект Независимости;53.9094403;27.5763091
праспект Незалежнасці;148 к2;проспект Независимости;53.9094403;27.5763091
праспект Незалежнасці;148/3;проспект Независимости;53.9094403;27.5763091
праспект Незалежнасці;126;проспект Независимости;53.9094403;27.5763091
праспект Незалежнасці;32А к2;проспект Независимости;53.9094403;27.5763091
праспект Незалежнасці;65 к7;проспект Независимости;53.9094403;27.5763091
праспект Незалежнасці;67;проспект Независимости;53.9094403;27.5763091
праспект Незалежнасці;32В;проспект Независимости;53.9094403;27.5763091
праспект Незалежнасці;39А;проспект Независимости;53.9094403;27.5763091
праспект Незалежнасці;95 к4;проспект Независимости;53.9094403;27.5763091
праспект Незалежнасці;95 к2;проспект Независимости;53.9094403;27.5763091
праспект Незалежнасці;49;проспект Независимости;53.9094403;27.5763091
праспект Незалежнасці,офис 24;46064;проспект Независимости, офис 24;;
праспект Незалежнасьці;19;проспект Независимости;53.9094403;27.5763091
праспект Пераможцаў;45;проспект Победителей;53.9265304;27.5196609
праспект Пераможцаў;102;проспект Победителей;53.9265304;27.5196609
праспект Пераможцаў;75;проспект Победителей;53.9265304;27.5196609
праспект Пераможцаў;49;проспект Победителей;53.9265304;27.5196609
праспект Пераможцаў;1;проспект Победителей;53.9265304;27.5196609
праспект Пераможцаў;84;проспект Победителей;53.9265304;27.5196609
праспект Пераможцаў;11;проспект Победителей;53.9265304;27.5196609
праспект Пераможцаў;5;проспект Победителей;53.9265304;27.5196609
праспект Пераможцаў;31;проспект Победителей;53.9265304;27.5196609
праспект Пераможцаў;19;проспект Победителей;53.9265304;27.5196609
праспект Пераможцаў;7;проспект Победителей;53.9265304;27.5196609
праспект Пераможцаў;27;проспект Победителей;53.9265304;27.5196609
праспект Пераможцаў;20 к1;проспект Победителей;53.9265304;27.5196609
праспект Пераможцаў;120;проспект Победителей;53.9265304;27.5196609
праспект Пераможцаў;59;проспект Победителей;53.9265304;27.5196609
праспект Пераможцаў;20;проспект Победителей;53.9265304;27.5196609
праспект Пераможцаў;9;проспект Победителей;53.9265304;27.5196609
праспект Пераможцаў;65;проспект Победителей;53.9265304;27.5196609
праспект Пераможцаў;23 к2;проспект Победителей;53.9265304;27.5196609
праспект Пераможцаў;46045;проспект Победителей;53.9265304;27.5196609
праспект Пераможцаў;17;проспект Победителей;53.9265304;27.5196609
праспект Пераможцаў;29;проспект Победителей;53.9265304;27.5196609
праспект Пераможцаў;21;проспект Победителей;53.9265304;27.5196609
праспект Пераможцаў;4А;проспект Победителей;53.9265304;27.5196609
праспект Пераможцаў;143;проспект Победителей;53.9265304;27.5196609
праспект Пераможцаў;89;проспект Победителей;53.9265304;27.5196609
праспект Пераможцаў;129;проспект Победителей;53.9265304;27.5196609
праспект Пераможцаў;89 к2;проспект Победителей;53.9265304;27.5196609
праспект Пераможцаў;89 к3;проспект Победителей;53.9265304;27.5196609
праспект Пераможцаў;4;проспект Победителей;53.9265304;27.5196609
праспект Пераможцаў;116;проспект Победителей;53.9265304;27.5196609
праспект Пераможцаў;46076;проспект Победителей;53.9265304;27.5196609
праспект Пераможцаў;23;проспект Победителей;53.9265304;27.5196609
праспект Пераможцаў;10;проспект Победителей;53.9265304;27.5196609
праспект Пераможцаў;65/1;проспект Победителей;53.9265304;27.5196609
праспект Пераможцаў;46101;проспект Победителей;53.9265304;27.5196609
праспект Пераможцаў;57;проспект Победителей;53.9265304;27.5196609
праспект Пераможцаў;141;проспект Победителей;53.9265304;27.5196609
праспект Пераможцаў;7А;проспект Победителей;53.9265304;27.5196609
праспект Пераможцаў;109В;проспект Победителей;53.9265304;27.5196609
праспект Пераможцаў;65 к1;проспект Победителей;53.9265304;27.5196609
праспект Пераможцаў;131;проспект Победителей;53.9265304;27.5196609
праспект Пераможцаў;43/1;проспект Победителей;53.9265304;27.5196609
праспект Пераможцаў;39Б;проспект Победителей;53.9265304;27.5196609
праспект Пераможцаў;106;проспект Победителей;53.9265304;27.5196609
праспект Пераможцаў;63;проспект Победителей;53.9265304;27.5196609
праспект Пераможцаў;93;проспект Победителей;53.9265304;27.5196609
праспект Пераможцаў;75 к1;проспект Победителей;53.9265304;27.5196609
праспект Пераможцаў;75/1;проспект Победителей;53.9265304;27.5196609
праспект Пераможцаў;115;проспект Победителей;53.9265304;27.5196609
праспект Пераможцаў;61;проспект Победителей;53.9265304;27.5196609
праспект Пераможцаў;85;проспект Победителей;53.9265304;27.5196609
праспект Пераможцаў;127;проспект Победителей;53.9265304;27.5196609
праспект Пераможцаў;2;проспект Победителей;53.9265304;27.5196609
праспект Пераможцаў;23 к3;проспект Победителей;53.9265304;27.5196609
праспект Пераможцаў;1 к2;проспект Победителей;53.9265304;27.5196609
праспект Пераможцаў;43/2;проспект Победителей;53.9265304;27.5196609
праспект Пераможцаў;43/3;проспект Победителей;53.9265304;27.5196609
праспект Пераможцаў;73 к1;проспект Победителей;53.9265304;27.5196609
праспект Пераможцаў;95 к1;проспект Победителей;53.9265304;27.5196609
праспект Пераможцаў;105;проспект Победителей;53.9265304;27.5196609
праспект Пераможцаў;63 к1;проспект Победителей;53.9265304;27.5196609
праспект Пераможцаў;111В;проспект Победителей;53.9265304;27.5196609
праспект Пераможцаў;118;проспект Победителей;53.9265304;27.5196609
праспект Пераможцаў;69;проспект Победителей;53.9265304;27.5196609
праспект Пераможцаў;102А;проспект Победителей;53.9265304;27.5196609
праспект Пераможцаў;135;проспект Победителей;53.9265304;27.5196609
праспект Пушкіна;39;проспект Пушкина;53.9230044;27.501846
праспект Пушкіна;28;проспект Пушкина;53.9230044;27.501846
праспект Пушкіна;12А;проспект Пушкина;53.9230044;27.501846
праспект Пушкіна;15А;проспект Пушкина;53.9230044;27.501846
праспект Пушкіна;81;проспект Пушкина;53.9230044;27.501846
праспект Пушкіна;24А;проспект Пушкина;53.9230044;27.501846
праспект Пушкіна;8;проспект Пушкина;53.9230044;27.501846
праспект Пушкіна;12Б;проспект Пушкина;53.9230044;27.501846
праспект Пушкіна;33;проспект Пушкина;53.9230044;27.501846
праспект Пушкіна;3А;проспект Пушкина;53.9230044;27.501846
праспект Пушкіна;16;проспект Пушкина;53.9230044;27.501846
праспект Пушкіна;50;проспект Пушкина;53.9230044;27.501846
праспект Пушкіна;11;проспект Пушкина;53.9230044;27.501846
праспект Пушкіна;29;проспект Пушкина;53.9230044;27.501846
праспект Пушкіна;68А;проспект Пушкина;53.9230044;27.501846
праспект Пушкіна;28А;проспект Пушкина;53.9230044;27.501846
праспект Пушкіна;85;проспект Пушкина;53.9230044;27.501846
праспект Пушкіна;13;проспект Пушкина;53.9230044;27.501846
праспект Пушкіна;14;проспект Пушкина;53.9230044;27.501846
праспект Пушкіна;70А;проспект Пушкина;53.9230044;27.501846
праспект Пушкіна;46073;проспект Пушкина;53.9230044;27.501846
праспект Пушкіна;42;проспект Пушкина;53.9230044;27.501846
праспект Пушкіна;52;проспект Пушкина;53.9230044;27.501846
праспект Пушкіна;29б;проспект Пушкина;53.9230044;27.501846
праспект Пушкіна;37;проспект Пушкина;53.9230044;27.501846
праспект Пушкіна;62;проспект Пушкина;53.9230044;27.501846
праспект Пушкіна;24;проспект Пушкина;53.9230044;27.501846
праспект Пушкіна;87А;проспект Пушкина;53.9230044;27.501846
праспект Пушкіна;43А;проспект Пушкина;53.9230044;27.501846
праспект Пушкіна;41;проспект Пушкина;53.9230044;27.501846
праспект Пушкіна;70;проспект Пушкина;53.9230044;27.501846
праспект Пушкіна;68;проспект Пушкина;53.9230044;27.501846
праспект Пушкіна;53;проспект Пушкина;53.9230044;27.501846
праспект Пушкіна;5А;проспект Пушкина;53.9230044;27.501846
праспект Пушкіна;91;проспект Пушкина;53.9230044;27.501846
праспект Пушкіна;93;проспект Пушкина;53.9230044;27.501846
праспект Пушкіна;89;проспект Пушкина;53.9230044;27.501846
праспект Пушкіна;87;проспект Пушкина;53.9230044;27.501846
праспект Пушкіна;83;проспект Пушкина;53.9230044;27.501846
праспект Пушкіна;61;проспект Пушкина;53.9230044;27.501846
праспект Пушкіна;63;проспект Пушкина;53.9230044;27.501846
праспект Пушкіна;55;проспект Пушкина;53.9230044;27.501846
праспект Пушкіна;59;проспект Пушкина;53.9230044;27.501846
праспект Пушкіна;43;проспект Пушкина;53.9230044;27.501846
праспект Пушкіна;45;проспект Пушкина;53.9230044;27.501846
праспект Пушкіна;51;проспект Пушкина;53.9230044;27.501846
праспект Пушкіна;49;проспект Пушкина;53.9230044;27.501846
праспект Пушкіна;38;проспект Пушкина;53.9230044;27.501846
праспект Пушкіна;36;проспект Пушкина;53.9230044;27.501846
праспект Пушкіна;26;проспект Пушкина;53.9230044;27.501846
праспект Пушкіна;9;проспект Пушкина;53.9230044;27.501846
праспект Пушкіна;5;проспект Пушкина;53.9230044;27.501846
праспект Пушкіна;7;проспект Пушкина;53.9230044;27.501846
праспект Пушкіна;3;проспект Пушкина;53.9230044;27.501846
праспект Пушкіна;17;проспект Пушкина;53.9230044;27.501846
праспект Пушкіна;25А;проспект Пушкина;53.9230044;27.501846
праспект Пушкіна;28В;проспект Пушкина;53.9230044;27.501846
праспект Пушкіна;68 к10;проспект Пушкина;53.9230044;27.501846
праспект Ракасоўскага;150А;проспект Рокоссовского;53.8567405;27.6104178
праспект Ракасоўскага;113;проспект Рокоссовского;53.8567405;27.6104178
праспект Ракасоўскага;145;проспект Рокоссовского;53.8567405;27.6104178
праспект Ракасоўскага;148;проспект Рокоссовского;53.8567405;27.6104178
праспект Ракасоўскага;35;проспект Рокоссовского;53.8567405;27.6104178
праспект Ракасоўскага;17 к1;проспект Рокоссовского;53.8567405;27.6104178
праспект Ракасоўскага;33;проспект Рокоссовского;53.8567405;27.6104178
праспект Ракасоўскага;25 к2;проспект Рокоссовского;53.8567405;27.6104178
праспект Ракасоўскага;98А;проспект Рокоссовского;53.8567405;27.6104178
праспект Ракасоўскага;93;проспект Рокоссовского;53.8567405;27.6104178
праспект Ракасоўскага;119;проспект Рокоссовского;53.8567405;27.6104178
праспект Ракасоўскага;1А;проспект Рокоссовского;53.8567405;27.6104178
праспект Ракасоўскага;50;проспект Рокоссовского;53.8567405;27.6104178
праспект Ракасоўскага;78;проспект Рокоссовского;53.8567405;27.6104178
праспект Ракасоўскага;109;проспект Рокоссовского;53.8567405;27.6104178
праспект Ракасоўскага;114;проспект Рокоссовского;53.8567405;27.6104178
праспект Ракасоўскага;79;проспект Рокоссовского;53.8567405;27.6104178
праспект Ракасоўскага;64;проспект Рокоссовского;53.8567405;27.6104178
праспект Ракасоўскага;2;проспект Рокоссовского;53.8567405;27.6104178
праспект Ракасоўскага;145А;проспект Рокоссовского;53.8567405;27.6104178
праспект Ракасоўскага;62;проспект Рокоссовского;53.8567405;27.6104178
праспект Ракасоўскага;49;проспект Рокоссовского;53.8567405;27.6104178
праспект Ракасоўскага;149;проспект Рокоссовского;53.8567405;27.6104178
праспект Ракасоўскага;150В;проспект Рокоссовского;53.8567405;27.6104178
праспект Ракасоўскага;99;проспект Рокоссовского;53.8567405;27.6104178
праспект Ракасоўскага;145Б;проспект Рокоссовского;53.8567405;27.6104178
праспект Ракасоўскага;140;проспект Рокоссовского;53.8567405;27.6104178
праспект Ракасоўскага;134-1;проспект Рокоссовского;53.8567405;27.6104178
праспект Ракасоўскага;46027;проспект Рокоссовского;53.8567405;27.6104178
праспект Ракасоўскага;150Б;проспект Рокоссовского;53.8567405;27.6104178
праспект Ракасоўскага;12 к1;проспект Рокоссовского;53.8567405;27.6104178
праспект Ракасоўскага;18 к1;проспект Рокоссовского;53.8567405;27.6104178
праспект Ракасоўскага;1;проспект Рокоссовского;53.8567405;27.6104178
праспект Ракасоўскага;44 к2;проспект Рокоссовского;53.8567405;27.6104178
праспект Ракасоўскага;46039;проспект Рокоссовского;53.8567405;27.6104178
праспект Ракасоўскага;80;проспект Рокоссовского;53.8567405;27.6104178
праспект Ракасоўскага;100;проспект Рокоссовского;53.8567405;27.6104178
праспект Ракасоўскага;3;проспект Рокоссовского;53.8567405;27.6104178
праспект Ракасоўскага;148А;проспект Рокоссовского;53.8567405;27.6104178
праспект Ракасоўскага;44;проспект Рокоссовского;53.8567405;27.6104178
праспект Ракасоўскага;138;проспект Рокоссовского;53.8567405;27.6104178
праспект Ракасоўскага;48;проспект Рокоссовского;53.8567405;27.6104178
праспект Ракасоўскага;56;проспект Рокоссовского;53.8567405;27.6104178
праспект Ракасоўскага;46;проспект Рокоссовского;53.8567405;27.6104178
праспект Ракасоўскага;11А;проспект Рокоссовского;53.8567405;27.6104178
праспект Ракасоўскага;54 к1;проспект Рокоссовского;53.8567405;27.6104178
праспект Ракасоўскага;58 к1;проспект Рокоссовского;53.8567405;27.6104178
праспект Ракасоўскага;30 к2;проспект Рокоссовского;53.8567405;27.6104178
праспект Ракасоўскага;52 к1;проспект Рокоссовского;53.8567405;27.6104178
праспект Ракасоўскага;60 к1;проспект Рокоссовского;53.8567405;27.6104178
праспект Ракасоўскага;76;проспект Рокоссовского;53.8567405;27.6104178
праспект Ракасоўскага;74;проспект Рокоссовского;53.8567405;27.6104178
праспект Ракасоўскага;4 к1;проспект Рокоссовского;53.8567405;27.6104178
праспект Ракасоўскага;98;проспект Рокоссовского;53.8567405;27.6104178
праспект Ракасоўскага;14А;проспект Рокоссовского;53.8567405;27.6104178
праспект Ракасоўскага;77В;проспект Рокоссовского;53.8567405;27.6104178
праспект Ракасоўскага;48А;проспект Рокоссовского;53.8567405;27.6104178
праспект Ракасоўскага;18А;проспект Рокоссовского;53.8567405;27.6104178
праспект Ракасоўскага;60А;проспект Рокоссовского;53.8567405;27.6104178
праспект Ракасоўскага;44 к1;проспект Рокоссовского;53.8567405;27.6104178
праспект Ракасоўскага;78-80;проспект Рокоссовского;53.8567405;27.6104178
праспект Ракасоўскага;78А;проспект Рокоссовского;53.8567405;27.6104178
Прывабная вуліца;6;Привабная улица;53.8996955;27.469845
Прывакзальная плошча;3;Привокзальная площадь;53.8912855;27.5499088
Прывакзальная плошча;7;Привокзальная площадь;53.8912855;27.5499088
Прывакзальная плошча;5;Привокзальная площадь;53.8912855;27.5499088
Прыветлівая вуліца;34;Приветливая улица;53.955604;27.5073792
Прыветлівая вуліца;36;Приветливая улица;53.955604;27.5073792
Прыгарадная вуліца;69;Пригородная улица;53.9403099;27.5534749
Прыгожая вуліца;4;Красивая улица;53.8853133;27.5426337
Прыгожая вуліца;10;Красивая улица;53.8853133;27.5426337
Прыгожая вуліца;77;Красивая улица;53.8853133;27.5426337
Прыгожы завулак;5;Красивый переулок;53.8859455;27.5446723
Прыгожы завулак;12;Красивый переулок;53.8859455;27.5446723
Прыгожы завулак;3;Красивый переулок;53.8859455;27.5446723
Прыгожы завулак;10;Красивый переулок;53.8859455;27.5446723
Прыгожы завулак;10А;Красивый переулок;53.8859455;27.5446723
Прыгожы завулак;8;Красивый переулок;53.8859455;27.5446723
Прылуцкая вуліца;52;Прилукская улица;53.8833414;27.4995162
Прылуцкая вуліца;50;Прилукская улица;53.8833414;27.4995162
Прылуцкая вуліца;60;Прилукская улица;53.8833414;27.4995162
Прылуцкая вуліца;46А;Прилукская улица;53.8833414;27.4995162
Прылуцкая вуліца;12;Прилукская улица;53.8833414;27.4995162
Прылуцкая вуліца;6;Прилукская улица;53.8833414;27.4995162
Прылуцкая вуліца;8А;Прилукская улица;53.8833414;27.4995162
Прылуцкая вуліца;10;Прилукская улица;53.8833414;27.4995162
Прылуцкая вуліца;2;Прилукская улица;53.8833414;27.4995162
Прылуцкая вуліца;49;Прилукская улица;53.8833414;27.4995162
Прылуцкая вуліца;47;Прилукская улица;53.8833414;27.4995162
Прылуцкая вуліца;53;Прилукская улица;53.8833414;27.4995162
Прылуцкая вуліца;55;Прилукская улица;53.8833414;27.4995162
Прылуцкая вуліца;61;Прилукская улица;53.8833414;27.4995162
Прылуцкая вуліца;59;Прилукская улица;53.8833414;27.4995162
Прылуцкая вуліца;51;Прилукская улица;53.8833414;27.4995162
Прылуцкая вуліца;45;Прилукская улица;53.8833414;27.4995162
Прылуцкая вуліца;63;Прилукская улица;53.8833414;27.4995162
Прылуцкая вуліца;4;Прилукская улица;53.8833414;27.4995162
Прылуцкая вуліца;21А;Прилукская улица;53.8833414;27.4995162
Прылуцкая вуліца;46;Прилукская улица;53.8833414;27.4995162
Пугачоўская вуліца;2;Пугачёвская улица;53.9151922;27.5760061
Пухавіцкая вуліца;20;Пуховичская улица;53.8477323;27.5470259
Пухавіцкая вуліца;21;Пуховичская улица;53.8477323;27.5470259
Пухавіцкая вуліца;11;Пуховичская улица;53.8477323;27.5470259
Пухавіцкая вуліца;17;Пуховичская улица;53.8477323;27.5470259
Пухавіцкая вуліца;19;Пуховичская улица;53.8477323;27.5470259
Пухавіцкая вуліца;13;Пуховичская улица;53.8477323;27.5470259
Пухавіцкая вуліца;8;Пуховичская улица;53.8477323;27.5470259
Пухавіцкая вуліца;15;Пуховичская улица;53.8477323;27.5470259
Пухавіцкая вуліца;7;Пуховичская улица;53.8477323;27.5470259
Пухавіцкая вуліца;5;Пуховичская улица;53.8477323;27.5470259
Пухавіцкая вуліца;5А;Пуховичская улица;53.8477323;27.5470259
Пуцейская вуліца;11;Путейская улица;53.878707;27.5193465
Пуцейская вуліца;1Г;Путейская улица;53.878707;27.5193465
Пуцейская вуліца;1А;Путейская улица;53.878707;27.5193465
Пуцейскі завулак;11;Путейский переулок;53.8759216;27.5198211
Пуцейскі завулак;46367;Путейский переулок;53.8759216;27.5198211
Рабінніцкая вуліца;26;Рябинницкая улица;53.9624002;27.5149776
Рабкараўская вуліца;17;Рабкоровская улица;53.8884739;27.5416855
Рабкараўская вуліца;25;Рабкоровская улица;53.8884739;27.5416855
Рабкараўская вуліца;19;Рабкоровская улица;53.8884739;27.5416855
Рабкараўская вуліца;13Б;Рабкоровская улица;53.8884739;27.5416855
Рабкараўская вуліца;24 к1;Рабкоровская улица;53.8884739;27.5416855
Рабкараўская вуліца;14;Рабкоровская улица;53.8884739;27.5416855
Рабкараўская вуліца;13А;Рабкоровская улица;53.8884739;27.5416855
Рабкараўская вуліца;24;Рабкоровская улица;53.8884739;27.5416855
Рабкараўская вуліца;21;Рабкоровская улица;53.8884739;27.5416855
Рабкараўская вуліца;13;Рабкоровская улица;53.8884739;27.5416855
Рабкараўская вуліца;15;Рабкоровская улица;53.8884739;27.5416855
Рабкараўская вуліца;13В;Рабкоровская улица;53.8884739;27.5416855
Рабочая вуліца;2;Рабочая улица;54.2333047;28.544272
Рабочая вуліца;27;Рабочая улица;54.2333047;28.544272
Рабочая вуліца;7;Рабочая улица;54.2333047;28.544272
Рабочая вуліца;25;Рабочая улица;54.2333047;28.544272
Рабочая вуліца;4;Рабочая улица;54.2333047;28.544272
Рабочая вуліца;3;Рабочая улица;54.2333047;28.544272
Рабочая вуліца;18;Рабочая улица;54.2333047;28.544272
Рабочая вуліца;19;Рабочая улица;54.2333047;28.544272
Рабочая вуліца;9;Рабочая улица;54.2333047;28.544272
Рабочая вуліца;12;Рабочая улица;54.2333047;28.544272
Рабочая вуліца;1;Рабочая улица;54.2333047;28.544272
Рабочая вуліца;1А;Рабочая улица;54.2333047;28.544272
Рабочая вуліца;8;Рабочая улица;54.2333047;28.544272
Рабочая вуліца;15А;Рабочая улица;54.2333047;28.544272
Рабочая вуліца;5;Рабочая улица;54.2333047;28.544272
Рабочая вуліца;17;Рабочая улица;54.2333047;28.544272
Рабочая вуліца;4А;Рабочая улица;54.2333047;28.544272
Рабочая вуліца;6;Рабочая улица;54.2333047;28.544272
Рабочая вуліца;28;Рабочая улица;54.2333047;28.544272
Рабочая вуліца;30;Рабочая улица;54.2333047;28.544272
Рабочая вуліца;6Б;Рабочая улица;54.2333047;28.544272
Рабочая вуліца;4Б;Рабочая улица;54.2333047;28.544272
Рабочая вуліца;14;Рабочая улица;54.2333047;28.544272
Рабочая вуліца;2А;Рабочая улица;54.2333047;28.544272
Рабочая вуліца;46043;Рабочая улица;54.2333047;28.544272
Рабочы завулак;3;Рабочий переулок;53.8860912;27.58842
Рабочы завулак;6;Рабочий переулок;53.8860912;27.58842
Рабочы завулак;2;Рабочий переулок;53.8860912;27.58842
Рабочы завулак;5;Рабочий переулок;53.8860912;27.58842
Рагачоўскі праезд;15;Рогачёвский проезд;53.8738779;27.5525103
Рагачоўскі праезд;2;Рогачёвский проезд;53.8738779;27.5525103
Рагачоўскі праезд;14;Рогачёвский проезд;53.8738779;27.5525103
Рагачоўскі праезд;1;Рогачёвский проезд;53.8738779;27.5525103
Радашкоўская вуліца;10;Радашковская улица;53.9364712;27.4345367
Радашкоўская вуліца;12;Радашковская улица;53.9364712;27.4345367
Радашкоўская вуліца;8;Радашковская улица;53.9364712;27.4345367
Радашкоўская вуліца;14;Радашковская улица;53.9364712;27.4345367
Радашкоўская вуліца;6;Радашковская улица;53.9364712;27.4345367
Радашкоўскі завулак;12;Радашковский переулок;53.9360039;27.434065
Радашкоўскі завулак;3;Радашковский переулок;53.9360039;27.434065
Радашкоўскі завулак;10;Радашковский переулок;53.9360039;27.434065
Радашкоўскі завулак;10А;Радашковский переулок;53.9360039;27.434065
Радніковая вуліца;20;Родниковая улица;53.9188375;27.6833819
Радніковая вуліца;8;Родниковая улица;53.9188375;27.6833819
Радніковая вуліца;10;Родниковая улица;53.9188375;27.6833819
Радыяльная вуліца;13А;Радиальная улица;53.8743477;27.6513477
Радыяльная вуліца;40/2;Радиальная улица;53.8743477;27.6513477
Радыяльная вуліца;43;Радиальная улица;53.8743477;27.6513477
Радыяльная вуліца;45;Радиальная улица;53.8743477;27.6513477
Радыяльная вуліца;51;Радиальная улица;53.8743477;27.6513477
Радыяльная вуліца;58;Радиальная улица;53.8743477;27.6513477
Радыяльная вуліца;40;Радиальная улица;53.8743477;27.6513477
Радыяльная вуліца;18;Радиальная улица;53.8743477;27.6513477
Радыяльная вуліца;7;Радиальная улица;53.8743477;27.6513477
Радыяльная вуліца;52А;Радиальная улица;53.8743477;27.6513477
Радыяльная вуліца;54/2;Радиальная улица;53.8743477;27.6513477
Радыяльная вуліца;50;Радиальная улица;53.8743477;27.6513477
Радыяльная вуліца;54;Радиальная улица;53.8743477;27.6513477
Радыяльная вуліца;56;Радиальная улица;53.8743477;27.6513477
Радыяльная вуліца;27;Радиальная улица;53.8743477;27.6513477
Разінская вуліца;29;Разинская улица;53.8839967;27.5255283
Разінская вуліца;105;Разинская улица;53.8839967;27.5255283
Разінская вуліца;63;Разинская улица;53.8839967;27.5255283
Разінская вуліца;123;Разинская улица;53.8839967;27.5255283
Разінская вуліца;136;Разинская улица;53.8839967;27.5255283
Разінская вуліца;51;Разинская улица;53.8839967;27.5255283
Разінская вуліца;53;Разинская улица;53.8839967;27.5255283
Разінская вуліца;59;Разинская улица;53.8839967;27.5255283
Разінская вуліца;63А;Разинская улица;53.8839967;27.5255283
Разінская вуліца;93;Разинская улица;53.8839967;27.5255283
Разінская вуліца;42А;Разинская улица;53.8839967;27.5255283
Разінская вуліца;52;Разинская улица;53.8839967;27.5255283
Разінская вуліца;50;Разинская улица;53.8839967;27.5255283
Разінская вуліца;47;Разинская улица;53.8839967;27.5255283
Разінская вуліца;48;Разинская улица;53.8839967;27.5255283
Разінская вуліца;48А;Разинская улица;53.8839967;27.5255283
Разінская вуліца;31;Разинская улица;53.8839967;27.5255283
Разінская вуліца;32;Разинская улица;53.8839967;27.5255283
Разінская вуліца;41;Разинская улица;53.8839967;27.5255283
Разінская вуліца;37;Разинская улица;53.8839967;27.5255283
Разінская вуліца;43;Разинская улица;53.8839967;27.5255283
Разінская вуліца;62;Разинская улица;53.8839967;27.5255283
Разінская вуліца;64;Разинская улица;53.8839967;27.5255283
Разінская вуліца;45А;Разинская улица;53.8839967;27.5255283
Разінская вуліца;7;Разинская улица;53.8839967;27.5255283
Разінская вуліца;39;Разинская улица;53.8839967;27.5255283
Разінская вуліца;68А;Разинская улица;53.8839967;27.5255283
Разінская вуліца;4;Разинская улица;53.8839967;27.5255283
Ракаўская вуліца;18;Раковская улица;53.9051646;27.54624
Ракаўская вуліца;16;Раковская улица;53.9051646;27.54624
Ракаўская вуліца;20;Раковская улица;53.9051646;27.54624
Ракаўская вуліца;36;Раковская улица;53.9051646;27.54624
Ракаўская вуліца;12А;Раковская улица;53.9051646;27.54624
Ракаўская вуліца;19;Раковская улица;53.9051646;27.54624
Ракаўская вуліца;4;Раковская улица;53.9051646;27.54624
Ракаўская вуліца;38;Раковская улица;53.9051646;27.54624
Ракаўская вуліца;27;Раковская улица;53.9051646;27.54624
Ракаўская вуліца;6;Раковская улица;53.9051646;27.54624
Ракаўская вуліца;5;Раковская улица;53.9051646;27.54624
Ракаўская вуліца;1;Раковская улица;53.9051646;27.54624
Ракаўская вуліца;3;Раковская улица;53.9051646;27.54624
Ракаўская вуліца;7;Раковская улица;53.9051646;27.54624
Ракаўская вуліца;19А;Раковская улица;53.9051646;27.54624
Ракаўская вуліца;1А;Раковская улица;53.9051646;27.54624
Ратамская вуліца;1Б;Ратамская улица;53.9382477;27.4530325
Ратамская вуліца;7;Ратамская улица;53.9382477;27.4530325
Ратамская вуліца;3;Ратамская улица;53.9382477;27.4530325
Ратамская вуліца;9;Ратамская улица;53.9382477;27.4530325
Ратамская вуліца;15;Ратамская улица;53.9382477;27.4530325
Ратамская вуліца;8;Ратамская улица;53.9382477;27.4530325
Ратамская вуліца;5;Ратамская улица;53.9382477;27.4530325
Ратамская вуліца;2;Ратамская улица;53.9382477;27.4530325
Ратамская вуліца;10;Ратамская улица;53.9382477;27.4530325
Ратамская вуліца;4;Ратамская улица;53.9382477;27.4530325
Ратамская вуліца;12;Ратамская улица;53.9382477;27.4530325
Ратамская вуліца;1;Ратамская улица;53.9382477;27.4530325
Ратамская вуліца;1А к8;Ратамская улица;53.9382477;27.4530325
Ратамская вуліца;1А к11;Ратамская улица;53.9382477;27.4530325
Ратамская вуліца;14;Ратамская улица;53.9382477;27.4530325
Ратамская вуліца;1А к10;Ратамская улица;53.9382477;27.4530325
Ратамская вуліца;1А к12;Ратамская улица;53.9382477;27.4530325
Ратамская вуліца;13;Ратамская улица;53.9382477;27.4530325
Ратамская вуліца;1А к5;Ратамская улица;53.9382477;27.4530325
Ратамская вуліца;1А к13;Ратамская улица;53.9382477;27.4530325
Ратамская вуліца;1А;Ратамская улица;53.9382477;27.4530325
Ратамская вуліца;1А к1;Ратамская улица;53.9382477;27.4530325
Ратамская вуліца;1А к4;Ратамская улица;53.9382477;27.4530325
Ратамская вуліца;1А к7;Ратамская улица;53.9382477;27.4530325
Ратамская вуліца;1А к6;Ратамская улица;53.9382477;27.4530325
Ратамская вуліца;1А к15;Ратамская улица;53.9382477;27.4530325
Ратамская вуліца;1А к14;Ратамская улица;53.9382477;27.4530325
Ратамская вуліца;1А к2;Ратамская улица;53.9382477;27.4530325
Ратамская вуліца;1А к3;Ратамская улица;53.9382477;27.4530325
Ратамская вуліца;1А к16;Ратамская улица;53.9382477;27.4530325
Ратамская вуліца;1А к17;Ратамская улица;53.9382477;27.4530325
Ратамская вуліца;34;Ратамская улица;53.9382477;27.4530325
Ратамская вуліца;32;Ратамская улица;53.9382477;27.4530325
Ратамская вуліца;30;Ратамская улица;53.9382477;27.4530325
Ратамская вуліца;2А;Ратамская улица;53.9382477;27.4530325
Ратамская вуліца;50;Ратамская улица;53.9382477;27.4530325
Ратамская вуліца;46;Ратамская улица;53.9382477;27.4530325
Ратамская вуліца;44;Ратамская улица;53.9382477;27.4530325
Ратамская вуліца;42;Ратамская улица;53.9382477;27.4530325
Ратамская вуліца;40;Ратамская улица;53.9382477;27.4530325
Ратамская вуліца;38;Ратамская улица;53.9382477;27.4530325
Ратамская вуліца;36;Ратамская улица;53.9382477;27.4530325
Рачная вуліца;1;Речная улица;53.9418227;27.4913215
Рачная вуліца;5;Речная улица;53.9418227;27.4913215
Рачная вуліца;2;Речная улица;53.9418227;27.4913215
Рачная вуліца;7;Речная улица;53.9418227;27.4913215
Рачная вуліца;9;Речная улица;53.9418227;27.4913215
Ржавецкая вуліца;3;Ржавецкая улица;53.9375359;27.4612364
Ржавецкая вуліца;5;Ржавецкая улица;53.9375359;27.4612364
Ржавецкая вуліца;49;Ржавецкая улица;53.9375359;27.4612364
Роменская вуліца;12;Романская улица;53.8651778;27.5635168
Роменская вуліца;10;Романская улица;53.8651778;27.5635168
Роменская вуліца;4;Романская улица;53.8651778;27.5635168
Роменская вуліца;8А;Романская улица;53.8651778;27.5635168
Рыжская вуліца;26;Рижская улица;53.861152;27.52702
Рыжская вуліца;37;Рижская улица;53.861152;27.52702
Рыжская вуліца;23;Рижская улица;53.861152;27.52702
Рыжская вуліца;16;Рижская улица;53.861152;27.52702
Рыжская вуліца;3;Рижская улица;53.861152;27.52702
Рыжская вуліца;33;Рижская улица;53.861152;27.52702
Рыжская вуліца;35;Рижская улица;53.861152;27.52702
Рыжская вуліца;25;Рижская улица;53.861152;27.52702
Рыжская вуліца;27;Рижская улица;53.861152;27.52702
Рыжская вуліца;31;Рижская улица;53.861152;27.52702
Рыжская вуліца;29;Рижская улица;53.861152;27.52702
Рыжская вуліца;11;Рижская улица;53.861152;27.52702
Рыжская вуліца;17;Рижская улица;53.861152;27.52702
Рыжская вуліца;15;Рижская улица;53.861152;27.52702
Рыжская вуліца;7;Рижская улица;53.861152;27.52702
Рыжская вуліца;19;Рижская улица;53.861152;27.52702
Рыжская вуліца;9;Рижская улица;53.861152;27.52702
Рыжская вуліца;18;Рижская улица;53.861152;27.52702
Рыжская вуліца;13;Рижская улица;53.861152;27.52702
Рэвалюцыйная вуліца;10;Революционная улица;53.9037057;27.5542093
Рэвалюцыйная вуліца;9;Революционная улица;53.9037057;27.5542093
Рэвалюцыйная вуліца;13;Революционная улица;53.9037057;27.5542093
Рэвалюцыйная вуліца;12;Революционная улица;53.9037057;27.5542093
Рэвалюцыйная вуліца;16;Революционная улица;53.9037057;27.5542093
Рэвалюцыйная вуліца;7;Революционная улица;53.9037057;27.5542093
Рэвалюцыйная вуліца;17;Революционная улица;53.9037057;27.5542093
Рэвалюцыйная вуліца;28;Революционная улица;53.9037057;27.5542093
Рэвалюцыйная вуліца;8;Революционная улица;53.9037057;27.5542093
Рэвалюцыйная вуліца;18;Революционная улица;53.9037057;27.5542093
Рэвалюцыйная вуліца;2;Революционная улица;53.9037057;27.5542093
Рэвалюцыйная вуліца;14;Революционная улица;53.9037057;27.5542093
Рэвалюцыйная вуліца;4;Революционная улица;53.9037057;27.5542093
Рэвалюцыйная вуліца;1А;Революционная улица;53.9037057;27.5542093
Рэвалюцыйная вуліца;24Б;Революционная улица;53.9037057;27.5542093
Рэвалюцыйная вуліца;9А;Революционная улица;53.9037057;27.5542093
Рэвалюцыйная вуліца;22;Революционная улица;53.9037057;27.5542093
Рэвалюцыйная вуліца;24;Революционная улица;53.9037057;27.5542093
Рэвалюцыйная вуліца;6;Революционная улица;53.9037057;27.5542093
Рэвалюцыйная вуліца;8А;Революционная улица;53.9037057;27.5542093
Рэвалюцыйная вуліца;15А;Революционная улица;53.9037057;27.5542093
Рэвалюцыйная вуліца;30;Революционная улица;53.9037057;27.5542093
Рэвалюцыйная вуліца;32;Революционная улица;53.9037057;27.5542093
Рэвалюцыйная вуліца;26;Революционная улица;53.9037057;27.5542093
Рэвалюцыйная вуліца;1;Революционная улица;53.9037057;27.5542093
Рэвалюцыйная вуліца;3;Революционная улица;53.9037057;27.5542093
Рэвалюцыйная вуліца;24А;Революционная улица;53.9037057;27.5542093
Рэвалюцыйная вуліца;26А;Революционная улица;53.9037057;27.5542093
Савецкая вуліца;11;Советская улица;53.8948316;27.5444272
Савецкая вуліца;12;Советская улица;53.8948316;27.5444272
Савецкая вуліца;9;Советская улица;53.8948316;27.5444272
Савецкая вуліца;13;Советская улица;53.8948316;27.5444272
Савецкая вуліца;15;Советская улица;53.8948316;27.5444272
Садовая вуліца;21;Садовая улица;53.9436006;27.7129341
Садовая вуліца;23;Садовая улица;53.9436006;27.7129341
Садовая вуліца;25;Садовая улица;53.9436006;27.7129341
Садовая вуліца;27;Садовая улица;53.9436006;27.7129341
Садовая вуліца;9;Садовая улица;53.9436006;27.7129341
Садовая вуліца;2;Садовая улица;53.9436006;27.7129341
Садовая вуліца;8;Садовая улица;53.9436006;27.7129341
Садовая вуліца;15;Садовая улица;53.9436006;27.7129341
Садовая вуліца;6;Садовая улица;53.9436006;27.7129341
Садовая вуліца;3;Садовая улица;53.9436006;27.7129341
Садовая вуліца;4;Садовая улица;53.9436006;27.7129341
Садовая вуліца;10;Садовая улица;53.9436006;27.7129341
Садовая вуліца;14;Садовая улица;53.9436006;27.7129341
Садовая вуліца;7;Садовая улица;53.9436006;27.7129341
Садовая вуліца;12;Садовая улица;53.9436006;27.7129341
Садовая вуліца;22;Садовая улица;53.9436006;27.7129341
Садовая вуліца;30;Садовая улица;53.9436006;27.7129341
Садовая вуліца;18;Садовая улица;53.9436006;27.7129341
Садовая вуліца;34;Садовая улица;53.9436006;27.7129341
Садовая вуліца;26;Садовая улица;53.9436006;27.7129341
Садовая вуліца;4В;Садовая улица;53.9436006;27.7129341
Садовая вуліца;3А;Садовая улица;53.9436006;27.7129341
Садовая вуліца;1В;Садовая улица;53.9436006;27.7129341
Садовая вуліца;5;Садовая улица;53.9436006;27.7129341
Садовая вуліца;11;Садовая улица;53.9436006;27.7129341
Садовая вуліца;16;Садовая улица;53.9436006;27.7129341
Садовая вуліца;33;Садовая улица;53.9436006;27.7129341
Садовая вуліца;4А;Садовая улица;53.9436006;27.7129341
Саламяная вуліца;23А;Соломенная улица;53.8980842;27.5847605
Самарскі завулак;11;Самарский переулок;53.8870051;27.5576096
Самарскі завулак;12;Самарский переулок;53.8870051;27.5576096
Самарскі завулак;7;Самарский переулок;53.8870051;27.5576096
Самарскі завулак;5;Самарский переулок;53.8870051;27.5576096
Самарскі завулак;8 к3;Самарский переулок;53.8870051;27.5576096
Самарскі завулак;8 к2;Самарский переулок;53.8870051;27.5576096
Самарскі завулак;8 к1;Самарский переулок;53.8870051;27.5576096
Сасновая вуліца;18;Сосновая улица;53.9091463;27.6551734
Сасновая вуліца;20А;Сосновая улица;53.9091463;27.6551734
Сасновая вуліца;9А;Сосновая улица;53.9091463;27.6551734
Сасновы завулак;2;Сосновый переулок;54.0988483;28.2597938
Сацыялістычная вуліца;26;Социалистическая улица;53.8626077;27.6602552
Сацыялістычная вуліца;5;Социалистическая улица;53.8626077;27.6602552
Светлая вуліца;10;Светлая улица;53.935268;27.6251403
Светлая вуліца;11;Светлая улица;53.935268;27.6251403
Светлая вуліца;1;Светлая улица;53.935268;27.6251403
Светлая вуліца;2;Светлая улица;53.935268;27.6251403
Светлая вуліца;8;Светлая улица;53.935268;27.6251403
Светлая вуліца;9;Светлая улица;53.935268;27.6251403
Светлая вуліца;15;Светлая улица;53.935268;27.6251403
Свіслацкая вуліца;9;Свислочская улица;53.8385381;27.6769833
Свіслацкая вуліца;39/4;Свислочская улица;53.8385381;27.6769833
Свіслацкая вуліца;21;Свислочская улица;53.8385381;27.6769833
Свіслацкая вуліца;39;Свислочская улица;53.8385381;27.6769833
Свіслацкая вуліца;23;Свислочская улица;53.8385381;27.6769833
Севастопальская вуліца;2А;Севастопольская улица;53.940249;27.6156943
Севастопальская вуліца;23;Севастопольская улица;53.940249;27.6156943
Севастопальская вуліца;25;Севастопольская улица;53.940249;27.6156943
Сельская вуліца;7;Сельская улица;54.502757;26.8998967
Сельская вуліца;6;Сельская улица;54.502757;26.8998967
Сельская вуліца;1;Сельская улица;54.502757;26.8998967
Сельская вуліца;5;Сельская улица;54.502757;26.8998967
Сенніцкая вуліца;98;Сенницкая улица;53.8746203;27.5509872
Сенніцкая вуліца;104;Сенницкая улица;53.8746203;27.5509872
Сенніцкая вуліца;108;Сенницкая улица;53.8746203;27.5509872
Сенніцкая вуліца;110;Сенницкая улица;53.8746203;27.5509872
Сенніцкая вуліца;114;Сенницкая улица;53.8746203;27.5509872
Сенніцкая вуліца;36;Сенницкая улица;53.8746203;27.5509872
Сенніцкая вуліца;41;Сенницкая улица;53.8746203;27.5509872
Сенніцкая вуліца;53;Сенницкая улица;53.8746203;27.5509872
Сенніцкая вуліца;48;Сенницкая улица;53.8746203;27.5509872
Сенніцкая вуліца;33;Сенницкая улица;53.8746203;27.5509872
Сенніцкая вуліца;39;Сенницкая улица;53.8746203;27.5509872
Сенніцкая вуліца;44;Сенницкая улица;53.8746203;27.5509872
Сенніцкая вуліца;38;Сенницкая улица;53.8746203;27.5509872
Сенніцкая вуліца;64;Сенницкая улица;53.8746203;27.5509872
Сенніцкая вуліца;66;Сенницкая улица;53.8746203;27.5509872
Сенніцкая вуліца;54А;Сенницкая улица;53.8746203;27.5509872
Сенніцкая вуліца;68;Сенницкая улица;53.8746203;27.5509872
Сенніцкая вуліца;62;Сенницкая улица;53.8746203;27.5509872
Сенніцкая вуліца;102;Сенницкая улица;53.8746203;27.5509872
Сенніцкая вуліца;5;Сенницкая улица;53.8746203;27.5509872
Сенніцкая вуліца;43;Сенницкая улица;53.8746203;27.5509872
Сенніцкі праезд;1;Сенницкий проезд;53.874058;27.5500727
Сенніцкі праезд;7;Сенницкий проезд;53.874058;27.5500727
Сенніцкі праезд;9;Сенницкий проезд;53.874058;27.5500727
Сенніцкі праезд;15;Сенницкий проезд;53.874058;27.5500727
Слабадская вуліца;70;Слободская улица;53.8452337;27.4544553
Слабадская вуліца;27;Слободская улица;53.8452337;27.4544553
Слабадская вуліца;95;Слободская улица;53.8452337;27.4544553
Слабадская вуліца;11;Слободская улица;53.8452337;27.4544553
Слабадская вуліца;138;Слободская улица;53.8452337;27.4544553
Слабадская вуліца;136;Слободская улица;53.8452337;27.4544553
Слабадская вуліца;131;Слободская улица;53.8452337;27.4544553
Слабадская вуліца;101;Слободская улица;53.8452337;27.4544553
Слабадская вуліца;51;Слободская улица;53.8452337;27.4544553
Слабадская вуліца;177;Слободская улица;53.8452337;27.4544553
Слабадская вуліца;63;Слободская улица;53.8452337;27.4544553
Слабадская вуліца;2;Слободская улица;53.8452337;27.4544553
Слабадская вуліца;130;Слободская улица;53.8452337;27.4544553
Слабадская вуліца;130А;Слободская улица;53.8452337;27.4544553
Слабадская вуліца;76;Слободская улица;53.8452337;27.4544553
Слабадская вуліца;74;Слободская улица;53.8452337;27.4544553
Слабадская вуліца;72;Слободская улица;53.8452337;27.4544553
Слабадская вуліца;6;Слободская улица;53.8452337;27.4544553
Славянская вуліца;5;Славянская улица;53.9330491;27.7167643
Славянская вуліца;3;Славянская улица;53.9330491;27.7167643
Славянская вуліца;1;Славянская улица;53.9330491;27.7167643
Славянская вуліца;7;Славянская улица;53.9330491;27.7167643
Славянская вуліца;2А;Славянская улица;53.9330491;27.7167643
Славянская вуліца;11;Славянская улица;53.9330491;27.7167643
Славянская вуліца;15;Славянская улица;53.9330491;27.7167643
Славянская вуліца;23;Славянская улица;53.9330491;27.7167643
Славянская вуліца;17;Славянская улица;53.9330491;27.7167643
Славянская вуліца;21;Славянская улица;53.9330491;27.7167643
Славянская вуліца;4;Славянская улица;53.9330491;27.7167643
Славянская вуліца;8;Славянская улица;53.9330491;27.7167643
Славянская вуліца;2;Славянская улица;53.9330491;27.7167643
Славянскі завулак;13;Славянский переулок;53.9674222;27.6638275
Слонімская вуліца;27А;Слонимская улица;53.8819747;27.5468983
Слонімская вуліца;3;Слонимская улица;53.8819747;27.5468983
Слуцкая вуліца;51В;Слуцкая улица;53.2154649;26.6916773
Слуцкая шаша;59;Слуцкое шоссе;52.8633707;27.4729322
Слуцкая шаша;51А;Слуцкое шоссе;52.8633707;27.4729322
Слуцкая шаша;51Б;Слуцкое шоссе;52.8633707;27.4729322
Слуцкая шаша;18;Слуцкое шоссе;52.8633707;27.4729322
Слясарная вуліца;48;Слесарная улица;53.9008678;27.5877016
Смаленская вуліца;3;Смоленская улица;53.8931912;27.5893722
Смаленская вуліца;15;Смоленская улица;53.8931912;27.5893722
Смаленская вуліца;15А;Смоленская улица;53.8931912;27.5893722
Смаленская вуліца;52А;Смоленская улица;53.8931912;27.5893722
Смарагдавая вуліца;17;Изумрудная улица;54.0786584;28.2704111
Смаргоўскі тракт;99;Смарговский тракт;53.9322037;27.5521462
Смаргоўскі тракт;81;Смарговский тракт;53.9322037;27.5521462
Смаргоўскі тракт;90;Смарговский тракт;53.9322037;27.5521462
Смаргоўскі тракт;72;Смарговский тракт;53.9322037;27.5521462
Смаргоўскі тракт;67;Смарговский тракт;53.9322037;27.5521462
Смаргоўскі тракт;33;Смарговский тракт;53.9322037;27.5521462
Сморгаўскі праезд;73;Сморговский проезд;53.9351738;27.5539914
Сморгаўскі праезд;25;Сморговский проезд;53.9351738;27.5539914
Сморгаўскі тракт;83;Сморговский тракт;53.9306428;27.5512926
Сморгаўскі тракт;97;Сморговский тракт;53.9306428;27.5512926
Сморгаўскі тракт;71;Сморговский тракт;53.9306428;27.5512926
Сморгаўскі тракт;7;Сморговский тракт;53.9306428;27.5512926
Снежны завулак;4;Снежный переулок;53.9015126;27.5138471
Сонечная вуліца;6;Солнечная улица;53.8633642;27.5605918
Сонечная вуліца;3;Солнечная улица;53.8633642;27.5605918
Сонечная вуліца;32;Солнечная улица;53.8633642;27.5605918
Сонечная вуліца;1;Солнечная улица;53.8633642;27.5605918
Сонечная вуліца;23-24;Солнечная улица;53.8633642;27.5605918
Сонечная вуліца;14;Солнечная улица;53.8633642;27.5605918
Сонечная вуліца;19;Солнечная улица;53.8633642;27.5605918
Сонечная вуліца;18;Солнечная улица;53.8633642;27.5605918
Сонечная вуліца;16;Солнечная улица;53.8633642;27.5605918
Сонечная вуліца;13;Солнечная улица;53.8633642;27.5605918
Сонечная вуліца;7;Солнечная улица;53.8633642;27.5605918
Сонечная вуліца;4;Солнечная улица;53.8633642;27.5605918
Сонечная вуліца;5;Солнечная улица;53.8633642;27.5605918
Сонечная вуліца;2;Солнечная улица;53.8633642;27.5605918
Сонечная вуліца;12;Солнечная улица;53.8633642;27.5605918
Сонечная вуліца;10;Солнечная улица;53.8633642;27.5605918
Сонечная вуліца;17;Солнечная улица;53.8633642;27.5605918
Сонечная вуліца;8;Солнечная улица;53.8633642;27.5605918
Сонечная вуліца;21;Солнечная улица;53.8633642;27.5605918
Сонечная вуліца;5А;Солнечная улица;53.8633642;27.5605918
Сонечная вуліца;7А;Солнечная улица;53.8633642;27.5605918
Сонечная вуліца;15;Солнечная улица;53.8633642;27.5605918
Сонечная вуліца;21А;Солнечная улица;53.8633642;27.5605918
Сонечная вуліца;11;Солнечная улица;53.8633642;27.5605918
Сонечная вуліца;20;Солнечная улица;53.8633642;27.5605918
Сонечная вуліца;22;Солнечная улица;53.8633642;27.5605918
Спартыўная вуліца;1Б;Спортивная улица;54.3305133;26.8850792
Спартыўная вуліца;3;Спортивная улица;54.3305133;26.8850792
Спартыўная вуліца;16;Спортивная улица;54.3305133;26.8850792
Спартыўная вуліца;11;Спортивная улица;54.3305133;26.8850792
Спартыўная вуліца;4;Спортивная улица;54.3305133;26.8850792
Спартыўная вуліца;2;Спортивная улица;54.3305133;26.8850792
Спартыўная вуліца;12;Спортивная улица;54.3305133;26.8850792
Спартыўная вуліца;1;Спортивная улица;54.3305133;26.8850792
Спартыўная вуліца;12А;Спортивная улица;54.3305133;26.8850792
Спартыўная вуліца;18;Спортивная улица;54.3305133;26.8850792
Стадыённая вуліца;5;Стадионная улица;53.9368021;27.5361392
Старавіленская вуліца;100;Старавиленская улица;53.9228563;27.5640704
Старавіленская вуліца;48;Старавиленская улица;53.9228563;27.5640704
Старавіленская вуліца;49;Старавиленская улица;53.9228563;27.5640704
Старавіленская вуліца;131 к2;Старавиленская улица;53.9228563;27.5640704
Старавіленская вуліца;131;Старавиленская улица;53.9228563;27.5640704
Старавіленская вуліца;14;Старавиленская улица;53.9228563;27.5640704
Старавіленская вуліца;50;Старавиленская улица;53.9228563;27.5640704
Старавіленская вуліца;129;Старавиленская улица;53.9228563;27.5640704
Старавіленская вуліца;6;Старавиленская улица;53.9228563;27.5640704
Старавіленская вуліца;127;Старавиленская улица;53.9228563;27.5640704
Старавіленская вуліца;125;Старавиленская улица;53.9228563;27.5640704
Старавіленская вуліца;131 к3;Старавиленская улица;53.9228563;27.5640704
Старавіленская вуліца;123А;Старавиленская улица;53.9228563;27.5640704
Старавіленская вуліца;57;Старавиленская улица;53.9228563;27.5640704
Старавіленская вуліца;52;Старавиленская улица;53.9228563;27.5640704
Старавіленская вуліца;51;Старавиленская улица;53.9228563;27.5640704
Старавіленская вуліца;54;Старавиленская улица;53.9228563;27.5640704
Старавіленская вуліца;44;Старавиленская улица;53.9228563;27.5640704
Старавіленская вуліца;46;Старавиленская улица;53.9228563;27.5640704
Старавіленская вуліца;10;Старавиленская улица;53.9228563;27.5640704
Старавіленская вуліца;56;Старавиленская улица;53.9228563;27.5640704
Старавіленская вуліца;4;Старавиленская улица;53.9228563;27.5640704
Старавіленская вуліца;48/3;Старавиленская улица;53.9228563;27.5640704
Старавіленскі тракт;26;Старовиленский тракт;53.9349514;27.5417265
Старавіленскі тракт;26 к2;Старовиленский тракт;53.9349514;27.5417265
Старавіленскі тракт;10;Старовиленский тракт;53.9349514;27.5417265
Старавіленскі тракт;30Б;Старовиленский тракт;53.9349514;27.5417265
Старавіленскі тракт;74;Старовиленский тракт;53.9349514;27.5417265
Старавіленскі тракт;47;Старовиленский тракт;53.9349514;27.5417265
Старавіленскі тракт;46048;Старовиленский тракт;53.9349514;27.5417265
Старавіленскі тракт;28 к1;Старовиленский тракт;53.9349514;27.5417265
Старавіленскі тракт;46050;Старовиленский тракт;53.9349514;27.5417265
Старавіленскі тракт;41А;Старовиленский тракт;53.9349514;27.5417265
Старавіленскі тракт;5;Старовиленский тракт;53.9349514;27.5417265
Старажоўская вуліца;3;Старажовская улица;53.9154648;27.5508093
Старажоўская вуліца;8;Старажовская улица;53.9154648;27.5508093
Старажоўская вуліца;8А;Старажовская улица;53.9154648;27.5508093
Старажоўская вуліца;15А;Старажовская улица;53.9154648;27.5508093
Старажоўская вуліца;2;Старажовская улица;53.9154648;27.5508093
Старажоўская вуліца;10;Старажовская улица;53.9154648;27.5508093
Старажоўская вуліца;1;Старажовская улица;53.9154648;27.5508093
Старажоўская вуліца;6;Старажовская улица;53.9154648;27.5508093
Старажоўская вуліца;7;Старажовская улица;53.9154648;27.5508093
Старажоўская вуліца;15;Старажовская улица;53.9154648;27.5508093
Старобінская вуліца;15;Старобинская улица;53.8383038;27.6407765
Старобінская вуліца;16;Старобинская улица;53.8383038;27.6407765
Старобінская вуліца;19;Старобинская улица;53.8383038;27.6407765
Старынаўская вуліца;29;Стариновская улица;53.9355591;27.7140592
Старынаўская вуліца;15;Стариновская улица;53.9355591;27.7140592
Старынаўская вуліца;37;Стариновская улица;53.9355591;27.7140592
Старынаўская вуліца;17;Стариновская улица;53.9355591;27.7140592
Старынаўская вуліца;13;Стариновская улица;53.9355591;27.7140592
Старынаўская вуліца;2;Стариновская улица;53.9355591;27.7140592
Старынаўская вуліца;27;Стариновская улица;53.9355591;27.7140592
Старынаўская вуліца;19;Стариновская улица;53.9355591;27.7140592
Стаўбцоўская вуліца;1;Стаубцовская улица;53.83694;27.6477447
Стаўбцоўская вуліца;2;Стаубцовская улица;53.83694;27.6477447
Стаўбцоўская вуліца;62;Стаубцовская улица;53.83694;27.6477447
Стаханаўская вуліца;38;Стахановская улица;53.8852969;27.6109624
Стаханаўская вуліца;2;Стахановская улица;53.8852969;27.6109624
Стаханаўская вуліца;1;Стахановская улица;53.8852969;27.6109624
Стаханаўская вуліца;5;Стахановская улица;53.8852969;27.6109624
Стаханаўская вуліца;6;Стахановская улица;53.8852969;27.6109624
Стаханаўская вуліца;14;Стахановская улица;53.8852969;27.6109624
Стаханаўская вуліца;18;Стахановская улица;53.8852969;27.6109624
Стаханаўская вуліца;24;Стахановская улица;53.8852969;27.6109624
Стаханаўская вуліца;21;Стахановская улица;53.8852969;27.6109624
Стаханаўская вуліца;23;Стахановская улица;53.8852969;27.6109624
Стаханаўская вуліца;26;Стахановская улица;53.8852969;27.6109624
Стаханаўская вуліца;10А;Стахановская улица;53.8852969;27.6109624
Стаханаўская вуліца;41;Стахановская улица;53.8852969;27.6109624
Стаханаўская вуліца;33;Стахановская улица;53.8852969;27.6109624
Стаханаўскі завулак;4;Стаханавский переулок;53.8886659;27.6057405
Стаханаўскі завулак;5;Стаханавский переулок;53.8886659;27.6057405
Стралковая вуліца;7;Стрельба на улице;53.8887325;27.5909558
Стралковая вуліца;8;Стрельба на улице;53.8887325;27.5909558
Стругаўская вуліца;27;Стругавская улица;53.9365276;27.4400858
Стругаўская вуліца;3;Стругавская улица;53.9365276;27.4400858
Студэнцкая вуліца;10;Студенческая улица;53.8872024;27.5515968
Студэнцкая вуліца;12;Студенческая улица;53.8872024;27.5515968
Студэнцкая вуліца;3;Студенческая улица;53.8872024;27.5515968
Студэнцкі завулак;8А;Студенческий переулок;53.8870956;27.5500149
Студэнцкі завулак;11;Студенческий переулок;53.8870956;27.5500149
Студэнцкі завулак;8;Студенческий переулок;53.8870956;27.5500149
Студэнцкі завулак;2А;Студенческий переулок;53.8870956;27.5500149
Студэнцкі завулак;9;Студенческий переулок;53.8870956;27.5500149
Студэнцкі завулак;7;Студенческий переулок;53.8870956;27.5500149
Студэнцкі завулак;2;Студенческий переулок;53.8870956;27.5500149
Студэнцкі завулак;5;Студенческий переулок;53.8870956;27.5500149
Студэнцкі завулак;10А;Студенческий переулок;53.8870956;27.5500149
Студэнцкі завулак;4;Студенческий переулок;53.8870956;27.5500149
Студэнцкі завулак;10;Студенческий переулок;53.8870956;27.5500149
Студэнцкі завулак;6;Студенческий переулок;53.8870956;27.5500149
Студэнцкі завулак;3;Студенческий переулок;53.8870956;27.5500149
Стэпавы завулак;3;Степной переулок;53.8864532;27.5463188
Стэпавы завулак;5А;Степной переулок;53.8864532;27.5463188
Стэпавы завулак;5;Степной переулок;53.8864532;27.5463188
Суражская вуліца;10;Суражская улица;53.8857401;27.5403209
Суражская вуліца;1;Суражская улица;53.8857401;27.5403209
Суражская вуліца;28;Суражская улица;53.8857401;27.5403209
Суражская вуліца;4;Суражская улица;53.8857401;27.5403209
Суражская вуліца;8А;Суражская улица;53.8857401;27.5403209
Суражская вуліца;6А;Суражская улица;53.8857401;27.5403209
Суражская вуліца;15Б;Суражская улица;53.8857401;27.5403209
Суражская вуліца;15А;Суражская улица;53.8857401;27.5403209
Суражская вуліца;7А;Суражская улица;53.8857401;27.5403209
Суражская вуліца;15;Суражская улица;53.8857401;27.5403209
Суражская вуліца;8;Суражская улица;53.8857401;27.5403209
Сустрэчная вуліца;40;Встречная улица;53.8789903;27.6749581
Сустрэчная вуліца;58;Встречная улица;53.8789903;27.6749581
Сустрэчная вуліца;56;Встречная улица;53.8789903;27.6749581
Сустрэчная вуліца;55;Встречная улица;53.8789903;27.6749581
Сустрэчная вуліца;21;Встречная улица;53.8789903;27.6749581
Сустрэчны завулак;2;Встречный переулок;53.875426;27.6720745
Сухараўская вуліца;5;Сухаровская улица;53.8869518;27.4336731
Сухараўская вуліца;41;Сухаровская улица;53.8869518;27.4336731
Сухараўская вуліца;38 к1;Сухаровская улица;53.8869518;27.4336731
Сухараўская вуліца;1;Сухаровская улица;53.8869518;27.4336731
Сухараўская вуліца;6;Сухаровская улица;53.8869518;27.4336731
Сухараўская вуліца;26;Сухаровская улица;53.8869518;27.4336731
Сухараўская вуліца;16;Сухаровская улица;53.8869518;27.4336731
Сухараўская вуліца;31;Сухаровская улица;53.8869518;27.4336731
Сухараўская вуліца;62;Сухаровская улица;53.8869518;27.4336731
Сухараўская вуліца;70;Сухаровская улица;53.8869518;27.4336731
Сухараўская вуліца;8;Сухаровская улица;53.8869518;27.4336731
Сухараўская вуліца;46;Сухаровская улица;53.8869518;27.4336731
Сухараўская вуліца;19;Сухаровская улица;53.8869518;27.4336731
Сухараўская вуліца;40;Сухаровская улица;53.8869518;27.4336731
Сухараўская вуліца;7;Сухаровская улица;53.8869518;27.4336731
Сухараўская вуліца;15;Сухаровская улица;53.8869518;27.4336731
Сухараўская вуліца;21 к2;Сухаровская улица;53.8869518;27.4336731
Сухараўская вуліца;21 к1;Сухаровская улица;53.8869518;27.4336731
Сухараўская вуліца;56;Сухаровская улица;53.8869518;27.4336731
Сухараўская вуліца;54;Сухаровская улица;53.8869518;27.4336731
Сухараўская вуліца;52;Сухаровская улица;53.8869518;27.4336731
Сухараўская вуліца;58;Сухаровская улица;53.8869518;27.4336731
Сухараўская вуліца;60;Сухаровская улица;53.8869518;27.4336731
Сухараўская вуліца;39;Сухаровская улица;53.8869518;27.4336731
Сухараўская вуліца;65;Сухаровская улица;53.8869518;27.4336731
Сухараўская вуліца;63;Сухаровская улица;53.8869518;27.4336731
Сухараўская вуліца;50;Сухаровская улица;53.8869518;27.4336731
Сухараўская вуліца;11;Сухаровская улица;53.8869518;27.4336731
Сухая вуліца;6;Сухая улица;53.9047274;27.5403756
Сухая вуліца;28;Сухая улица;53.9047274;27.5403756
Сухая вуліца;4;Сухая улица;53.9047274;27.5403756
Сухая вуліца;1;Сухая улица;53.9047274;27.5403756
Сухая вуліца;8;Сухая улица;53.9047274;27.5403756
Сцяпянская вуліца;24;Степянская улица;53.9128794;27.6792939
Сядзібны завулак;1;Усадебный переулок;53.9649188;27.595125
Сядзібны завулак;9;Усадебный переулок;53.9649188;27.595125
Сядзібны завулак;6;Усадебный переулок;53.9649188;27.595125
Табольскі завулак;15;Тобольский переулок;53.8741534;27.6788125
Табольскі завулак;13;Тобольский переулок;53.8741534;27.6788125
Табольскі завулак;18;Тобольский переулок;53.8741534;27.6788125
Табольскі завулак;2;Тобольский переулок;53.8741534;27.6788125
Табольскі завулак;20;Тобольский переулок;53.8741534;27.6788125
Табольскі завулак;36;Тобольский переулок;53.8741534;27.6788125
Табольскі завулак;49;Тобольский переулок;53.8741534;27.6788125
Таварыскі завулак;16;Товарский переулок;53.903368;27.6231497
Таварыскі завулак;21;Товарский переулок;53.903368;27.6231497
Таварыскі завулак;2А;Товарский переулок;53.903368;27.6231497
Таварыскі завулак;14;Товарский переулок;53.903368;27.6231497
Таварыскі завулак;5;Товарский переулок;53.903368;27.6231497
Таварыскі завулак;7;Товарский переулок;53.903368;27.6231497
Таварыскі завулак;6;Товарский переулок;53.903368;27.6231497
Таварыскі завулак;15;Товарский переулок;53.903368;27.6231497
Таварыскі завулак;3;Товарский переулок;53.903368;27.6231497
Таварыскі завулак;10;Товарский переулок;53.903368;27.6231497
Таварыскі завулак;13;Товарский переулок;53.903368;27.6231497
Таварыскі завулак;8;Товарский переулок;53.903368;27.6231497
Таварыскі завулак;17;Товарский переулок;53.903368;27.6231497
Таварыскі завулак;4;Товарский переулок;53.903368;27.6231497
Таварыскі завулак;1;Товарский переулок;53.903368;27.6231497
Таёжная вуліца;10;Таёжная улица;53.8942294;27.6514613
Таёжная вуліца;14;Таёжная улица;53.8942294;27.6514613
Таёжная вуліца;11;Таёжная улица;53.8942294;27.6514613
Таёжная вуліца;3;Таёжная улица;53.8942294;27.6514613
Таёжная вуліца;7;Таёжная улица;53.8942294;27.6514613
Таёжная вуліца;4;Таёжная улица;53.8942294;27.6514613
Таёжная вуліца;15;Таёжная улица;53.8942294;27.6514613
Тапаліная вуліца;2;Тополиная улица;53.5180891;28.1576064
Тапаліная вуліца;4;Тополиная улица;53.5180891;28.1576064
Тапаліная вуліца;1;Тополиная улица;53.5180891;28.1576064
Тапаліная вуліца;3;Тополиная улица;53.5180891;28.1576064
Тапаліная вуліца;9;Тополиная улица;53.5180891;28.1576064
Тапаліная вуліца;7;Тополиная улица;53.5180891;28.1576064
Тапаліная вуліца;6;Тополиная улица;53.5180891;28.1576064
Тапаліная вуліца;5;Тополиная улица;53.5180891;28.1576064
Тапаліная вуліца;8;Тополиная улица;53.5180891;28.1576064
Тапаліная вуліца;2 к1;Тополиная улица;53.5180891;28.1576064
Тарасаўскі праезд;2;Тарасовский проезд;53.9218006;27.3927085
Тарасаўскі праезд;1;Тарасовский проезд;53.9218006;27.3927085
Тарасаўскі праезд;3;Тарасовский проезд;53.9218006;27.3927085
Татарская вуліца;5;Татарская улица;53.9160993;27.5244217
Татарская вуліца;2;Татарская улица;53.9160993;27.5244217
Ташкенцкая вуліца;40;Ташкентская улица;53.8399523;27.6305777
Ташкенцкая вуліца;28 к1;Ташкентская улица;53.8399523;27.6305777
Ташкенцкая вуліца;16 к1;Ташкентская улица;53.8399523;27.6305777
Ташкенцкая вуліца;6А;Ташкентская улица;53.8399523;27.6305777
Ташкенцкая вуліца;8;Ташкентская улица;53.8399523;27.6305777
Ташкенцкая вуліца;10;Ташкентская улица;53.8399523;27.6305777
Ташкенцкая вуліца;24 к1;Ташкентская улица;53.8399523;27.6305777
Ташкенцкая вуліца;46038;Ташкентская улица;53.8399523;27.6305777
Ташкенцкая вуліца;5;Ташкентская улица;53.8399523;27.6305777
Ташкенцкая вуліца;20А;Ташкентская улица;53.8399523;27.6305777
Ташкенцкая вуліца;33;Ташкентская улица;53.8399523;27.6305777
Томская вуліца;45;Томская улица;53.8734246;27.6812952
Томская вуліца;33;Томская улица;53.8734246;27.6812952
Томская вуліца;36;Томская улица;53.8734246;27.6812952
Томская вуліца;43;Томская улица;53.8734246;27.6812952
Томская вуліца;48;Томская улица;53.8734246;27.6812952
Томская вуліца;31;Томская улица;53.8734246;27.6812952
Томская вуліца;34;Томская улица;53.8734246;27.6812952
Томская вуліца;10;Томская улица;53.8734246;27.6812952
Томская вуліца;11;Томская улица;53.8734246;27.6812952
Томская вуліца;12;Томская улица;53.8734246;27.6812952
Томская вуліца;19;Томская улица;53.8734246;27.6812952
Томская вуліца;20;Томская улица;53.8734246;27.6812952
Томская вуліца;9;Томская улица;53.8734246;27.6812952
Томская вуліца;74;Томская улица;53.8734246;27.6812952
Томскі завулак;34;Томский переулок;53.8709718;27.6804369
Томскі завулак;44;Томский переулок;53.8709718;27.6804369
Томскі завулак;31;Томский переулок;53.8709718;27.6804369
Томскі завулак;27;Томский переулок;53.8709718;27.6804369
Томскі завулак;32;Томский переулок;53.8709718;27.6804369
Томскі завулак;10;Томский переулок;53.8709718;27.6804369
Томскі завулак;11;Томский переулок;53.8709718;27.6804369
Томскі завулак;12;Томский переулок;53.8709718;27.6804369
Томскі завулак;19;Томский переулок;53.8709718;27.6804369
Томскі завулак;20;Томский переулок;53.8709718;27.6804369
Томскі завулак;9;Томский переулок;53.8709718;27.6804369
Томскі завулак;30;Томский переулок;53.8709718;27.6804369
Траецкая набярэжная;6;Троицкая набережная;53.9076192;27.5554559
Траецкая набярэжная;8;Троицкая набережная;53.9076192;27.5554559
Траецкая набярэжная;4;Троицкая набережная;53.9076192;27.5554559
Траецкая набярэжная;2;Троицкая набережная;53.9076192;27.5554559
Трактарная вуліца;1Б;Тракторная улица;53.0178564;27.519376
Трасцянецкая вуліца;27;Тростенецкая улица;53.8840521;27.583416
Трасцянецкая вуліца;3;Тростенецкая улица;53.8840521;27.583416
Трасцянецкая вуліца;22;Тростенецкая улица;53.8840521;27.583416
Трасцянецкая вуліца;10;Тростенецкая улица;53.8840521;27.583416
Трасцянецкая вуліца;5А;Тростенецкая улица;53.8840521;27.583416
Трасцянецкая вуліца;13;Тростенецкая улица;53.8840521;27.583416
Трасцянецкая вуліца;20А;Тростенецкая улица;53.8840521;27.583416
Трасцянецкая вуліца;46361;Тростенецкая улица;53.8840521;27.583416
Трасцянецкая вуліца;20;Тростенецкая улица;53.8840521;27.583416
Трасцянецкая вуліца;12;Тростенецкая улица;53.8840521;27.583416
Тучынскі завулак;2;Тучинский переулок;53.9079895;27.5291966
Тучынскі завулак;36;Тучинский переулок;53.9079895;27.5291966
Тучынскі завулак;2А;Тучинский переулок;53.9079895;27.5291966
Тыражная вуліца;29;Тиражная улица;53.9381572;27.5961257
Тыражная вуліца;36;Тиражная улица;53.9381572;27.5961257
Тыражная вуліца;125;Тиражная улица;53.9381572;27.5961257
Тыражная вуліца;43;Тиражная улица;53.9381572;27.5961257
Тыражная вуліца;56;Тиражная улица;53.9381572;27.5961257
Тыражная вуліца;64;Тиражная улица;53.9381572;27.5961257
Тыражная вуліца;62;Тиражная улица;53.9381572;27.5961257
Тыражная вуліца;54;Тиражная улица;53.9381572;27.5961257
Тыражная вуліца;60;Тиражная улица;53.9381572;27.5961257
Тыражная вуліца;58;Тиражная улица;53.9381572;27.5961257
Тыражная вуліца;150;Тиражная улица;53.9381572;27.5961257
Тыражны праезд;1;Тиражный проезд;53.9415033;27.5708629
Тыражны праезд;2;Тиражный проезд;53.9415033;27.5708629
Украінская вуліца;10;Украинская улица;53.8709249;27.65043
Ульянаўская вуліца;7;Ульяновская улица;53.8939813;27.5611266
Ульянаўская вуліца;41;Ульяновская улица;53.8939813;27.5611266
Ульянаўская вуліца;37;Ульяновская улица;53.8939813;27.5611266
Ульянаўская вуліца;30;Ульяновская улица;53.8939813;27.5611266
Ульянаўская вуліца;3;Ульяновская улица;53.8939813;27.5611266
Ульянаўская вуліца;5;Ульяновская улица;53.8939813;27.5611266
Ульянаўская вуліца;4;Ульяновская улица;53.8939813;27.5611266
Ульянаўская вуліца;32;Ульяновская улица;53.8939813;27.5611266
Ульянаўская вуліца;8;Ульяновская улица;53.8939813;27.5611266
Ульянаўская вуліца;27;Ульяновская улица;53.8939813;27.5611266
Уманская вуліца;54/1;Уманская улица;53.8766553;27.4973466
Уманская вуліца;54;Уманская улица;53.8766553;27.4973466
Уманская вуліца;49;Уманская улица;53.8766553;27.4973466
Уманская вуліца;65;Уманская улица;53.8766553;27.4973466
Уманская вуліца;57;Уманская улица;53.8766553;27.4973466
Уманская вуліца;55;Уманская улица;53.8766553;27.4973466
Уманская вуліца;63;Уманская улица;53.8766553;27.4973466
Уманская вуліца;59;Уманская улица;53.8766553;27.4973466
Уманская вуліца;61;Уманская улица;53.8766553;27.4973466
Уманская вуліца;51;Уманская улица;53.8766553;27.4973466
Уманская вуліца;53;Уманская улица;53.8766553;27.4973466
Уманская вуліца;22;Уманская улица;53.8766553;27.4973466
Уманская вуліца;2;Уманская улица;53.8766553;27.4973466
Уманская вуліца;7;Уманская улица;53.8766553;27.4973466
Уманская вуліца;36;Уманская улица;53.8766553;27.4973466
Уманская вуліца;9;Уманская улица;53.8766553;27.4973466
Уманская вуліца;5;Уманская улица;53.8766553;27.4973466
Уманская вуліца;16;Уманская улица;53.8766553;27.4973466
Уманская вуліца;30;Уманская улица;53.8766553;27.4973466
Уманская вуліца;10;Уманская улица;53.8766553;27.4973466
Уманская вуліца;25;Уманская улица;53.8766553;27.4973466
Уманская вуліца;18;Уманская улица;53.8766553;27.4973466
Уманская вуліца;32;Уманская улица;53.8766553;27.4973466
Уманская вуліца;11;Уманская улица;53.8766553;27.4973466
Уманская вуліца;34;Уманская улица;53.8766553;27.4973466
Уманская вуліца;26;Уманская улица;53.8766553;27.4973466
Уманская вуліца;3;Уманская улица;53.8766553;27.4973466
Уманская вуліца;21;Уманская улица;53.8766553;27.4973466
Уманская вуліца;24;Уманская улица;53.8766553;27.4973466
Уманская вуліца;27;Уманская улица;53.8766553;27.4973466
Уманская вуліца;1;Уманская улица;53.8766553;27.4973466
Уманская вуліца;28;Уманская улица;53.8766553;27.4973466
Уманская вуліца;20;Уманская улица;53.8766553;27.4973466
Уманская вуліца;15;Уманская улица;53.8766553;27.4973466
Уманская вуліца;6;Уманская улица;53.8766553;27.4973466
Універсітэцкая вуліца;2;Университетская улица;53.8333099;27.4672028
Універсітэцкая вуліца;4;Университетская улица;53.8333099;27.4672028
Універсітэцкая вуліца;6;Университетская улица;53.8333099;27.4672028
Універсітэцкая вуліца;8;Университетская улица;53.8333099;27.4672028
Універсітэцкая вуліца;11;Университетская улица;53.8333099;27.4672028
Універсітэцкая вуліца;9;Университетская улица;53.8333099;27.4672028
Універсітэцкая вуліца;7;Университетская улица;53.8333099;27.4672028
Універсітэцкая вуліца;5;Университетская улица;53.8333099;27.4672028
Універсітэцкая вуліца;3;Университетская улица;53.8333099;27.4672028
Універсітэцкая вуліца;1А;Университетская улица;53.8333099;27.4672028
Універсітэцкая вуліца;1;Университетская улица;53.8333099;27.4672028
Ураджайная вуліца;8;Урожайная улица;53.9280772;27.5478818
Ураджайная вуліца;38;Урожайная улица;53.9280772;27.5478818
Ураджайная вуліца;26;Урожайная улица;53.9280772;27.5478818
Ураджайная вуліца;2;Урожайная улица;53.9280772;27.5478818
Ураджайная вуліца;14;Урожайная улица;53.9280772;27.5478818
Ураджайная вуліца;13;Урожайная улица;53.9280772;27.5478818
Ураджайная вуліца;21;Урожайная улица;53.9280772;27.5478818
Ураджайная вуліца;30;Урожайная улица;53.9280772;27.5478818
Ураджайная вуліца;27;Урожайная улица;53.9280772;27.5478818
Ураджайная вуліца;1;Урожайная улица;53.9280772;27.5478818
Ураджайная вуліца;7;Урожайная улица;53.9280772;27.5478818
Ураджайная вуліца;18;Урожайная улица;53.9280772;27.5478818
Уральская вуліца;16;Уральская улица;53.9040147;27.6220132
Уральская вуліца;12;Уральская улица;53.9040147;27.6220132
Уральская вуліца;25;Уральская улица;53.9040147;27.6220132
Уральская вуліца;6;Уральская улица;53.9040147;27.6220132
Уральская вуліца;13;Уральская улица;53.9040147;27.6220132
Уральская вуліца;10;Уральская улица;53.9040147;27.6220132
Уральская вуліца;3А;Уральская улица;53.9040147;27.6220132
Уральская вуліца;6А;Уральская улица;53.9040147;27.6220132
Уральская вуліца;5;Уральская улица;53.9040147;27.6220132
Уральская вуліца;5А;Уральская улица;53.9040147;27.6220132
Уральская вуліца;3Б;Уральская улица;53.9040147;27.6220132
Уральская вуліца;4;Уральская улица;53.9040147;27.6220132
Уральская вуліца;41;Уральская улица;53.9040147;27.6220132
Уральская вуліца;15;Уральская улица;53.9040147;27.6220132
Уральская вуліца;41365;Уральская улица;53.9040147;27.6220132
Уральская вуліца;16А;Уральская улица;53.9040147;27.6220132
Уральская вуліца;42461;Уральская улица;53.9040147;27.6220132
Уральская вуліца;11А;Уральская улица;53.9040147;27.6220132
Уральская вуліца;9А;Уральская улица;53.9040147;27.6220132
Уральская вуліца;43556;Уральская улица;53.9040147;27.6220132
Уральская вуліца;9Б;Уральская улица;53.9040147;27.6220132
Уральская вуліца;46207;Уральская улица;53.9040147;27.6220132
Уральская вуліца;46085;Уральская улица;53.9040147;27.6220132
Уральская вуліца;46361;Уральская улица;53.9040147;27.6220132
Уральская вуліца;9;Уральская улица;53.9040147;27.6220132
Уральская вуліца;46025;Уральская улица;53.9040147;27.6220132
Уральская вуліца;46147;Уральская улица;53.9040147;27.6220132
Уральская вуліца;46331;Уральская улица;53.9040147;27.6220132
Уральская вуліца;46117;Уральская улица;53.9040147;27.6220132
Уральская вуліца;1А;Уральская улица;53.9040147;27.6220132
Уральская вуліца;46239;Уральская улица;53.9040147;27.6220132
Уральская вуліца;46146;Уральская улица;53.9040147;27.6220132
Уральская вуліца;46026;Уральская улица;53.9040147;27.6220132
Уральская вуліца;7;Уральская улица;53.9040147;27.6220132
Уральская вуліца;14А;Уральская улица;53.9040147;27.6220132
Уральская вуліца;10А;Уральская улица;53.9040147;27.6220132
Уральская вуліца;14;Уральская улица;53.9040147;27.6220132
Уральская вуліца;8;Уральская улица;53.9040147;27.6220132
Уральская вуліца;11;Уральская улица;53.9040147;27.6220132
Уральская вуліца;8А;Уральская улица;53.9040147;27.6220132
Уральская вуліца;55;Уральская улица;53.9040147;27.6220132
Уральская вуліца;43;Уральская улица;53.9040147;27.6220132
Уральская вуліца;45;Уральская улица;53.9040147;27.6220132
Уральская вуліца;57А;Уральская улица;53.9040147;27.6220132
Уральская вуліца;47;Уральская улица;53.9040147;27.6220132
Уральская вуліца;49;Уральская улица;53.9040147;27.6220132
Уральская вуліца;51;Уральская улица;53.9040147;27.6220132
Уральская вуліца;53;Уральская улица;53.9040147;27.6220132
Уральская вуліца;66;Уральская улица;53.9040147;27.6220132
Уральская вуліца;72;Уральская улица;53.9040147;27.6220132
Уральская вуліца;60;Уральская улица;53.9040147;27.6220132
Уральская вуліца;54;Уральская улица;53.9040147;27.6220132
Уральская вуліца;56;Уральская улица;53.9040147;27.6220132
Уральская вуліца;62;Уральская улица;53.9040147;27.6220132
Уральская вуліца;58;Уральская улица;53.9040147;27.6220132
Уральская вуліца;50;Уральская улица;53.9040147;27.6220132
Уральская вуліца;68;Уральская улица;53.9040147;27.6220132
Уральская вуліца;70;Уральская улица;53.9040147;27.6220132
Уральская вуліца;64;Уральская улица;53.9040147;27.6220132
Уральская вуліца;52;Уральская улица;53.9040147;27.6220132
Уральская вуліца;27;Уральская улица;53.9040147;27.6220132
Уральская вуліца;28;Уральская улица;53.9040147;27.6220132
Уральская вуліца;40;Уральская улица;53.9040147;27.6220132
Уральская вуліца;35;Уральская улица;53.9040147;27.6220132
Уральская вуліца;46;Уральская улица;53.9040147;27.6220132
Уральская вуліца;31;Уральская улица;53.9040147;27.6220132
Уральская вуліца;39;Уральская улица;53.9040147;27.6220132
Уральская вуліца;34;Уральская улица;53.9040147;27.6220132
Уральская вуліца;44;Уральская улица;53.9040147;27.6220132
Уральская вуліца;38;Уральская улица;53.9040147;27.6220132
Уральская вуліца;7А;Уральская улица;53.9040147;27.6220132
Уральская вуліца;42;Уральская улица;53.9040147;27.6220132
Уральская вуліца;48;Уральская улица;53.9040147;27.6220132
Уральская вуліца;29;Уральская улица;53.9040147;27.6220132
Уральская вуліца;26;Уральская улица;53.9040147;27.6220132
Уральская вуліца;38А;Уральская улица;53.9040147;27.6220132
Уральская вуліца;37;Уральская улица;53.9040147;27.6220132
Уральская вуліца;32;Уральская улица;53.9040147;27.6220132
Уральская вуліца;46208;Уральская улица;53.9040147;27.6220132
Уральская вуліца;5Б;Уральская улица;53.9040147;27.6220132
Уральская вуліца;36;Уральская улица;53.9040147;27.6220132
Уральская вуліца;33;Уральская улица;53.9040147;27.6220132
Уральская вуліца;43191;Уральская улица;53.9040147;27.6220132
Уральская вуліца;30;Уральская улица;53.9040147;27.6220132
Уральская вуліца;42095;Уральская улица;53.9040147;27.6220132
Уральская вуліца;41730;Уральская улица;53.9040147;27.6220132
Уральская вуліца;43922;Уральская улица;53.9040147;27.6220132
Уральская вуліца;46027;Уральская улица;53.9040147;27.6220132
Уральская вуліца;5В;Уральская улица;53.9040147;27.6220132
Уральская вуліца;46058;Уральская улица;53.9040147;27.6220132
Уральская вуліца;3;Уральская улица;53.9040147;27.6220132
Уральская вуліца;46269;Уральская улица;53.9040147;27.6220132
Уральская вуліца;46177;Уральская улица;53.9040147;27.6220132
Уральская вуліца;46116;Уральская улица;53.9040147;27.6220132
Уральская вуліца;46299;Уральская улица;53.9040147;27.6220132
Уральская вуліца;46238;Уральская улица;53.9040147;27.6220132
Уральская вуліца;42826;Уральская улица;53.9040147;27.6220132
Уральская вуліца;46330;Уральская улица;53.9040147;27.6220132
Уральская вуліца;46057;Уральская улица;53.9040147;27.6220132
Уральская вуліца;3В;Уральская улица;53.9040147;27.6220132
Уральскі завулак;9;Уральская аллея;53.8997647;27.6065105
Уральскі завулак;1;Уральская аллея;53.8997647;27.6065105
Уральскі завулак;3;Уральская аллея;53.8997647;27.6065105
Уральскі завулак;15;Уральская аллея;53.8997647;27.6065105
Уральскі завулак;11;Уральская аллея;53.8997647;27.6065105
Уральскі завулак;13;Уральская аллея;53.8997647;27.6065105
Уральскі завулак;5;Уральская аллея;53.8997647;27.6065105
Уральскі завулак;7;Уральская аллея;53.8997647;27.6065105
Уруцкая вуліца;7;Уручская улица;53.9536766;27.6918268
Уруцкая вуліца;11А;Уручская улица;53.9536766;27.6918268
Уруцкая вуліца;8;Уручская улица;53.9536766;27.6918268
Уруцкая вуліца;5А;Уручская улица;53.9536766;27.6918268
Уруцкая вуліца;19;Уручская улица;53.9536766;27.6918268
Уруцкая вуліца;19 пав101Б;Уручская улица;53.9536766;27.6918268
Уруцкая вуліца;18;Уручская улица;53.9536766;27.6918268
Уруцкая вуліца;23/16;Уручская улица;53.9536766;27.6918268
Уруцкая вуліца;21;Уручская улица;53.9536766;27.6918268
Уруцкая вуліца;6Б;Уручская улица;53.9536766;27.6918268
Уруцкая вуліца;12А/42;Уручская улица;53.9536766;27.6918268
Усіхсвяцкая вуліца;1;Всехсвятская улица;53.9439088;27.6556747
Усходні завулак;149;Восточный переулок;53.9421733;27.5979949
Усходняя вуліца;154;Восточная улица;53.9415007;27.600392
Усходняя вуліца;115;Восточная улица;53.9415007;27.600392
Усходняя вуліца;129;Восточная улица;53.9415007;27.600392
Усходняя вуліца;41;Восточная улица;53.9415007;27.600392
Усходняя вуліца;125;Восточная улица;53.9415007;27.600392
Усходняя вуліца;131;Восточная улица;53.9415007;27.600392
Усходняя вуліца;137;Восточная улица;53.9415007;27.600392
Усходняя вуліца;54;Восточная улица;53.9415007;27.600392
Усходняя вуліца;7;Восточная улица;53.9415007;27.600392
Усходняя вуліца;5;Восточная улица;53.9415007;27.600392
Усходняя вуліца;3;Восточная улица;53.9415007;27.600392
Усходняя вуліца;13;Восточная улица;53.9415007;27.600392
Усходняя вуліца;1;Восточная улица;53.9415007;27.600392
Усходняя вуліца;2;Восточная улица;53.9415007;27.600392
Усходняя вуліца;31;Восточная улица;53.9415007;27.600392
Усходняя вуліца;33А;Восточная улица;53.9415007;27.600392
Усходняя вуліца;8;Восточная улица;53.9415007;27.600392
Усходняя вуліца;16;Восточная улица;53.9415007;27.600392
Усходняя вуліца;117;Восточная улица;53.9415007;27.600392
Усходняя вуліца;139;Восточная улица;53.9415007;27.600392
Усходняя вуліца;119;Восточная улица;53.9415007;27.600392
Утульная вуліца;13;Уютная улица;53.8991411;27.4676913
Утульная вуліца;15;Уютная улица;53.8991411;27.4676913
Уфімская вуліца;6;Уфимская улица;53.8852519;27.5483266
Уфімская вуліца;8;Уфимская улица;53.8852519;27.5483266
Фабрычная вуліца;22;Фабричная улица;53.8863406;27.5893097
Фабрычная вуліца;8;Фабричная улица;53.8863406;27.5893097
Фабрычная вуліца;29;Фабричная улица;53.8863406;27.5893097
Фабрычная вуліца;16А;Фабричная улица;53.8863406;27.5893097
Фізкультурная вуліца;29;Физкультурная улица;53.8681279;27.5673759
Фізкультурная вуліца;10;Физкультурная улица;53.8681279;27.5673759
Фізкультурная вуліца;13;Физкультурная улица;53.8681279;27.5673759
Фізкультурная вуліца;17;Физкультурная улица;53.8681279;27.5673759
Фізкультурная вуліца;8;Физкультурная улица;53.8681279;27.5673759
Фрунзенская вуліца;39;Фрунзенская улица;53.9956062;27.6883821
Фрунзенская вуліца;34;Фрунзенская улица;53.9956062;27.6883821
Фрунзенская вуліца;41;Фрунзенская улица;53.9956062;27.6883821
Фрунзенская вуліца;13;Фрунзенская улица;53.9956062;27.6883821
Фрунзенская вуліца;42;Фрунзенская улица;53.9956062;27.6883821
Фрунзенская вуліца;23;Фрунзенская улица;53.9956062;27.6883821
Фрунзенская вуліца;25;Фрунзенская улица;53.9956062;27.6883821
Фрунзенская вуліца;30;Фрунзенская улица;53.9956062;27.6883821
Фрунзенская вуліца;11;Фрунзенская улица;53.9956062;27.6883821
Фрунзенская вуліца;18;Фрунзенская улица;53.9956062;27.6883821
Фрунзенская вуліца;31;Фрунзенская улица;53.9956062;27.6883821
Фрунзенская вуліца;1;Фрунзенская улица;53.9956062;27.6883821
Фрунзенская вуліца;36;Фрунзенская улица;53.9956062;27.6883821
Фрунзенская вуліца;26;Фрунзенская улица;53.9956062;27.6883821
Фрунзенская вуліца;35;Фрунзенская улица;53.9956062;27.6883821
Фрунзенская вуліца;37;Фрунзенская улица;53.9956062;27.6883821
Фрунзенская вуліца;27;Фрунзенская улица;53.9956062;27.6883821
Фрунзенская вуліца;15;Фрунзенская улица;53.9956062;27.6883821
Фрунзенская вуліца;22;Фрунзенская улица;53.9956062;27.6883821
Фрунзенская вуліца;29;Фрунзенская улица;53.9956062;27.6883821
Фрунзенская вуліца;33;Фрунзенская улица;53.9956062;27.6883821
Фрунзенская вуліца;24;Фрунзенская улица;53.9956062;27.6883821
Фрунзенская вуліца;43;Фрунзенская улица;53.9956062;27.6883821
Фрунзенская вуліца;19;Фрунзенская улица;53.9956062;27.6883821
Фрунзенская вуліца;20;Фрунзенская улица;53.9956062;27.6883821
Фрунзенская вуліца;21;Фрунзенская улица;53.9956062;27.6883821
Фрунзенская вуліца;3;Фрунзенская улица;53.9956062;27.6883821
Фрунзенская вуліца;38;Фрунзенская улица;53.9956062;27.6883821
Фрунзенская вуліца;40;Фрунзенская улица;53.9956062;27.6883821
Фрунзенская вуліца;5;Фрунзенская улица;53.9956062;27.6883821
Фрунзенская вуліца;7;Фрунзенская улица;53.9956062;27.6883821
Фрунзенская вуліца;9;Фрунзенская улица;53.9956062;27.6883821
Хабараўская вуліца;1;Хабаровская улица;53.8729034;27.6795993
Хабараўская вуліца;7;Хабаровская улица;53.8729034;27.6795993
Хабараўская вуліца;13;Хабаровская улица;53.8729034;27.6795993
Халмагорская вуліца;41;Холмогорская улица;53.8894003;27.6538981
Халмагорская вуліца;44;Холмогорская улица;53.8894003;27.6538981
Халмагорская вуліца;45;Холмогорская улица;53.8894003;27.6538981
Харкаўская вуліца;81;Харьковская улица;53.8997248;27.5123272
Харкаўская вуліца;72;Харьковская улица;53.8997248;27.5123272
Харкаўская вуліца;86А;Харьковская улица;53.8997248;27.5123272
Харкаўская вуліца;58;Харьковская улица;53.8997248;27.5123272
Харкаўская вуліца;11А;Харьковская улица;53.8997248;27.5123272
Харкаўская вуліца;7;Харьковская улица;53.8997248;27.5123272
Харкаўская вуліца;15;Харьковская улица;53.8997248;27.5123272
Харкаўская вуліца;5;Харьковская улица;53.8997248;27.5123272
Харкаўская вуліца;74;Харьковская улица;53.8997248;27.5123272
Харкаўская вуліца;3А;Харьковская улица;53.8997248;27.5123272
Харкаўская вуліца;8;Харьковская улица;53.8997248;27.5123272
Харкаўская вуліца;1;Харьковская улица;53.8997248;27.5123272
Харкаўская вуліца;17;Харьковская улица;53.8997248;27.5123272
Харкаўская вуліца;67;Харьковская улица;53.8997248;27.5123272
Харкаўская вуліца;71;Харьковская улица;53.8997248;27.5123272
Харкаўская вуліца;69;Харьковская улица;53.8997248;27.5123272
Харкаўская вуліца;88;Харьковская улица;53.8997248;27.5123272
Харкаўская вуліца;23;Харьковская улица;53.8997248;27.5123272
Харкаўская вуліца;84;Харьковская улица;53.8997248;27.5123272
Харкаўская вуліца;86;Харьковская улица;53.8997248;27.5123272
Ціхая вуліца;10Б;Тихая улица;53.9436237;27.4856638
Ціхая вуліца;14;Тихая улица;53.9436237;27.4856638
Ціхая вуліца;28;Тихая улица;53.9436237;27.4856638
Ціхая вуліца;54;Тихая улица;53.9436237;27.4856638
Ціхая вуліца;54А;Тихая улица;53.9436237;27.4856638
Ціхая вуліца;54Б;Тихая улица;53.9436237;27.4856638
Цэнтральная вуліца;6;Центральная улица;53.8722201;27.6534363
Цэнтральная вуліца;13;Центральная улица;53.8722201;27.6534363
Цэнтральная вуліца;11;Центральная улица;53.8722201;27.6534363
Цэнтральная вуліца;15;Центральная улица;53.8722201;27.6534363
Цэнтральная вуліца;12;Центральная улица;53.8722201;27.6534363
Цэнтральная вуліца;19;Центральная улица;53.8722201;27.6534363
Цэнтральная вуліца;1А;Центральная улица;53.8722201;27.6534363
Цэнтральная вуліца;46;Центральная улица;53.8722201;27.6534363
Цэнтральная вуліца;35А;Центральная улица;53.8722201;27.6534363
Цэнтральная вуліца;1;Центральная улица;53.8722201;27.6534363
Цэнтральная вуліца;2А;Центральная улица;53.8722201;27.6534363
Цэнтральная вуліца;25;Центральная улица;53.8722201;27.6534363
Цэнтральная вуліца;16;Центральная улица;53.8722201;27.6534363
Цэнтральная вуліца;11А;Центральная улица;53.8722201;27.6534363
Цэнтральная вуліца;60;Центральная улица;53.8722201;27.6534363
Цэнтральная вуліца;58;Центральная улица;53.8722201;27.6534363
Цэнтральная вуліца;36А;Центральная улица;53.8722201;27.6534363
Цэнтральная вуліца;36;Центральная улица;53.8722201;27.6534363
Цэнтральная вуліца;40;Центральная улица;53.8722201;27.6534363
Цэнтральная вуліца;42;Центральная улица;53.8722201;27.6534363
Цэнтральная вуліца;40А;Центральная улица;53.8722201;27.6534363
Цэнтральная вуліца;18;Центральная улица;53.8722201;27.6534363
Цэнтральная вуліца;20;Центральная улица;53.8722201;27.6534363
Цэнтральная вуліца;22А;Центральная улица;53.8722201;27.6534363
Цэнтральная вуліца;34;Центральная улица;53.8722201;27.6534363
Цэнтральная вуліца;32;Центральная улица;53.8722201;27.6534363
Цэнтральная вуліца;30;Центральная улица;53.8722201;27.6534363
Цэнтральная вуліца;62;Центральная улица;53.8722201;27.6534363
Цэнтральная вуліца;14;Центральная улица;53.8722201;27.6534363
Цэнтральная вуліца;17;Центральная улица;53.8722201;27.6534363
Цэнтральная вуліца;23;Центральная улица;53.8722201;27.6534363
Цэнтральная вуліца;21;Центральная улица;53.8722201;27.6534363
Цэнтральная вуліца;9;Центральная улица;53.8722201;27.6534363
Цэнтральная вуліца;5;Центральная улица;53.8722201;27.6534363
Цэнтральная вуліца;3;Центральная улица;53.8722201;27.6534363
Цэнтральная вуліца;9А-2;Центральная улица;53.8722201;27.6534363
Цэнтральная вуліца;1Б;Центральная улица;53.8722201;27.6534363
Цэнтральная вуліца;1Е;Центральная улица;53.8722201;27.6534363
Цэнтральная вуліца;4;Центральная улица;53.8722201;27.6534363
Цэнтральная вуліца;1Д;Центральная улица;53.8722201;27.6534363
Цэнтральная вуліца;1Г;Центральная улица;53.8722201;27.6534363
Цэнтральная вуліца;1В;Центральная улица;53.8722201;27.6534363
Цэнтральная вуліца;2;Центральная улица;53.8722201;27.6534363
Цэнтральная вуліца;14А;Центральная улица;53.8722201;27.6534363
Цэнтральная вуліца;10;Центральная улица;53.8722201;27.6534363
Цэнтральная вуліца;7;Центральная улица;53.8722201;27.6534363
Цэнтральная вуліца;1Ж;Центральная улица;53.8722201;27.6534363
Цэнтральная вуліца;1И;Центральная улица;53.8722201;27.6534363
Цэнтральная вуліца;36Б;Центральная улица;53.8722201;27.6534363
Цэнтральная вуліца;35;Центральная улица;53.8722201;27.6534363
Цэнтральная вуліца;56;Центральная улица;53.8722201;27.6534363
Цяністая вуліца;33;Тенистая улица;53.9359135;27.7277818
Цяністая вуліца;29;Тенистая улица;53.9359135;27.7277818
Цяністая вуліца;25;Тенистая улица;53.9359135;27.7277818
Цяністая вуліца;22;Тенистая улица;53.9359135;27.7277818
Цяністая вуліца;30/2;Тенистая улица;53.9359135;27.7277818
Цяністая вуліца;32;Тенистая улица;53.9359135;27.7277818
Цяністая вуліца;21;Тенистая улица;53.9359135;27.7277818
Цяністая вуліца;28;Тенистая улица;53.9359135;27.7277818
Цяністая вуліца;30;Тенистая улица;53.9359135;27.7277818
Цяністая вуліца;34;Тенистая улица;53.9359135;27.7277818
Цяністая вуліца;31;Тенистая улица;53.9359135;27.7277818
Цяністая вуліца;26;Тенистая улица;53.9359135;27.7277818
Цяністая вуліца;24;Тенистая улица;53.9359135;27.7277818
Цяністая вуліца;23;Тенистая улица;53.9359135;27.7277818
Цяністая вуліца;27;Тенистая улица;53.9359135;27.7277818
Цяплічны завулак;30;Тепличный переулок;53.9204007;27.6491126
Цяплічны завулак;3;Тепличный переулок;53.9204007;27.6491126
Чарнігаўская вуліца;44;Черниговская улица;53.8607901;27.5305266
Чарнігаўская вуліца;25;Черниговская улица;53.8607901;27.5305266
Чарнігаўская вуліца;21;Черниговская улица;53.8607901;27.5305266
Чарнігаўская вуліца;46А;Черниговская улица;53.8607901;27.5305266
Чарнігаўская вуліца;18;Черниговская улица;53.8607901;27.5305266
Чарнігаўская вуліца;22;Черниговская улица;53.8607901;27.5305266
Чарнігаўская вуліца;10;Черниговская улица;53.8607901;27.5305266
Чарнігаўская вуліца;42;Черниговская улица;53.8607901;27.5305266
Чарнігаўская вуліца;34;Черниговская улица;53.8607901;27.5305266
Чарнігаўская вуліца;30;Черниговская улица;53.8607901;27.5305266
Чарнігаўская вуліца;32;Черниговская улица;53.8607901;27.5305266
Чарнігаўская вуліца;40;Черниговская улица;53.8607901;27.5305266
Чарнігаўская вуліца;38;Черниговская улица;53.8607901;27.5305266
Чарнігаўская вуліца;23;Черниговская улица;53.8607901;27.5305266
Чарнігаўская вуліца;26;Черниговская улица;53.8607901;27.5305266
Чарнігаўская вуліца;36;Черниговская улица;53.8607901;27.5305266
Чарнігаўская вуліца;16;Черниговская улица;53.8607901;27.5305266
Чарнігаўская вуліца;12;Черниговская улица;53.8607901;27.5305266
Чарнігаўская вуліца;14;Черниговская улица;53.8607901;27.5305266
Чарнігаўская вуліца;20;Черниговская улица;53.8607901;27.5305266
Чарнігаўская вуліца;29;Черниговская улица;53.8607901;27.5305266
Чарнігаўская вуліца;27;Черниговская улица;53.8607901;27.5305266
Чарнігаўская вуліца;31;Черниговская улица;53.8607901;27.5305266
Чарнігаўская вуліца;28;Черниговская улица;53.8607901;27.5305266
Чарнігаўская вуліца;8;Черниговская улица;53.8607901;27.5305266
Чарнігаўская вуліца;24;Черниговская улица;53.8607901;27.5305266
Чарнігаўскі завулак;9;Черниговский переулок;53.8618113;27.5307255
Чкалава;302;Чкалова;53.8761941;27.5345188
Чыгуначная вуліца;23;Железнодорожная улица;53.8776487;27.5135775
Чыгуначная вуліца;33;Железнодорожная улица;53.8776487;27.5135775
Чыгуначная вуліца;27 к2;Железнодорожная улица;53.8776487;27.5135775
Чыгуначная вуліца;134;Железнодорожная улица;53.8776487;27.5135775
Чыгуначная вуліца;27 к3;Железнодорожная улица;53.8776487;27.5135775
Чыгуначная вуліца;27;Железнодорожная улица;53.8776487;27.5135775
Чыгуначная вуліца;27В;Железнодорожная улица;53.8776487;27.5135775
Чыгуначная вуліца;25;Железнодорожная улица;53.8776487;27.5135775
Чыгуначная вуліца;138;Железнодорожная улица;53.8776487;27.5135775
Чыгуначная вуліца;31;Железнодорожная улица;53.8776487;27.5135775
Чыгуначная вуліца;5;Железнодорожная улица;53.8776487;27.5135775
Чыгуначная вуліца;18А;Железнодорожная улица;53.8776487;27.5135775
Чыгуначная вуліца;42;Железнодорожная улица;53.8776487;27.5135775
Чыгуначная вуліца;124;Железнодорожная улица;53.8776487;27.5135775
Чыгуначная вуліца;31 к1;Железнодорожная улица;53.8776487;27.5135775
Чыгуначная вуліца;27А;Железнодорожная улица;53.8776487;27.5135775
Чыгуначная вуліца;23 к15;Железнодорожная улица;53.8776487;27.5135775
Чыгуначная вуліца;27Б;Железнодорожная улица;53.8776487;27.5135775
Чыгуначная вуліца;26;Железнодорожная улица;53.8776487;27.5135775
Чыгуначная вуліца;40;Железнодорожная улица;53.8776487;27.5135775
Чыгуначная вуліца;126А;Железнодорожная улица;53.8776487;27.5135775
Чыгуначная вуліца;126Б;Железнодорожная улица;53.8776487;27.5135775
Чыгуначная вуліца;126;Железнодорожная улица;53.8776487;27.5135775
Чыгуначная вуліца;128А;Железнодорожная улица;53.8776487;27.5135775
Чыгуначная вуліца;132;Железнодорожная улица;53.8776487;27.5135775
Чыгуначная вуліца;136 к1;Железнодорожная улица;53.8776487;27.5135775
Чыгуначная вуліца;136 к2;Железнодорожная улица;53.8776487;27.5135775
Чыгуначная вуліца;136 к3;Железнодорожная улица;53.8776487;27.5135775
Чыгуначная вуліца;108;Железнодорожная улица;53.8776487;27.5135775
Чыгуначная вуліца;104;Железнодорожная улица;53.8776487;27.5135775
Чыгуначная вуліца;114;Железнодорожная улица;53.8776487;27.5135775
Чыгуначная вуліца;44;Железнодорожная улица;53.8776487;27.5135775
Чыгуначная вуліца;39;Железнодорожная улица;53.8776487;27.5135775
Чыгуначная вуліца;33А к1;Железнодорожная улица;53.8776487;27.5135775
Чыгуначная вуліца;35;Железнодорожная улица;53.8776487;27.5135775
Чыгуначная вуліца;35 к1;Железнодорожная улица;53.8776487;27.5135775
Чырвонаармейская вуліца;21 к1;Красноармейская улица;53.9008031;27.5657713
Чырвонаармейская вуліца;19;Красноармейская улица;53.9008031;27.5657713
Чырвонаармейская вуліца;36;Красноармейская улица;53.9008031;27.5657713
Чырвонаармейская вуліца;8;Красноармейская улица;53.9008031;27.5657713
Чырвонаармейская вуліца;17;Красноармейская улица;53.9008031;27.5657713
Чырвонаармейская вуліца;37;Красноармейская улица;53.9008031;27.5657713
Чырвонаармейская вуліца;30;Красноармейская улица;53.9008031;27.5657713
Чырвонаармейская вуліца;28;Красноармейская улица;53.9008031;27.5657713
Чырвонаармейская вуліца;5;Красноармейская улица;53.9008031;27.5657713
Чырвонаармейская вуліца;9;Красноармейская улица;53.9008031;27.5657713
Чырвонаармейская вуліца;20А;Красноармейская улица;53.9008031;27.5657713
Чырвонаармейская вуліца;10 к1;Красноармейская улица;53.9008031;27.5657713
Чырвонаармейская вуліца;21А;Красноармейская улица;53.9008031;27.5657713
Чырвонаармейская вуліца;7;Красноармейская улица;53.9008031;27.5657713
Чырвонаармейская вуліца;6;Красноармейская улица;53.9008031;27.5657713
Чырвонаармейская вуліца;4;Красноармейская улица;53.9008031;27.5657713
Чырвонаармейская вуліца;15;Красноармейская улица;53.9008031;27.5657713
Чырвонаармейская вуліца;11;Красноармейская улица;53.9008031;27.5657713
Чырвонаармейская вуліца;32А;Красноармейская улица;53.9008031;27.5657713
Чырвонаармейская вуліца;24;Красноармейская улица;53.9008031;27.5657713
Чырвонаармейская вуліца;26;Красноармейская улица;53.9008031;27.5657713
Чырвонаармейская вуліца;16А;Красноармейская улица;53.9008031;27.5657713
Чырвонаармейская вуліца;22А;Красноармейская улица;53.9008031;27.5657713
Чырвонаармейская вуліца;3;Красноармейская улица;53.9008031;27.5657713
Чырвонаармейская вуліца;32;Красноармейская улица;53.9008031;27.5657713
Чырвонаармейская вуліца;34;Красноармейская улица;53.9008031;27.5657713
Чырвонаармейская вуліца;13;Красноармейская улица;53.9008031;27.5657713
Чырвонаармейская вуліца;34А;Красноармейская улица;53.9008031;27.5657713
Чырвонаармейская вуліца;20;Красноармейская улица;53.9008031;27.5657713
Чырвонаармейская вуліца;22;Красноармейская улица;53.9008031;27.5657713
Чырвонаармейская вуліца;18;Красноармейская улица;53.9008031;27.5657713
Чырвонаармейская вуліца;16;Красноармейская улица;53.9008031;27.5657713
Чырвонаармейская вуліца;24А;Красноармейская улица;53.9008031;27.5657713
Чырвонаармейская вуліца;12;Красноармейская улица;53.9008031;27.5657713
Чырвонаармейская вуліца;10;Красноармейская улица;53.9008031;27.5657713
Чырвоназоркавая вуліца;18;Краснозвёздная улица;53.9113633;27.5822738
Чырвоназоркавая вуліца;5;Краснозвёздная улица;53.9113633;27.5822738
Чырвоназоркавая вуліца;4;Краснозвёздная улица;53.9113633;27.5822738
Чырвоназоркавая вуліца;20;Краснозвёздная улица;53.9113633;27.5822738
Чырвоназоркавая вуліца;13;Краснозвёздная улица;53.9113633;27.5822738
Чырвоназоркавы завулак;12;Краснозвёзный переулок;53.9116443;27.5864561
Чырвоназоркавы завулак;12А;Краснозвёзный переулок;53.9116443;27.5864561
Чырвоная вуліца;14;Красная улица;53.9129646;27.5726164
Чырвоная вуліца;22;Красная улица;53.9129646;27.5726164
Чырвоная вуліца;21А;Красная улица;53.9129646;27.5726164
Чырвоная вуліца;13;Красная улица;53.9129646;27.5726164
Чырвоная вуліца;8;Красная улица;53.9129646;27.5726164
Чырвоная вуліца;7;Красная улица;53.9129646;27.5726164
Чырвоная вуліца;6;Красная улица;53.9129646;27.5726164
Чырвоная вуліца;5;Красная улица;53.9129646;27.5726164
Чырвоная вуліца;1;Красная улица;53.9129646;27.5726164
Чырвоная вуліца;11;Красная улица;53.9129646;27.5726164
Чырвоная вуліца;23;Красная улица;53.9129646;27.5726164
Чырвоная вуліца;10;Красная улица;53.9129646;27.5726164
Чырвоная вуліца;15;Красная улица;53.9129646;27.5726164
Чырвоная вуліца;46935;Красная улица;53.9129646;27.5726164
Чырвоная вуліца;3;Красная улица;53.9129646;27.5726164
Чырвоная вуліца;7 к25;Красная улица;53.9129646;27.5726164
Чырвоная вуліца;19А;Красная улица;53.9129646;27.5726164
Чырвоная вуліца;17;Красная улица;53.9129646;27.5726164
Чырвоная вуліца;7А;Красная улица;53.9129646;27.5726164
Чырвоная вуліца;21;Красная улица;53.9129646;27.5726164
Чырвоная вуліца;9А;Красная улица;53.9129646;27.5726164
Чырвоная вуліца;12;Красная улица;53.9129646;27.5726164
Чырвоная вуліца;4;Красная улица;53.9129646;27.5726164
Чыстая вуліца;22;Чистая улица;54.3128815;26.8471058
Чыстая вуліца;19;Чистая улица;54.3128815;26.8471058
Чыстая вуліца;24;Чистая улица;54.3128815;26.8471058
Чыстая вуліца;15;Чистая улица;54.3128815;26.8471058
Чыстая вуліца;17;Чистая улица;54.3128815;26.8471058
Чыстая вуліца;11;Чистая улица;54.3128815;26.8471058
Чыстая вуліца;39;Чистая улица;54.3128815;26.8471058
Чыстая вуліца;31;Чистая улица;54.3128815;26.8471058
Чыстая вуліца;33;Чистая улица;54.3128815;26.8471058
Шафарнянская вуліца;11;Шафарнянская улица;53.947934;27.6799328
Шафарнянская вуліца;18;Шафарнянская улица;53.947934;27.6799328
Шафарнянская вуліца;3;Шафарнянская улица;53.947934;27.6799328
Шафарнянская вуліца;11 оф316;Шафарнянская улица;53.947934;27.6799328
Шафарнянская вуліца;14;Шафарнянская улица;53.947934;27.6799328
Шафарнянская вуліца;1;Шафарнянская улица;53.947934;27.6799328
Шафарнянская вуліца;5;Шафарнянская улица;53.947934;27.6799328
Шкляны завулак;3А;Стекольный переулок;53.8892545;27.5346941
Шкляны завулак;5;Стекольный переулок;53.8892545;27.5346941
Шкляны завулак;1;Стекольный переулок;53.8892545;27.5346941
Школьная вуліца;1;Школьная улица;53.8785049;27.4377643
Школьная вуліца;3;Школьная улица;53.8785049;27.4377643
Школьная вуліца;5;Школьная улица;53.8785049;27.4377643
Школьная вуліца;7;Школьная улица;53.8785049;27.4377643
Школьная вуліца;9;Школьная улица;53.8785049;27.4377643
Школьная вуліца;6;Школьная улица;53.8785049;27.4377643
Школьная вуліца;8;Школьная улица;53.8785049;27.4377643
Школьная вуліца;37;Школьная улица;53.8785049;27.4377643
Школьная вуліца;58;Школьная улица;53.8785049;27.4377643
Школьная вуліца;45;Школьная улица;53.8785049;27.4377643
Школьная вуліца;33;Школьная улица;53.8785049;27.4377643
Школьная вуліца;52;Школьная улица;53.8785049;27.4377643
Школьная вуліца;60;Школьная улица;53.8785049;27.4377643
Школьная вуліца;19;Школьная улица;53.8785049;27.4377643
Школьная вуліца;54;Школьная улица;53.8785049;27.4377643
Школьная вуліца;62;Школьная улица;53.8785049;27.4377643
Школьная вуліца;35;Школьная улица;53.8785049;27.4377643
Школьная вуліца;50;Школьная улица;53.8785049;27.4377643
Школьная вуліца;52А;Школьная улица;53.8785049;27.4377643
Школьная вуліца;56;Школьная улица;53.8785049;27.4377643
Школьная вуліца;21А;Школьная улица;53.8785049;27.4377643
Школьная вуліца;39;Школьная улица;53.8785049;27.4377643
Школьная вуліца;43;Школьная улица;53.8785049;27.4377643
Школьная вуліца;21;Школьная улица;53.8785049;27.4377643
Школьная вуліца;31А;Школьная улица;53.8785049;27.4377643
Школьная вуліца;41;Школьная улица;53.8785049;27.4377643
Школьная вуліца;11;Школьная улица;53.8785049;27.4377643
Школьная вуліца;30;Школьная улица;53.8785049;27.4377643
Школьная вуліца;10;Школьная улица;53.8785049;27.4377643
Школьная вуліца;15;Школьная улица;53.8785049;27.4377643
Школьная вуліца;32;Школьная улица;53.8785049;27.4377643
Школьная вуліца;14;Школьная улица;53.8785049;27.4377643
Школьная вуліца;22;Школьная улица;53.8785049;27.4377643
Школьная вуліца;12;Школьная улица;53.8785049;27.4377643
Школьная вуліца;28;Школьная улица;53.8785049;27.4377643
Школьная вуліца;13;Школьная улица;53.8785049;27.4377643
Школьная вуліца;34;Школьная улица;53.8785049;27.4377643
Школьная вуліца;17;Школьная улица;53.8785049;27.4377643
Школьная вуліца;16;Школьная улица;53.8785049;27.4377643
Школьная вуліца;4;Школьная улица;53.8785049;27.4377643
Школьная вуліца;18;Школьная улица;53.8785049;27.4377643
Школьная вуліца;48;Школьная улица;53.8785049;27.4377643
Школьны завулак;9;Школьный переулок;53.8803181;27.5326378
Школьны завулак;1А;Школьный переулок;53.8803181;27.5326378
Школьны завулак;15;Школьный переулок;53.8803181;27.5326378
Школьны завулак;15 к1;Школьный переулок;53.8803181;27.5326378
Шорная вуліца;20;Шорная улица;53.8998413;27.5414352
Шорная вуліца;17;Шорная улица;53.8998413;27.5414352
Шпалерная вуліца;12;Обойная улица;53.9062794;27.5455726
Шпалерная вуліца;14;Обойная улица;53.9062794;27.5455726
Шпалерная вуліца;13;Обойная улица;53.9062794;27.5455726
Шпалерная вуліца;6А;Обойная улица;53.9062794;27.5455726
Шпалерны завулак;12;Обойный переулок;53.9073355;27.5450154
Шпалерны завулак;6;Обойный переулок;53.9073355;27.5450154
Шпалерны завулак;8;Обойный переулок;53.9073355;27.5450154
Шпалерны завулак;4;Обойный переулок;53.9073355;27.5450154
Шырокая вуліца;16А;Широкая улица;53.9489033;27.588895
Шырокая вуліца;39;Широкая улица;53.9489033;27.588895
Шырокая вуліца;40Б;Широкая улица;53.9489033;27.588895
Шырокая вуліца;37А;Широкая улица;53.9489033;27.588895
Шырокая вуліца;37;Широкая улица;53.9489033;27.588895
Шырокая вуліца;19;Широкая улица;53.9489033;27.588895
Шырокая вуліца;17;Широкая улица;53.9489033;27.588895
Шырокая вуліца;24;Широкая улица;53.9489033;27.588895
Шырокая вуліца;23;Широкая улица;53.9489033;27.588895
Шырокая вуліца;21;Широкая улица;53.9489033;27.588895
Шырокая вуліца;10;Широкая улица;53.9489033;27.588895
Шырокая вуліца;48;Широкая улица;53.9489033;27.588895
Шырокая вуліца;36А;Широкая улица;53.9489033;27.588895
Шырокая вуліца;40А;Широкая улица;53.9489033;27.588895
Шырокая вуліца;38;Широкая улица;53.9489033;27.588895
Шырокая вуліца;50;Широкая улица;53.9489033;27.588895
Шырокая вуліца;11;Широкая улица;53.9489033;27.588895
Шырокая вуліца;34А;Широкая улица;53.9489033;27.588895
Шырокая вуліца;38А;Широкая улица;53.9489033;27.588895
Шырокая вуліца;16;Широкая улица;53.9489033;27.588895
Шырокая вуліца;30;Широкая улица;53.9489033;27.588895
Шырокая вуліца;46;Широкая улица;53.9489033;27.588895
Шырокая вуліца;36;Широкая улица;53.9489033;27.588895
Шырокая вуліца;34;Широкая улица;53.9489033;27.588895
Шырокая вуліца;1;Широкая улица;53.9489033;27.588895
Шырокая вуліца;7;Широкая улица;53.9489033;27.588895
Шырокая вуліца;36Б;Широкая улица;53.9489033;27.588895
Шырокая вуліца;40;Широкая улица;53.9489033;27.588895
Шырокая вуліца;34В;Широкая улица;53.9489033;27.588895
Шырокая вуліца;44;Широкая улица;53.9489033;27.588895
Шырокая вуліца;44А;Широкая улица;53.9489033;27.588895
Шырокая вуліца;3;Широкая улица;53.9489033;27.588895
Шырокая вуліца;36А/1;Широкая улица;53.9489033;27.588895
Шырокая вуліца;45;Широкая улица;53.9489033;27.588895
Экскаватарная вуліца;1;Экскаваторная улица;53.9381834;27.5875495
Экскаватарная вуліца;7А;Экскаваторная улица;53.9381834;27.5875495
Экскаватарная вуліца;7;Экскаваторная улица;53.9381834;27.5875495
Экскаватарная вуліца;11;Экскаваторная улица;53.9381834;27.5875495
Экскаватарная вуліца;5;Экскаваторная улица;53.9381834;27.5875495
Экскаватарная вуліца;3;Экскаваторная улица;53.9381834;27.5875495
Экскаватарная вуліца;9;Экскаваторная улица;53.9381834;27.5875495
Экскаватарная вуліца;10;Экскаваторная улица;53.9381834;27.5875495
Экскаватарная вуліца;18;Экскаваторная улица;53.9381834;27.5875495
Экскаватарная вуліца;2;Экскаваторная улица;53.9381834;27.5875495
Экскаватарная вуліца;8;Экскаваторная улица;53.9381834;27.5875495
Экскаватарная вуліца;6;Экскаваторная улица;53.9381834;27.5875495
Экскаватарная вуліца;4;Экскаваторная улица;53.9381834;27.5875495
Экскаватарны завулак;17;Экскаваторный переулок;53.941149;27.5876205
Экскаватарны завулак;13;Экскаваторный переулок;53.941149;27.5876205
Экскаватарны завулак;15;Экскаваторный переулок;53.941149;27.5876205
Экскаватарны завулак;12;Экскаваторный переулок;53.941149;27.5876205
Экскаватарны завулак;14;Экскаваторный переулок;53.941149;27.5876205
Экскаватарны завулак;11;Экскаваторный переулок;53.941149;27.5876205
Энергетычны праезд;4;Энергетический проход;53.8670767;27.6258547
Энергетычны праезд;11;Энергетический проход;53.8670767;27.6258547
Энергетычны праезд;5;Энергетический проход;53.8670767;27.6258547
Энергетычны праезд;7;Энергетический проход;53.8670767;27.6258547
Энергетычны праезд;1;Энергетический проход;53.8670767;27.6258547
Энергетычны праезд;3;Энергетический проход;53.8670767;27.6258547
Энергетычны праезд;9;Энергетический проход;53.8670767;27.6258547
Юнацкая вуліца;18;Молодежная улица;53.8616002;27.6279389
Юнацкая вуліца;16;Молодежная улица;53.8616002;27.6279389
Юрава-Завальная вуліца;3;Юрово-Завальная улица;53.9037804;27.5464627
Яблыневая вуліца;3;Яблоневая улица;53.9188589;27.6863603
Яблыневая вуліца;1;Яблоневая улица;53.9188589;27.6863603
Язмінавая вуліца;3Б;Жасминовая улица;53.9237569;27.6498684
Язмінавая вуліца;3Г;Жасминовая улица;53.9237569;27.6498684
Язмінавая вуліца;65;Жасминовая улица;53.9237569;27.6498684
Язмінавая вуліца;3В;Жасминовая улица;53.9237569;27.6498684
Язмінавая вуліца;2Б;Жасминовая улица;53.9237569;27.6498684
Язмінавая вуліца;2В;Жасминовая улица;53.9237569;27.6498684
Язмінавая вуліца;2А;Жасминовая улица;53.9237569;27.6498684
Язмінавая вуліца;2Д;Жасминовая улица;53.9237569;27.6498684
Язмінавая вуліца;2Г;Жасминовая улица;53.9237569;27.6498684
Язмінавая вуліца;3А;Жасминовая улица;53.9237569;27.6498684
Язмінавая вуліца;3Д;Жасминовая улица;53.9237569;27.6498684
Ясная вуліца;28;Ясная улица;53.9177744;27.6750749
Ясная вуліца;2А;Ясная улица;53.9177744;27.6750749
Ясная вуліца;19;Ясная улица;53.9177744;27.6750749
Ясная вуліца;8;Ясная улица;53.9177744;27.6750749
Ясная вуліца;23;Ясная улица;53.9177744;27.6750749
Ясная вуліца;12;Ясная улица;53.9177744;27.6750749
Ясная вуліца;14;Ясная улица;53.9177744;27.6750749
Ясная вуліца;5;Ясная улица;53.9177744;27.6750749
Ясная вуліца;27;Ясная улица;53.9177744;27.6750749
Ясная вуліца;11;Ясная улица;53.9177744;27.6750749
Ясная вуліца;17;Ясная улица;53.9177744;27.6750749
;3;Михаила Савицкого;;
